09-27 11:56:50.173   715   715 I NVRAM   : MD1 set status: vendor.mtk.md1.status=init 
09-27 11:56:50.175   715   715 I NVRAM   : MD0 set status: mtk.md0.status=init 
09-27 11:56:50.183   715   715 I NVRAM   : MD1 set status: vendor.mtk.md1.status=reset 
09-27 11:56:50.184   715   715 I NVRAM   : MD1 set status: mtk.md1.status=reset 
09-27 11:56:50.698   715   715 I NVRAM   : MD1 set status: vendor.mtk.md1.status=bootup 
09-27 11:56:50.700   715   715 I NVRAM   : MD1 set status: mtk.md1.status=bootup 
09-27 11:56:51.869   715   715 I NVRAM   : MD1 set status: vendor.mtk.md1.status=ready 
09-27 11:56:51.870   715   715 I NVRAM   : MD1 set status: mtk.md1.status=ready 
09-27 11:56:51.928   894   894 I chatty  : uid=0(root) /vendor/bin/gsm0710muxd expire 31 lines
09-27 11:56:54.392   894  1184 I chatty  : uid=0(root) /vendor/bin/gsm0710muxd expire 1 line
09-27 11:56:54.397   894   894 I chatty  : uid=1001(radio) /vendor/bin/gsm0710muxd expire 1 line
09-27 11:56:54.512  1199  1199 I chatty  : uid=0(root) /vendor/bin/mtkrild expire 7 lines
09-27 11:56:54.514  1199  1214 I chatty  : uid=0(root) /vendor/bin/mtkrild expire 82 lines
09-27 11:56:54.514  1199  1216 I chatty  : uid=0(root) /vendor/bin/mtkrild expire 6 lines
09-27 11:56:54.515  1199  1215 I chatty  : uid=0(root) /vendor/bin/mtkrild expire 6 lines
09-27 11:56:54.565  1199  1236 I chatty  : uid=0(root) /vendor/bin/mtkrild expire 5 lines
09-27 11:56:54.566  1199  1240 I chatty  : uid=0(root) /vendor/bin/mtkrild expire 281 lines
09-27 11:56:54.567  1199  1239 I chatty  : uid=0(root) /vendor/bin/mtkrild expire 5 lines
09-27 11:56:54.567  1199  1238 I chatty  : uid=0(root) /vendor/bin/mtkrild expire 41 lines
09-27 11:56:54.568  1199  1237 I chatty  : uid=0(root) /vendor/bin/mtkrild expire 189 lines
09-27 11:56:54.568  1199  1241 I chatty  : uid=0(root) /vendor/bin/mtkrild expire 55 lines
09-27 11:56:54.568  1199  1242 I chatty  : uid=0(root) /vendor/bin/mtkrild expire 5 lines
09-27 11:56:54.568  1199  1244 I chatty  : uid=0(root) /vendor/bin/mtkrild expire 39 lines
09-27 11:56:54.568  1199  1243 I chatty  : uid=0(root) /vendor/bin/mtkrild expire 113 lines
09-27 11:56:54.568  1199  1245 I chatty  : uid=0(root) /vendor/bin/mtkrild expire 11 lines
09-27 11:56:54.568  1199  1246 I chatty  : uid=0(root) /vendor/bin/mtkrild expire 11 lines
09-27 11:56:54.568  1199  1247 I chatty  : uid=0(root) /vendor/bin/mtkrild expire 3 lines
09-27 11:56:54.569  1199  1248 I chatty  : uid=0(root) /vendor/bin/mtkrild expire 1 line
09-27 11:56:54.648  1199  1201 I chatty  : uid=0(root) /vendor/bin/mtkrild expire 121 lines
09-27 11:56:54.652  1199  1207 I chatty  : uid=0(root) /vendor/bin/mtkrild expire 86 lines
09-27 11:56:55.412  1199  1204 I chatty  : uid=0(root) /vendor/bin/mtkrild expire 1285 lines
09-27 11:56:55.470   987   987 I chatty  : uid=0(root) main expire 2 lines
09-27 11:56:55.823  1199  1210 I chatty  : uid=0(root) /vendor/bin/mtkrild expire 22 lines
09-27 11:56:56.025  1310  1310 I chatty  : uid=1001(radio) /vendor/bin/hw/rilproxy expire 96 lines
09-27 11:56:56.093  1310  1327 I chatty  : uid=1001(radio) /vendor/bin/hw/rilproxy expire 27 lines
09-27 11:56:56.095  1199  1213 I chatty  : uid=0(root) /vendor/bin/mtkrild expire 44 lines
09-27 11:56:56.096  1310  1329 I chatty  : uid=1001(radio) Ril Proxy Main expire 404 lines
09-27 11:56:56.101  1310  1333 I chatty  : uid=1001(radio) /vendor/bin/hw/rilproxy expire 1 line
09-27 11:56:56.105  1310  1335 I chatty  : uid=1001(radio) /vendor/bin/hw/rilproxy expire 1 line
09-27 11:56:56.105  1310  1336 I chatty  : uid=1001(radio) /vendor/bin/hw/rilproxy expire 1 line
09-27 11:56:56.107  1310  1338 I chatty  : uid=1001(radio) /vendor/bin/hw/rilproxy expire 1 line
09-27 11:56:56.110  1310  1339 I chatty  : uid=1001(radio) Ril Proxy Main expire 6 lines
09-27 11:56:56.125  1310  1341 I chatty  : uid=1001(radio) Ril Proxy Main expire 6 lines
09-27 11:56:56.132  1310  1346 I chatty  : uid=1001(radio) RpSmsThread expire 1 line
09-27 11:56:56.152  1310  1349 I chatty  : uid=1001(radio) /vendor/bin/hw/rilproxy expire 1 line
09-27 11:56:56.153  1199  1352 I chatty  : uid=0(root) /vendor/bin/mtkrild expire 1 line
09-27 11:56:56.153  1310  1351 I chatty  : uid=1001(radio) /vendor/bin/hw/rilproxy expire 1 line
09-27 11:56:56.154  1199  1350 I chatty  : uid=0(root) /vendor/bin/mtkrild expire 1 line
09-27 11:56:56.284  1199  1205 I chatty  : uid=0(root) /vendor/bin/mtkrild expire 76 lines
09-27 11:57:00.627   988   988 I chatty  : uid=0(root) main expire 2 lines
09-27 11:57:00.671  1371  1371 E TelephonyManager: IMSI error: Subscriber Info is null
09-27 11:57:02.484  1371  1632 D TelephonyRegistry: listen oscl: mHasNotifySubscriptionInfoChangedOccurred==false no callback
09-27 11:57:02.530  1371  1478 D TelephonyRegistry: listen oscl: mHasNotifySubscriptionInfoChangedOccurred==false no callback
09-27 11:57:02.552  1371  1371 D TelephonyRegistry: listen oscl: mHasNotifySubscriptionInfoChangedOccurred==false no callback
09-27 11:57:02.600  1371  1371 D TelephonyRegistry: systemRunning register for intents
09-27 11:57:03.373  1800  1800 I chatty  : uid=1001(radio) com.android.phone expire 1390 lines
09-27 11:57:03.463  1800  1909 I chatty  : uid=1001(radio) HwBinder:1800_1 expire 374 lines
09-27 11:57:03.647  1800  1969 I chatty  : uid=1001(radio) GsmInboundSmsHa expire 6 lines
09-27 11:57:03.652  1543  1543 W CarrierConfigManager: Error getting config for subId 1 ICarrierConfigLoader is null
09-27 11:57:03.660  1800  1973 I chatty  : uid=1001(radio) CdmaInboundSmsH expire 6 lines
09-27 11:57:03.686  1371  1390 D TelephonyRegistry: listen oscl: mHasNotifySubscriptionInfoChangedOccurred==false no callback
09-27 11:57:03.690  1371  1390 D TelephonyRegistry: listen oscl: mHasNotifySubscriptionInfoChangedOccurred==false no callback
09-27 11:57:03.695  1800  1834 I chatty  : uid=1001(radio) Binder:1800_3 expire 38 lines
09-27 11:57:03.701  1199  1202 I chatty  : uid=0(root) /vendor/bin/mtkrild expire 145 lines
09-27 11:57:03.705  1371  1889 D TelephonyRegistry: listen oscl: mHasNotifySubscriptionInfoChangedOccurred==false no callback
09-27 11:57:03.710  1371  1391 D TelephonyRegistry: listen oscl: mHasNotifySubscriptionInfoChangedOccurred==false no callback
09-27 11:57:03.727  1371  1912 D TelephonyRegistry: listen oscl: mHasNotifySubscriptionInfoChangedOccurred==false no callback
09-27 11:57:03.759  1800  1827 I chatty  : uid=1001(radio) Binder:1800_2 expire 5 lines
09-27 11:57:03.831  1371  1371 D TelephonyRegistry: notifyCellLocationForSubscriber: subId=0 cellLocation=Bundle[{cid=-1, lac=-1, psc=-1}]
09-27 11:57:03.831  1371  1371 D TelephonyRegistry: notifyCellLocationForSubscriber: subId=1 cellLocation=Bundle[{cid=-1, lac=-1, psc=-1}]
09-27 11:57:03.880  1800  2009 I chatty  : uid=1001(radio) GsmInboundSmsHa expire 6 lines
09-27 11:57:03.893  1800  2012 I chatty  : uid=1001(radio) CdmaInboundSmsH expire 6 lines
09-27 11:57:03.915  1371  1912 D TelephonyRegistry: listen oscl: mHasNotifySubscriptionInfoChangedOccurred==false no callback
09-27 11:57:03.933  1199  1208 I chatty  : uid=0(root) /vendor/bin/mtkrild expire 155 lines
09-27 11:57:03.936  1371  1912 D TelephonyRegistry: listen oscl: mHasNotifySubscriptionInfoChangedOccurred==false no callback
09-27 11:57:03.946  1371  1912 D TelephonyRegistry: listen oscl: mHasNotifySubscriptionInfoChangedOccurred==false no callback
09-27 11:57:03.964  1371  1391 D TelephonyRegistry: listen oscl: mHasNotifySubscriptionInfoChangedOccurred==false no callback
09-27 11:57:04.039  1371  1391 D TelephonyRegistry: listen oscl: mHasNotifySubscriptionInfoChangedOccurred==false no callback
09-27 11:57:04.154  1371  1391 D TelephonyRegistry: listen oscl: mHasNotifySubscriptionInfoChangedOccurred==false no callback
09-27 11:57:04.159  1371  1391 D TelephonyRegistry: listen oscl: mHasNotifySubscriptionInfoChangedOccurred==false no callback
09-27 11:57:04.215  1371  1519 D TelephonyRegistry: listen oscl: mHasNotifySubscriptionInfoChangedOccurred==false no callback
09-27 11:57:04.227  1371  1912 D TelephonyRegistry: listen oscl: mHasNotifySubscriptionInfoChangedOccurred==false no callback
09-27 11:57:04.345  1371  1938 D TelephonyRegistry: onDataConnectionStateChanged(DISCONNECTED, UNKNOWN) subId=-1, phoneId=0
09-27 11:57:04.497  1371  1519 D TelephonyRegistry: onDataConnectionStateChanged(DISCONNECTED, UNKNOWN) subId=-1, phoneId=1
09-27 11:57:04.542  1199  1211 I chatty  : uid=0(root) /vendor/bin/mtkrild expire 13 lines
09-27 11:57:04.626  1371  1519 D TelephonyRegistry: notifySubscriptionInfoChanged: first invocation mRecords.size=29
09-27 11:57:04.631  1199  1240 I chatty  : uid=0(root) /vendor/bin/mtkrild expire 595 lines
09-27 11:57:04.633  1371  1950 D TelephonyRegistry: notifyServiceStateForSubscriber: INVALID phoneId=0 or subId=-1
09-27 11:57:04.636  1371  1950 E PHONE   : ServiceState.getRadioTechnology() DEPRECATED will be removed *******
09-27 11:57:04.656  1199  1238 I chatty  : uid=0(root) /vendor/bin/mtkrild expire 84 lines
09-27 11:57:04.660  1199  1203 I chatty  : uid=0(root) /vendor/bin/mtkrild expire 8 lines
09-27 11:57:04.696  1371  1632 D TelephonyRegistry: notifyServiceStateForSubscriber: INVALID phoneId=1 or subId=-1
09-27 11:57:04.700  1371  1632 E PHONE   : ServiceState.getRadioTechnology() DEPRECATED will be removed *******
09-27 11:57:04.712  1199  1237 I chatty  : uid=0(root) /vendor/bin/mtkrild expire 27 lines
09-27 11:57:04.713  1199  1209 I chatty  : uid=0(root) /vendor/bin/mtkrild expire 15 lines
09-27 11:57:04.714  1199  1244 I chatty  : uid=0(root) /vendor/bin/mtkrild expire 84 lines
09-27 11:57:04.716  1199  1241 I chatty  : uid=0(root) /vendor/bin/mtkrild expire 15 lines
09-27 11:57:04.879  1800  2079 I chatty  : uid=1001(radio) DataService expire 14 lines
09-27 11:57:04.898  1371  1950 D TelephonyRegistry: notifyServiceStateForSubscriber: INVALID phoneId=0 or subId=-1
09-27 11:57:04.900  1371  1950 E PHONE   : ServiceState.getRadioTechnology() DEPRECATED will be removed *******
09-27 11:57:04.950  1371  1950 D TelephonyRegistry: notifyServiceStateForSubscriber: INVALID phoneId=1 or subId=-1
09-27 11:57:04.952  1371  1950 E PHONE   : ServiceState.getRadioTechnology() DEPRECATED will be removed *******
09-27 11:57:04.997  1800  2076 I chatty  : uid=1001(radio) NetworkService expire 24 lines
09-27 11:57:05.019  1800  2114 I chatty  : uid=1001(radio) Binder:1800_9 expire 21 lines
09-27 11:57:05.020  1800  2107 I chatty  : uid=1001(radio) CellularNetwork expire 12 lines
09-27 11:57:05.027  1800  1979 I chatty  : uid=1001(radio) DcHandlerThread expire 1 line
09-27 11:57:05.027  1800  2022 I chatty  : uid=1001(radio) DcHandlerThread expire 1 line
09-27 11:57:05.212  1371  1938 D TelephonyRegistry: notifyServiceStateForSubscriber: INVALID phoneId=0 or subId=-1
09-27 11:57:05.216  1371  1938 E PHONE   : ServiceState.getRadioTechnology() DEPRECATED will be removed *******
09-27 11:57:05.225  1800  2077 I chatty  : uid=1001(radio) RilMessageDecod expire 2 lines
09-27 11:57:05.286  1800  2108 I chatty  : uid=1001(radio) CellularNetwork expire 6 lines
09-27 11:57:05.351  1371  1912 D TelephonyRegistry: notifyServiceStateForSubscriber: INVALID phoneId=1 or subId=-1
09-27 11:57:05.353  1371  1912 E PHONE   : ServiceState.getRadioTechnology() DEPRECATED will be removed *******
09-27 11:57:05.440  1800  2046 I chatty  : uid=1001(radio) Binder:1800_4 expire 1 line
09-27 11:57:05.447  1800  2156 I chatty  : uid=1001(radio) Stk App Service expire 23 lines
09-27 11:57:05.694  1800  1826 I chatty  : uid=1001(radio) Binder:1800_1 expire 4 lines
09-27 11:57:05.777  1800  2080 I chatty  : uid=1001(radio) Binder:1800_6 expire 1 line
09-27 11:57:05.838  1800  2113 I chatty  : uid=1001(radio) Binder:1800_8 expire 2 lines
09-27 11:57:05.893  1800  2157 I chatty  : uid=1001(radio) Binder:1800_A expire 1 line
09-27 11:57:06.033  1800  2112 I chatty  : uid=1001(radio) CellularDataSer expire 4 lines
09-27 11:57:06.092  1371  1391 E PHONE   : ServiceState.getRadioTechnology() DEPRECATED will be removed *******
09-27 11:57:06.211  1310  1310 I chatty  : uid=1001(radio) /vendor/bin/hw/rilproxy expire 1 line
09-27 11:57:06.224  1199  1243 I chatty  : uid=0(root) /vendor/bin/mtkrild expire 14 lines
09-27 11:57:06.285  1199  1204 I chatty  : uid=0(root) /vendor/bin/mtkrild expire 1146 lines
09-27 11:57:06.527  1800  2158 I chatty  : uid=1001(radio) Binder:1800_B expire 1 line
09-27 11:57:06.642  1800  1968 I chatty  : uid=1001(radio) GsmCellBroadcas expire 1 line
09-27 11:57:06.652  1800  1971 I chatty  : uid=1001(radio) CellBroadcastHa expire 1 line
09-27 11:57:06.663  1800  1974 I chatty  : uid=1001(radio) CdmaServiceCate expire 1 line
09-27 11:57:06.796  1199  1206 I chatty  : uid=0(root) /vendor/bin/mtkrild expire 12 lines
09-27 11:57:06.853  1371  1519 D TelephonyRegistry: notifyServiceStateForSubscriber: INVALID phoneId=1 or subId=-1
09-27 11:57:06.859  1371  1519 E PHONE   : ServiceState.getRadioTechnology() DEPRECATED will be removed *******
09-27 11:57:06.876  1800  2007 I chatty  : uid=1001(radio) GsmCellBroadcas expire 1 line
09-27 11:57:06.882  1310  1329 I chatty  : uid=1001(radio) Ril Proxy Main expire 68 lines
09-27 11:57:06.886  1800  2011 I chatty  : uid=1001(radio) CellBroadcastHa expire 1 line
09-27 11:57:06.896  1800  2014 I chatty  : uid=1001(radio) CdmaServiceCate expire 1 line
09-27 11:57:07.176  1800  2099 I chatty  : uid=1001(radio) Binder:1800_7 expire 1 line
09-27 11:57:07.186  1371  1889 E PHONE   : ServiceState.getRadioTechnology() DEPRECATED will be removed *******
09-27 11:57:07.911  1800  1909 D RILJ    : [0257]< RIL_REQUEST_GSM_SET_BROADCAST_CONFIG  [SUB0]
09-27 11:57:07.917  1800  1827 D RILJ    : [0258]> RIL_REQUEST_GSM_BROADCAST_ACTIVATION activate = true [SUB0]
09-27 11:57:07.985  1310  1329 E RILC-RP : Calling responseFunction() for token 258
09-27 11:57:07.986  1800  1909 D RILJ    : [0258]< RIL_REQUEST_GSM_BROADCAST_ACTIVATION  [SUB0]
09-27 11:57:07.995  1800  1827 D RILJ    : [0259]> RIL_REQUEST_GSM_SET_BROADCAST_CONFIG with 4 configs :  [SUB0]
09-27 11:57:07.995  1800  1827 D RILJ    : SmsBroadcastConfigInfo: Id [4352,4354] Code [0,255] ENABLED [SUB0]
09-27 11:57:07.995  1800  1827 D RILJ    : SmsBroadcastConfigInfo: Id [4370,4379] Code [0,255] ENABLED [SUB0]
09-27 11:57:07.995  1800  1827 D RILJ    : SmsBroadcastConfigInfo: Id [4383,4392] Code [0,255] ENABLED [SUB0]
09-27 11:57:07.995  1800  1827 D RILJ    : SmsBroadcastConfigInfo: Id [4356,4356] Code [0,255] ENABLED [SUB0]
09-27 11:57:08.046  1310  1329 E RILC-RP : Calling responseFunction() for token 259
09-27 11:57:08.046  1800  1909 D RILJ    : [0259]< RIL_REQUEST_GSM_SET_BROADCAST_CONFIG  [SUB0]
09-27 11:57:08.052  1800  1827 D RILJ    : [0260]> RIL_REQUEST_GSM_BROADCAST_ACTIVATION activate = true [SUB0]
09-27 11:57:08.117  1310  1329 E RILC-RP : Calling responseFunction() for token 260
09-27 11:57:08.118  1800  1909 D RILJ    : [0260]< RIL_REQUEST_GSM_BROADCAST_ACTIVATION  [SUB0]
09-27 11:57:08.163  1800  1827 D RILJ    : [0261]> RIL_REQUEST_GSM_BROADCAST_ACTIVATION activate = true [SUB0]
09-27 11:57:08.240  1310  1329 E RILC-RP : Calling responseFunction() for token 261
09-27 11:57:08.241  1800  1909 D RILJ    : [0261]< RIL_REQUEST_GSM_BROADCAST_ACTIVATION  [SUB0]
09-27 11:57:08.248  1800  1827 D RILJ    : [0262]> RIL_REQUEST_CDMA_SET_BROADCAST_CONFIG with 1 configs :  [SUB0]
09-27 11:57:08.248  1800  1827 D RILJ    : {.serviceCategory = 4096, .language = 1, .selected = true} [SUB0]
09-27 11:57:08.249  1310  1329 E RfxRilAdapter: (w)requestToRild incorrect c2k socket (slotId=0, dest=1, targetFd=-1) (c2kslotId=0)
09-27 11:57:08.249  1310  1329 I RfxRilAdapter: dispatchErrorResponse req (slotId=0, dest=1, id=93)
09-27 11:57:08.249  1310  1329 E RILC-RP : Calling responseFunction() for token 262
09-27 11:57:08.249  1800  1909 D RILJ    : [0262]< RIL_REQUEST_CDMA_SET_BROADCAST_CONFIG error 1 [SUB0]
09-27 11:57:08.249  1800  1909 D RilRequest: [0262]< RIL_REQUEST_CDMA_SET_BROADCAST_CONFIG error: com.android.internal.telephony.CommandException: RADIO_NOT_AVAILABLE ret=
09-27 11:57:08.256  1800  1827 D RILJ    : [0263]> RIL_REQUEST_GSM_BROADCAST_ACTIVATION activate = true [SUB0]
09-27 11:57:08.331  1310  1329 E RILC-RP : Calling responseFunction() for token 263
09-27 11:57:08.333  1800  1909 D RILJ    : [0263]< RIL_REQUEST_GSM_BROADCAST_ACTIVATION  [SUB0]
09-27 11:57:08.356  1800  1827 D RILJ    : [0264]> RIL_REQUEST_GSM_BROADCAST_ACTIVATION activate = true [SUB0]
09-27 11:57:08.430  1310  1329 E RILC-RP : Calling responseFunction() for token 264
09-27 11:57:08.431  1800  1909 D RILJ    : [0264]< RIL_REQUEST_GSM_BROADCAST_ACTIVATION  [SUB0]
09-27 11:57:08.439  1800  1827 D RILJ    : [0265]> RIL_REQUEST_CDMA_SET_BROADCAST_CONFIG with 1 configs :  [SUB0]
09-27 11:57:08.440  1800  1827 D RILJ    : {.serviceCategory = 4097, .language = 1, .selected = true} [SUB0]
09-27 11:57:08.440  1310  1329 E RfxRilAdapter: (w)requestToRild incorrect c2k socket (slotId=0, dest=1, targetFd=-1) (c2kslotId=0)
09-27 11:57:08.440  1310  1329 I RfxRilAdapter: dispatchErrorResponse req (slotId=0, dest=1, id=93)
09-27 11:57:08.440  1310  1329 E RILC-RP : Calling responseFunction() for token 265
09-27 11:57:08.441  1800  1909 D RILJ    : [0265]< RIL_REQUEST_CDMA_SET_BROADCAST_CONFIG error 1 [SUB0]
09-27 11:57:08.441  1800  1909 D RilRequest: [0265]< RIL_REQUEST_CDMA_SET_BROADCAST_CONFIG error: com.android.internal.telephony.CommandException: RADIO_NOT_AVAILABLE ret=
09-27 11:57:08.447  1800  1827 D RILJ    : [0266]> RIL_REQUEST_GSM_BROADCAST_ACTIVATION activate = true [SUB0]
09-27 11:57:08.459  1310  1329 D RpPhoneNumberController: [0] [delaySetFwkReady] mIsFwkReady: 0, mIsPendingUpdate: 1
09-27 11:57:08.459  1310  1329 I RpPhoneNumberController: [0] [updateEmergencyNumber] mIsFwkReady: 1, mIsPendingUpdate: 1, ecc list: 112,911
09-27 11:57:08.462  1310  1329 I RfxTransUtils: [parcelToEmergencyNumberList] num: 2, dataLen: 96
09-27 11:57:08.464  1310  1329 D RpGsmSmsCtrl: delaySetSmsFwkReady(false to true), (slot 0)
09-27 11:57:08.464  1800  1909 D RILJ    : [UNSL]< <unknown response> [EmergencyNumber:Number-112|CountryIso-|Mnc-|ServiceCategories-0|Urns-[]|Sources-1000|Routing-0, EmergencyNumber:Number-911|CountryIso-|Mnc-|ServiceCategories-0|Urns-[]|Sources-1000|Routing-0] [SUB0]
09-27 11:57:08.465  1800  1800 D EmergencyNumberTracker: updateRadioEmergencyNumberListAndNotify(): receiving [EmergencyNumber:Number-112|CountryIso-|Mnc-|ServiceCategories-0|Urns-[]|Sources-1000|Routing-0, EmergencyNumber:Number-911|CountryIso-|Mnc-|ServiceCategories-0|Urns-[]|Sources-1000|Routing-0]
09-27 11:57:08.467  1800  1800 D SubscriptionController: [getSubId]- numSubIds == 0, return null slotIndex=1
09-27 11:57:08.467  1800  1800 D SubscriptionController: [getSlotIndex]- subId invalid
09-27 11:57:08.467  1800  1800 E EmergencyNumber: Found unexpected duplicate numbers: EmergencyNumber:Number-112|CountryIso-ru|Mnc-|ServiceCategories-111|Urns-[]|Sources-10000|Routing-0 vs EmergencyNumber:Number-112|CountryIso-ru|Mnc-|ServiceCategories-111|Urns-[]|Sources-10000|Routing-0
09-27 11:57:08.467  1800  1800 E EmergencyNumber: Found unexpected duplicate numbers: EmergencyNumber:Number-911|CountryIso-|Mnc-|ServiceCategories-0|Urns-[]|Sources-0|Routing-0 vs EmergencyNumber:Number-911|CountryIso-|Mnc-|ServiceCategories-0|Urns-[]|Sources-0|Routing-0
09-27 11:57:08.467  1800  1800 D SubscriptionController: [getSubId]- numSubIds == 0, return null slotIndex=1
09-27 11:57:08.467  1800  1800 D SubscriptionController: [getSubId]- numSubIds == 0, return null slotIndex=1
09-27 11:57:08.467  1800  1800 D SubscriptionController: [getSlotIndex]- subId invalid
09-27 11:57:08.467  1800  1800 E EmergencyNumber: Found unexpected duplicate numbers: EmergencyNumber:Number-112|CountryIso-ru|Mnc-|ServiceCategories-111|Urns-[]|Sources-10000|Routing-0 vs EmergencyNumber:Number-112|CountryIso-ru|Mnc-|ServiceCategories-111|Urns-[]|Sources-10000|Routing-0
09-27 11:57:08.467  1800  1800 E EmergencyNumber: Found unexpected duplicate numbers: EmergencyNumber:Number-911|CountryIso-|Mnc-|ServiceCategories-0|Urns-[]|Sources-0|Routing-0 vs EmergencyNumber:Number-911|CountryIso-|Mnc-|ServiceCategories-0|Urns-[]|Sources-0|Routing-0
09-27 11:57:08.468  1800  1800 D EmergencyNumberTracker: notifyEmergencyNumberList(): notified
09-27 11:57:08.497  1310  1329 D RpPhoneNumberController: [1] [delaySetFwkReady] mIsFwkReady: 0, mIsPendingUpdate: 1
09-27 11:57:08.497  1310  1329 I RpPhoneNumberController: [1] [updateEmergencyNumber] mIsFwkReady: 1, mIsPendingUpdate: 1, ecc list: 112,911,000,08,110,118,119,999
09-27 11:57:08.498  1310  1329 I RfxTransUtils: [parcelToEmergencyNumberList] num: 8, dataLen: 384
09-27 11:57:08.499  1310  1329 D RpGsmSmsCtrl: delaySetSmsFwkReady(false to true), (slot 1)
09-27 11:57:08.500  1800  1909 D RILJ    : [UNSL]< <unknown response> [EmergencyNumber:Number-112|CountryIso-|Mnc-|ServiceCategories-0|Urns-[]|Sources-1000|Routing-0, EmergencyNumber:Number-911|CountryIso-|Mnc-|ServiceCategories-0|Urns-[]|Sources-1000|Routing-0, EmergencyNumber:Number-000|CountryIso-|Mnc-|ServiceCategories-0|Urns-[]|Sources-1000|Routing-0, EmergencyNumber:Number-08|CountryIso-|Mnc-|ServiceCategories-0|Urns-[]|Sources-1000|Routing-0, EmergencyNumber:Number-110|CountryIso-|Mnc-|ServiceCategories-0|Urns-[]|Sources-1000|Routing-0, EmergencyNumber:Number-118|CountryIso-|Mnc-|ServiceCategories-0|Urns-[]|Sources-1000|Routing-0, EmergencyNumber:Number-119|CountryIso-|Mnc-|ServiceCategories-0|Urns-[]|Sources-1000|Routing-0, EmergencyNumber:Number-999|CountryIso-|Mnc-|ServiceCategories-0|Urns-[]|Sources-1000|Routing-0] [SUB1]
09-27 11:57:08.501  1800  1800 D EmergencyNumberTracker: updateRadioEmergencyNumberListAndNotify(): receiving [EmergencyNumber:Number-000|CountryIso-|Mnc-|ServiceCategories-0|Urns-[]|Sources-1000|Routing-0, EmergencyNumber:Number-08|CountryIso-|Mnc-|ServiceCategories-0|Urns-[]|Sources-1000|Routing-0, EmergencyNumber:Number-110|CountryIso-|Mnc-|ServiceCategories-0|Urns-[]|Sources-1000|Routing-0, EmergencyNumber:Number-112|CountryIso-|Mnc-|ServiceCategories-0|Urns-[]|Sources-1000|Routing-0, EmergencyNumber:Number-118|CountryIso-|Mnc-|ServiceCategories-0|Urns-[]|Sources-1000|Routing-0, EmergencyNumber:Number-119|CountryIso-|Mnc-|ServiceCategories-0|Urns-[]|Sources-1000|Routing-0, EmergencyNumber:Number-911|CountryIso-|Mnc-|ServiceCategories-0|Urns-[]|Sources-1000|Routing-0, EmergencyNumber:Number-999|CountryIso-|Mnc-|ServiceCategories-0|Urns-[]|Sources-1000|Routing-0]
09-27 11:57:08.502  1800  1800 D SubscriptionController: [getSubId]- numSubIds == 0, return null slotIndex=1
09-27 11:57:08.505  1800  1800 D SubscriptionController: [getSubId]- numSubIds == 0, return null slotIndex=1
09-27 11:57:08.506  1800  1800 D EmergencyNumberTracker: notifyEmergencyNumberList(): notified
09-27 11:57:08.509  1800  1800 W MmTelFeatureConnection: create: binder is null! Slot Id: 0
09-27 11:57:08.522  1310  1329 E RILC-RP : Calling responseFunction() for token 266
09-27 11:57:08.523  1800  1909 D RILJ    : [0266]< RIL_REQUEST_GSM_BROADCAST_ACTIVATION  [SUB0]
09-27 11:57:08.540  1800  1800 W MmTelFeatureConnection: create: binder is null! Slot Id: 1
09-27 11:57:08.543  1800  1827 D RILJ    : [0267]> RIL_REQUEST_GSM_BROADCAST_ACTIVATION activate = true [SUB0]
09-27 11:57:08.620  1310  1329 E RILC-RP : Calling responseFunction() for token 267
09-27 11:57:08.620  1800  1909 D RILJ    : [0267]< RIL_REQUEST_GSM_BROADCAST_ACTIVATION  [SUB0]
09-27 11:57:08.629  1800  1827 D RILJ    : [0268]> RIL_REQUEST_CDMA_SET_BROADCAST_CONFIG with 1 configs :  [SUB0]
09-27 11:57:08.629  1800  1827 D RILJ    : {.serviceCategory = 4098, .language = 1, .selected = true} [SUB0]
09-27 11:57:08.629  1310  1329 E RfxRilAdapter: (w)requestToRild incorrect c2k socket (slotId=0, dest=1, targetFd=-1) (c2kslotId=0)
09-27 11:57:08.629  1310  1329 I RfxRilAdapter: dispatchErrorResponse req (slotId=0, dest=1, id=93)
09-27 11:57:08.629  1310  1329 E RILC-RP : Calling responseFunction() for token 268
09-27 11:57:08.630  1800  1909 D RILJ    : [0268]< RIL_REQUEST_CDMA_SET_BROADCAST_CONFIG error 1 [SUB0]
09-27 11:57:08.630  1800  1909 D RilRequest: [0268]< RIL_REQUEST_CDMA_SET_BROADCAST_CONFIG error: com.android.internal.telephony.CommandException: RADIO_NOT_AVAILABLE ret=
09-27 11:57:08.642  1800  1827 D RILJ    : [0269]> RIL_REQUEST_GSM_BROADCAST_ACTIVATION activate = true [SUB0]
09-27 11:57:08.715  1310  1329 E RILC-RP : Calling responseFunction() for token 269
09-27 11:57:08.716  1800  1909 D RILJ    : [0269]< RIL_REQUEST_GSM_BROADCAST_ACTIVATION  [SUB0]
09-27 11:57:08.752  1800  1827 D RILJ    : [0270]> RIL_REQUEST_GSM_BROADCAST_ACTIVATION activate = true [SUB0]
09-27 11:57:08.836  1310  1329 E RILC-RP : Calling responseFunction() for token 270
09-27 11:57:08.836  1800  1909 D RILJ    : [0270]< RIL_REQUEST_GSM_BROADCAST_ACTIVATION  [SUB0]
09-27 11:57:08.845  1800  1827 D RILJ    : [0271]> RIL_REQUEST_CDMA_SET_BROADCAST_CONFIG with 1 configs :  [SUB0]
09-27 11:57:08.845  1800  1827 D RILJ    : {.serviceCategory = 4099, .language = 1, .selected = true} [SUB0]
09-27 11:57:08.845  1310  1329 E RfxRilAdapter: (w)requestToRild incorrect c2k socket (slotId=0, dest=1, targetFd=-1) (c2kslotId=0)
09-27 11:57:08.846  1310  1329 I RfxRilAdapter: dispatchErrorResponse req (slotId=0, dest=1, id=93)
09-27 11:57:08.846  1310  1329 E RILC-RP : Calling responseFunction() for token 271
09-27 11:57:08.846  1800  1909 D RILJ    : [0271]< RIL_REQUEST_CDMA_SET_BROADCAST_CONFIG error 1 [SUB0]
09-27 11:57:08.846  1800  1909 D RilRequest: [0271]< RIL_REQUEST_CDMA_SET_BROADCAST_CONFIG error: com.android.internal.telephony.CommandException: RADIO_NOT_AVAILABLE ret=
09-27 11:57:08.853  1800  1827 D RILJ    : [0272]> RIL_REQUEST_GSM_BROADCAST_ACTIVATION activate = true [SUB0]
09-27 11:57:08.928  1310  1329 E RILC-RP : Calling responseFunction() for token 272
09-27 11:57:08.929  1800  1909 D RILJ    : [0272]< RIL_REQUEST_GSM_BROADCAST_ACTIVATION  [SUB0]
09-27 11:57:08.994  1800  1827 D RILJ    : [0273]> RIL_REQUEST_GSM_BROADCAST_ACTIVATION activate = true [SUB0]
09-27 11:57:09.076  1310  1329 E RILC-RP : Calling responseFunction() for token 273
09-27 11:57:09.077  1800  1909 D RILJ    : [0273]< RIL_REQUEST_GSM_BROADCAST_ACTIVATION  [SUB0]
09-27 11:57:09.086  1800  1827 D RILJ    : [0274]> RIL_REQUEST_GSM_BROADCAST_ACTIVATION activate = true [SUB0]
09-27 11:57:09.161  1310  1329 E RILC-RP : Calling responseFunction() for token 274
09-27 11:57:09.161  1800  1909 D RILJ    : [0274]< RIL_REQUEST_GSM_BROADCAST_ACTIVATION  [SUB0]
09-27 11:57:09.207  1800  1827 D RILJ    : [0275]> RIL_REQUEST_GSM_BROADCAST_ACTIVATION activate = true [SUB0]
09-27 11:57:09.285  1310  1329 E RILC-RP : Calling responseFunction() for token 275
09-27 11:57:09.285  1800  1909 D RILJ    : [0275]< RIL_REQUEST_GSM_BROADCAST_ACTIVATION  [SUB0]
09-27 11:57:09.294  1800  1827 D RILJ    : [0276]> RIL_REQUEST_CDMA_SET_BROADCAST_CONFIG with 1 configs :  [SUB0]
09-27 11:57:09.294  1800  1827 D RILJ    : {.serviceCategory = 4096, .language = 1, .selected = true} [SUB0]
09-27 11:57:09.295  1310  1329 E RfxRilAdapter: (w)requestToRild incorrect c2k socket (slotId=0, dest=1, targetFd=-1) (c2kslotId=0)
09-27 11:57:09.295  1310  1329 I RfxRilAdapter: dispatchErrorResponse req (slotId=0, dest=1, id=93)
09-27 11:57:09.295  1310  1329 E RILC-RP : Calling responseFunction() for token 276
09-27 11:57:09.296  1800  1909 D RILJ    : [0276]< RIL_REQUEST_CDMA_SET_BROADCAST_CONFIG error 1 [SUB0]
09-27 11:57:09.296  1800  1909 D RilRequest: [0276]< RIL_REQUEST_CDMA_SET_BROADCAST_CONFIG error: com.android.internal.telephony.CommandException: RADIO_NOT_AVAILABLE ret=
09-27 11:57:09.302  1800  1827 D RILJ    : [0277]> RIL_REQUEST_GSM_BROADCAST_ACTIVATION activate = true [SUB0]
09-27 11:57:09.382  1310  1329 E RILC-RP : Calling responseFunction() for token 277
09-27 11:57:09.382  1800  1909 D RILJ    : [0277]< RIL_REQUEST_GSM_BROADCAST_ACTIVATION  [SUB0]
09-27 11:57:09.402  1800  1827 D RILJ    : [0278]> RIL_REQUEST_GSM_BROADCAST_ACTIVATION activate = true [SUB0]
09-27 11:57:09.480  1310  1329 E RILC-RP : Calling responseFunction() for token 278
09-27 11:57:09.480  1800  1909 D RILJ    : [0278]< RIL_REQUEST_GSM_BROADCAST_ACTIVATION  [SUB0]
09-27 11:57:09.484  1800  1827 D RILJ    : [0279]> RIL_REQUEST_CDMA_SET_BROADCAST_CONFIG with 1 configs :  [SUB0]
09-27 11:57:09.484  1800  1827 D RILJ    : {.serviceCategory = 4097, .language = 1, .selected = true} [SUB0]
09-27 11:57:09.485  1310  1329 E RfxRilAdapter: (w)requestToRild incorrect c2k socket (slotId=0, dest=1, targetFd=-1) (c2kslotId=0)
09-27 11:57:09.485  1310  1329 I RfxRilAdapter: dispatchErrorResponse req (slotId=0, dest=1, id=93)
09-27 11:57:09.485  1310  1329 E RILC-RP : Calling responseFunction() for token 279
09-27 11:57:09.486  1800  1909 D RILJ    : [0279]< RIL_REQUEST_CDMA_SET_BROADCAST_CONFIG error 1 [SUB0]
09-27 11:57:09.486  1800  1909 D RilRequest: [0279]< RIL_REQUEST_CDMA_SET_BROADCAST_CONFIG error: com.android.internal.telephony.CommandException: RADIO_NOT_AVAILABLE ret=
09-27 11:57:09.494  1800  1827 D RILJ    : [0280]> RIL_REQUEST_GSM_BROADCAST_ACTIVATION activate = true [SUB0]
09-27 11:57:09.569  1310  1329 E RILC-RP : Calling responseFunction() for token 280
09-27 11:57:09.570  1800  1909 D RILJ    : [0280]< RIL_REQUEST_GSM_BROADCAST_ACTIVATION  [SUB0]
09-27 11:57:09.583  1800  1800 D TelephonyNetworkFactory[0]: onReleaseNetworkFor NetworkRequest [ TRACK_DEFAULT id=16, [ Capabilities: INTERNET&NOT_RESTRICTED&TRUSTED Uid: 1001] ] applied true
09-27 11:57:09.584  1800  1800 D TelephonyNetworkFactory[1]: onReleaseNetworkFor NetworkRequest [ TRACK_DEFAULT id=16, [ Capabilities: INTERNET&NOT_RESTRICTED&TRUSTED Uid: 1001] ] applied false
09-27 11:57:09.584  1800  1800 D SubscriptionController: [getSubId]- numSubIds == 0, return null slotIndex=1
09-27 11:57:09.591  1800  1827 D RILJ    : [0281]> RIL_REQUEST_GSM_BROADCAST_ACTIVATION activate = true [SUB0]
09-27 11:57:09.668  1310  1329 E RILC-RP : Calling responseFunction() for token 281
09-27 11:57:09.669  1800  1909 D RILJ    : [0281]< RIL_REQUEST_GSM_BROADCAST_ACTIVATION  [SUB0]
09-27 11:57:09.678  1800  1827 D RILJ    : [0282]> RIL_REQUEST_CDMA_SET_BROADCAST_CONFIG with 1 configs :  [SUB0]
09-27 11:57:09.678  1800  1827 D RILJ    : {.serviceCategory = 4098, .language = 1, .selected = true} [SUB0]
09-27 11:57:09.679  1310  1329 E RfxRilAdapter: (w)requestToRild incorrect c2k socket (slotId=0, dest=1, targetFd=-1) (c2kslotId=0)
09-27 11:57:09.679  1310  1329 I RfxRilAdapter: dispatchErrorResponse req (slotId=0, dest=1, id=93)
09-27 11:57:09.679  1310  1329 E RILC-RP : Calling responseFunction() for token 282
09-27 11:57:09.679  1800  1909 D RILJ    : [0282]< RIL_REQUEST_CDMA_SET_BROADCAST_CONFIG error 1 [SUB0]
09-27 11:57:09.680  1800  1909 D RilRequest: [0282]< RIL_REQUEST_CDMA_SET_BROADCAST_CONFIG error: com.android.internal.telephony.CommandException: RADIO_NOT_AVAILABLE ret=
09-27 11:57:09.686  1800  1827 D RILJ    : [0283]> RIL_REQUEST_GSM_BROADCAST_ACTIVATION activate = true [SUB0]
09-27 11:57:09.759  1310  1329 E RILC-RP : Calling responseFunction() for token 283
09-27 11:57:09.759  1800  1909 D RILJ    : [0283]< RIL_REQUEST_GSM_BROADCAST_ACTIVATION  [SUB0]
09-27 11:57:09.783  1800  1827 D RILJ    : [0284]> RIL_REQUEST_GSM_BROADCAST_ACTIVATION activate = true [SUB0]
09-27 11:57:09.857  1310  1329 E RILC-RP : Calling responseFunction() for token 284
09-27 11:57:09.857  1800  1909 D RILJ    : [0284]< RIL_REQUEST_GSM_BROADCAST_ACTIVATION  [SUB0]
09-27 11:57:09.866  1800  1827 D RILJ    : [0285]> RIL_REQUEST_CDMA_SET_BROADCAST_CONFIG with 1 configs :  [SUB0]
09-27 11:57:09.866  1800  1827 D RILJ    : {.serviceCategory = 4099, .language = 1, .selected = true} [SUB0]
09-27 11:57:09.866  1310  1329 E RfxRilAdapter: (w)requestToRild incorrect c2k socket (slotId=0, dest=1, targetFd=-1) (c2kslotId=0)
09-27 11:57:09.866  1310  1329 I RfxRilAdapter: dispatchErrorResponse req (slotId=0, dest=1, id=93)
09-27 11:57:09.866  1310  1329 E RILC-RP : Calling responseFunction() for token 285
09-27 11:57:09.867  1800  1909 D RILJ    : [0285]< RIL_REQUEST_CDMA_SET_BROADCAST_CONFIG error 1 [SUB0]
09-27 11:57:09.867  1800  1909 D RilRequest: [0285]< RIL_REQUEST_CDMA_SET_BROADCAST_CONFIG error: com.android.internal.telephony.CommandException: RADIO_NOT_AVAILABLE ret=
09-27 11:57:09.875  1800  1827 D RILJ    : [0286]> RIL_REQUEST_GSM_BROADCAST_ACTIVATION activate = true [SUB0]
09-27 11:57:09.950  1310  1329 E RILC-RP : Calling responseFunction() for token 286
09-27 11:57:09.950  1800  1909 D RILJ    : [0286]< RIL_REQUEST_GSM_BROADCAST_ACTIVATION  [SUB0]
09-27 11:57:10.011  1800  1827 D RILJ    : [0287]> RIL_REQUEST_GSM_BROADCAST_ACTIVATION activate = true [SUB0]
09-27 11:57:10.091  1310  1329 E RILC-RP : Calling responseFunction() for token 287
09-27 11:57:10.091  1800  1909 D RILJ    : [0287]< RIL_REQUEST_GSM_BROADCAST_ACTIVATION  [SUB0]
09-27 11:57:10.097  1800  1827 D RILJ    : [0288]> RIL_REQUEST_GSM_BROADCAST_ACTIVATION activate = true [SUB0]
09-27 11:57:10.175  1310  1329 E RILC-RP : Calling responseFunction() for token 288
09-27 11:57:10.176  1800  1909 D RILJ    : [0288]< RIL_REQUEST_GSM_BROADCAST_ACTIVATION  [SUB0]
09-27 11:57:10.823  1800  1800 D ONSNetworkScanCtlr: init called
09-27 11:57:10.836  1371  1950 D TelephonyRegistry: listen ooscl: hasNotifyOpptSubInfoChangedOccurred==false no callback
09-27 11:57:10.837  1800  1800 D ONSProfileSelector: ONSProfileSelector init complete
09-27 11:57:10.844  1800  1800 D ONS     : service is enable state true
09-27 11:57:10.849  1800  1800 D ONS     : SIM state changed
09-27 11:57:11.450  1800  1800 D RILJ    : [0289]> RIL_REQUEST_GET_CELL_INFO_LIST [SUB1]
09-27 11:57:11.457  1310  1329 E RILC-RP : Calling responseFunction() for token 289
09-27 11:57:11.457  1310  1329 E RILC-RP : getCellInfoListResponse: Invalid response
09-27 11:57:11.458  1800  1909 D RILJ    : [0289]< RIL_REQUEST_GET_CELL_INFO_LIST error 63 [SUB1]
09-27 11:57:11.458  1800  1909 D RilRequest: [0289]< RIL_REQUEST_GET_CELL_INFO_LIST error: com.android.internal.telephony.CommandException: NO_NETWORK_FOUND ret=[]
09-27 11:57:11.458  1800  1800 D SST     : [1] EVENT_GET_CELL_INFO_LIST: error ret null, e=com.android.internal.telephony.CommandException: NO_NETWORK_FOUND
09-27 11:57:11.459  1800  1800 D LocaleTracker: Can't get cell info. Try again in 8 secs.
09-27 11:57:11.501  1800  1800 D WAP PUSH: Received broadcast android.intent.action.USER_UNLOCKED
09-27 11:57:11.504  1800  1800 D WAP PUSH: Received broadcast android.intent.action.USER_UNLOCKED
09-27 11:57:11.509  1800  1800 D SmsBroadcastUndelivered: Received broadcast android.intent.action.USER_UNLOCKED
09-27 11:57:11.509  1800  1800 D SmsDispatchersController: Received broadcast android.intent.action.USER_UNLOCKED
09-27 11:57:11.510  1800  1800 D WAP PUSH: Received broadcast android.intent.action.USER_UNLOCKED
09-27 11:57:11.510  1800  1800 D WAP PUSH: Received broadcast android.intent.action.USER_UNLOCKED
09-27 11:57:11.510  1800  1800 D SmsDispatchersController: Received broadcast android.intent.action.USER_UNLOCKED
09-27 11:57:11.519  1800  2321 D SmsBroadcastUndelivered: scanning raw table for undelivered messages
09-27 11:57:11.623  1800  1800 D SAT     : [0]onSimAbsent, reset activation state to UNKNOWN
09-27 11:57:11.623  1800  1800 D SAT     : [0]setVoiceActivationState=0
09-27 11:57:11.626  1800  1800 D SAT     : [0]setDataActivationState=0
09-27 11:57:11.632  1800  1800 D SAT     : [1]onSimAbsent, reset activation state to UNKNOWN
09-27 11:57:11.632  1800  1800 D SAT     : [1]setVoiceActivationState=0
09-27 11:57:11.633  1800  1800 D SubscriptionController: [getSubId]- numSubIds == 0, return null slotIndex=1
09-27 11:57:11.634  1800  1800 D SAT     : [1]setDataActivationState=0
09-27 11:57:11.634  1800  1800 D SubscriptionController: [getSubId]- numSubIds == 0, return null slotIndex=1
09-27 11:57:11.637  1800  2321 D SmsBroadcastUndelivered: finished scanning raw table in 118 ms
09-27 11:57:11.643  1800  1800 D ONS     : SIM state changed
09-27 11:57:11.646  1800  1800 D ONS     : SIM state changed
09-27 11:57:11.829  2333  2333 W MmTelFeatureConnection: create: binder is null! Slot Id: 0
09-27 11:57:11.836  1800  2052 D SubscriptionController: getSubscriptionProperty Query value = -1
09-27 11:57:11.844  2333  2444 W MmTelFeatureConnection: create: binder is null! Slot Id: 0
09-27 11:57:11.847  2333  2444 W MmTelFeatureConnection: create: binder is null! Slot Id: 0
09-27 11:57:12.513  1800  1800 W MmTelFeatureConnection: create: binder is null! Slot Id: 0
09-27 11:57:12.544  1800  1800 W MmTelFeatureConnection: create: binder is null! Slot Id: 1
09-27 11:57:13.353  1800  2080 D SubscriptionController: [getPhoneId] asked for default subId=1
09-27 11:57:13.589  1800  1800 D SubscriptionController: [getSubId]- numSubIds == 0, return null slotIndex=1
09-27 11:57:13.594  1310  1329 E RILC-RP : responseCsNetworkStateChangeInd: mtkRadioExService[1]->responseCsNetworkStateChangeInd == NULL
09-27 11:57:13.594  1800  1800 D SubscriptionController: [getSubId]- numSubIds == 0, return null slotIndex=1
09-27 11:57:13.600  1800  1909 D RILJ    : Unsol response received; Sending ack to ril.cpp [SUB1]
09-27 11:57:13.600  1800  1909 D RILJ    : [UNSL]< UNSOL_RESPONSE_NETWORK_STATE_CHANGED [SUB1]
09-27 11:57:13.601  1800  2076 D NRM-C-1 : onNetworkStateChanged
09-27 11:57:13.602  1800  1909 D RILJ    : Unsol response received; Sending ack to ril.cpp [SUB1]
09-27 11:57:13.602  1800  1909 D RILJ    : [UNSL]< UNSOL_RESPONSE_NETWORK_STATE_CHANGED [SUB1]
09-27 11:57:13.603  1800  2076 D NRM-C-1 : onNetworkStateChanged
09-27 11:57:13.603  1800  1800 D SST     : [1] pollState: modemTriggered=true
09-27 11:57:13.604  1800  1909 D RILJ    : Unsol response received; Sending ack to ril.cpp [SUB1]
09-27 11:57:13.604  1800  1909 D RILJ    : [UNSL]< UNSOL_RESPONSE_NETWORK_STATE_CHANGED [SUB1]
09-27 11:57:13.605  1800  2076 D NRM-C-1 : onNetworkStateChanged
09-27 11:57:13.607  1800  1800 D RILJ    : [0293]> OPERATOR [SUB1]
09-27 11:57:13.609  1800  1800 D RILJ    : [0294]> QUERY_NETWORK_SELECTION_MODE [SUB1]
09-27 11:57:13.610  1800  1800 D SST     : [1] pollState: modemTriggered=true
09-27 11:57:13.610  1800  2076 D RILJ    : [0295]> DATA_REGISTRATION_STATE [SUB1]
09-27 11:57:13.614  1800  2076 D RILJ    : [0297]> VOICE_REGISTRATION_STATE [SUB1]
09-27 11:57:13.617  1800  1800 D RILJ    : [0296]> OPERATOR [SUB1]
09-27 11:57:13.619  1800  1800 D RILJ    : [0298]> QUERY_NETWORK_SELECTION_MODE [SUB1]
09-27 11:57:13.619  1800  1800 D SST     : [1] pollState: modemTriggered=true
09-27 11:57:13.621  1800  2076 D RILJ    : [0299]> DATA_REGISTRATION_STATE [SUB1]
09-27 11:57:13.622  1800  1800 D RILJ    : [0300]> OPERATOR [SUB1]
09-27 11:57:13.623  1800  2076 D RILJ    : [0301]> VOICE_REGISTRATION_STATE [SUB1]
09-27 11:57:13.625  1800  2076 D RILJ    : [0303]> DATA_REGISTRATION_STATE [SUB1]
09-27 11:57:13.627  1800  1800 D RILJ    : [0302]> QUERY_NETWORK_SELECTION_MODE [SUB1]
09-27 11:57:13.628  1800  2076 D RILJ    : [0304]> VOICE_REGISTRATION_STATE [SUB1]
09-27 11:57:13.636  1310  1329 D EccNumberSource: [XML][1][update] START for plmn: **099, isSimInsert: 0
09-27 11:57:13.652  1310  1329 I RpPhoneNumberController: [1] [updateEmergencyNumber] mIsFwkReady: 1, mIsPendingUpdate: 0, ecc list: 112,911,000,08,110,118,119,999
09-27 11:57:13.656  1310  1329 I RfxTransUtils: [parcelToEmergencyNumberList] num: 8, dataLen: 384
09-27 11:57:13.657  1310  1329 D RpNwSC  : [1]  OptrCache: ,,
09-27 11:57:13.657  1310  1329 E RILC-RP : Calling responseFunction() for token 293
09-27 11:57:13.657  1310  1329 E RILC-RP : Calling responseFunction() for token 294
09-27 11:57:13.657  1310  1329 D RpNwSC  : [1]  DataCache[GSM]: reg=4 lac=****FFFF cid=****FFFF rat=0 den=0 mdc=8
09-27 11:57:13.658  1310  1329 E RILC-RP : Calling responseFunction() for token 295
09-27 11:57:13.658  1310  1329 D RpNwSC  : [1]  VoiceCache[GSM]: reg=10 lac=****FFFF cid=****FFFF rat=0 css=0 sid=* nid=* roam=1 css=0
09-27 11:57:13.659  1310  1329 E RILC-RP : Calling responseFunction() for token 297
09-27 11:57:13.659  1800  1909 D RILJ    : [UNSL]< <unknown response> [EmergencyNumber:Number-112|CountryIso-|Mnc-|ServiceCategories-0|Urns-[]|Sources-1000|Routing-0, EmergencyNumber:Number-911|CountryIso-|Mnc-|ServiceCategories-0|Urns-[]|Sources-1000|Routing-0, EmergencyNumber:Number-000|CountryIso-|Mnc-|ServiceCategories-0|Urns-[]|Sources-1000|Routing-0, EmergencyNumber:Number-08|CountryIso-|Mnc-|ServiceCategories-0|Urns-[]|Sources-1000|Routing-0, EmergencyNumber:Number-110|CountryIso-|Mnc-|ServiceCategories-0|Urns-[]|Sources-1000|Routing-0, EmergencyNumber:Number-118|CountryIso-|Mnc-|ServiceCategories-0|Urns-[]|Sources-1000|Routing-0, EmergencyNumber:Number-119|CountryIso-|Mnc-|ServiceCategories-0|Urns-[]|Sources-1000|Routing-0, EmergencyNumber:Number-999|CountryIso-|Mnc-|ServiceCategories-0|Urns-[]|Sources-1000|Routing-0] [SUB1]
09-27 11:57:13.660  1800  1800 D EmergencyNumberTracker: updateRadioEmergencyNumberListAndNotify(): receiving [EmergencyNumber:Number-000|CountryIso-|Mnc-|ServiceCategories-0|Urns-[]|Sources-1000|Routing-0, EmergencyNumber:Number-08|CountryIso-|Mnc-|ServiceCategories-0|Urns-[]|Sources-1000|Routing-0, EmergencyNumber:Number-110|CountryIso-|Mnc-|ServiceCategories-0|Urns-[]|Sources-1000|Routing-0, EmergencyNumber:Number-112|CountryIso-|Mnc-|ServiceCategories-0|Urns-[]|Sources-1000|Routing-0, EmergencyNumber:Number-118|CountryIso-|Mnc-|ServiceCategories-0|Urns-[]|Sources-1000|Routing-0, EmergencyNumber:Number-119|CountryIso-|Mnc-|ServiceCategories-0|Urns-[]|Sources-1000|Routing-0, EmergencyNumber:Number-911|CountryIso-|Mnc-|ServiceCategories-0|Urns-[]|Sources-1000|Routing-0, EmergencyNumber:Number-999|CountryIso-|Mnc-|ServiceCategories-0|Urns-[]|Sources-1000|Routing-0]
09-27 11:57:13.660  1800  1909 D RILJ    : [0293]< OPERATOR {, , } [SUB1]
09-27 11:57:13.660  1800  1909 D RILJ    : [0294]< QUERY_NETWORK_SELECTION_MODE {0} [SUB1]
09-27 11:57:13.661  1800  1800 D SST     : [1] EVENT_POLL_STATE_NETWORK_SELECTION_MODE
09-27 11:57:13.661  1800  1909 D RILJ    : [0295]< DATA_REGISTRATION_STATE {.base = {.regState = UNKNOWN, .rat = 0, .reasonDataDenied = 0, .maxDataCalls = 8, .cellIdentity = {.cellInfoType = NONE, .cellIdentityGsm = [], .cellIdentityWcdma = [], .cellIdentityCdma = [], .cellIdentityLte = [], .cellIdentityTdscdma = []}}, .vopsInfo = {.noinit = {}}, .nrIndicators = {.isEndcAvailable = false, .isDcNrRestricted = false, .isNrAvailable = false}} [SUB1]
09-27 11:57:13.662  1800  2108 D NRM-C-1 : onRequestNetworkRegistrationInfoComplete result: 0, info: NetworkRegistrationInfo{ domain=PS transportType=WWAN registrationState=UNKNOWN roamingType=NOT_ROAMING accessNetworkTechnology=UNKNOWN rejectCause=0 emergencyEnabled=false availableServices=[] cellIdentity=null voiceSpecificInfo=null dataSpecificInfo=android.telephony.DataSpecificRegistrationInfo :{ maxDataCalls = 8 isDcNrRestricted = false isNrAvailable = false isEnDcAvailable = false LteVopsSupportInfo :  mVopsSupport = 1 mEmcBearerSupport = 1 mIsUsingCarrierAggregation = false } nrState=NONE}
09-27 11:57:13.662  1800  2108 D NRM-C-1 : onRequestNetworkRegistrationInfoComplete result: 0, info: NetworkRegistrationInfo{ domain=CS transportType=WWAN registrationState=NOT_REG_OR_SEARCHING roamingType=NOT_ROAMING accessNetworkTechnology=UNKNOWN rejectCause=0 emergencyEnabled=true availableServices=[EMERGENCY] cellIdentity=null voiceSpecificInfo=VoiceSpecificRegistrationInfo { mCssSupported=false mRoamingIndicator=1 mSystemIsInPrl=0 mDefaultRoamingIndicator=0} dataSpecificInfo=null nrState=NONE}
09-27 11:57:13.662  1800  1909 D RILJ    : [0297]< VOICE_REGISTRATION_STATE {.regState = NOT_REG_MT_NOT_SEARCHING_OP_EM, .rat = 0, .cssSupported = false, .roamingIndicator = 1, .systemIsInPrl = 0, .defaultRoamingIndicator = 0, .reasonForDenial = 0, .cellIdentity = {.cellInfoType = NONE, .cellIdentityGsm = [], .cellIdentityWcdma = [], .cellIdentityCdma = [], .cellIdentityLte = [], .cellIdentityTdscdma = []}} [SUB1]
09-27 11:57:13.667  1310  1329 D RpNwSC  : [1]  OptrCache: ,,
09-27 11:57:13.667  1310  1329 E RILC-RP : Calling responseFunction() for token 296
09-27 11:57:13.669  1800  1909 D RILJ    : [0296]< OPERATOR {, , } [SUB1]
09-27 11:57:13.672  1310  1329 E RILC-RP : Calling responseFunction() for token 298
09-27 11:57:13.673  1800  1909 D RILJ    : [0298]< QUERY_NETWORK_SELECTION_MODE {0} [SUB1]
09-27 11:57:13.673  1800  1800 D SST     : [1] EVENT_POLL_STATE_NETWORK_SELECTION_MODE
09-27 11:57:13.677  1310  1329 D RpNwSC  : [1]  DataCache[GSM]: reg=4 lac=****FFFF cid=****FFFF rat=0 den=0 mdc=8
09-27 11:57:13.677  1310  1329 E RILC-RP : Calling responseFunction() for token 299
09-27 11:57:13.678  1800  2108 D NRM-C-1 : onRequestNetworkRegistrationInfoComplete result: 0, info: NetworkRegistrationInfo{ domain=PS transportType=WWAN registrationState=UNKNOWN roamingType=NOT_ROAMING accessNetworkTechnology=UNKNOWN rejectCause=0 emergencyEnabled=false availableServices=[] cellIdentity=null voiceSpecificInfo=null dataSpecificInfo=android.telephony.DataSpecificRegistrationInfo :{ maxDataCalls = 8 isDcNrRestricted = false isNrAvailable = false isEnDcAvailable = false LteVopsSupportInfo :  mVopsSupport = 1 mEmcBearerSupport = 1 mIsUsingCarrierAggregation = false } nrState=NONE}
09-27 11:57:13.678  1800  1909 D RILJ    : [0299]< DATA_REGISTRATION_STATE {.base = {.regState = UNKNOWN, .rat = 0, .reasonDataDenied = 0, .maxDataCalls = 8, .cellIdentity = {.cellInfoType = NONE, .cellIdentityGsm = [], .cellIdentityWcdma = [], .cellIdentityCdma = [], .cellIdentityLte = [], .cellIdentityTdscdma = []}}, .vopsInfo = {.noinit = {}}, .nrIndicators = {.isEndcAvailable = false, .isDcNrRestricted = false, .isNrAvailable = false}} [SUB1]
09-27 11:57:13.685  1310  1329 D RpNwSC  : [1]  OptrCache: ,,
09-27 11:57:13.685  1310  1329 E RILC-RP : Calling responseFunction() for token 300
09-27 11:57:13.688  1800  1909 D RILJ    : [0300]< OPERATOR {, , } [SUB1]
09-27 11:57:13.696  1310  1329 D RpNwSC  : [1]  VoiceCache[GSM]: reg=10 lac=****FFFF cid=****FFFF rat=0 css=0 sid=* nid=* roam=1 css=0
09-27 11:57:13.697  1310  1329 E RILC-RP : Calling responseFunction() for token 301
09-27 11:57:13.697  1800  1909 D RILJ    : [0301]< VOICE_REGISTRATION_STATE {.regState = NOT_REG_MT_NOT_SEARCHING_OP_EM, .rat = 0, .cssSupported = false, .roamingIndicator = 1, .systemIsInPrl = 0, .defaultRoamingIndicator = 0, .reasonForDenial = 0, .cellIdentity = {.cellInfoType = NONE, .cellIdentityGsm = [], .cellIdentityWcdma = [], .cellIdentityCdma = [], .cellIdentityLte = [], .cellIdentityTdscdma = []}} [SUB1]
09-27 11:57:13.698  1800  2108 D NRM-C-1 : onRequestNetworkRegistrationInfoComplete result: 0, info: NetworkRegistrationInfo{ domain=CS transportType=WWAN registrationState=NOT_REG_OR_SEARCHING roamingType=NOT_ROAMING accessNetworkTechnology=UNKNOWN rejectCause=0 emergencyEnabled=true availableServices=[EMERGENCY] cellIdentity=null voiceSpecificInfo=VoiceSpecificRegistrationInfo { mCssSupported=false mRoamingIndicator=1 mSystemIsInPrl=0 mDefaultRoamingIndicator=0} dataSpecificInfo=null nrState=NONE}
09-27 11:57:13.700  1310  1329 D RpNwSC  : [1]  DataCache[GSM]: reg=4 lac=****FFFF cid=****FFFF rat=0 den=0 mdc=8
09-27 11:57:13.700  1310  1329 E RILC-RP : Calling responseFunction() for token 303
09-27 11:57:13.701  1800  1909 D RILJ    : [0303]< DATA_REGISTRATION_STATE {.base = {.regState = UNKNOWN, .rat = 0, .reasonDataDenied = 0, .maxDataCalls = 8, .cellIdentity = {.cellInfoType = NONE, .cellIdentityGsm = [], .cellIdentityWcdma = [], .cellIdentityCdma = [], .cellIdentityLte = [], .cellIdentityTdscdma = []}}, .vopsInfo = {.noinit = {}}, .nrIndicators = {.isEndcAvailable = false, .isDcNrRestricted = false, .isNrAvailable = false}} [SUB1]
09-27 11:57:13.701  1800  2108 D NRM-C-1 : onRequestNetworkRegistrationInfoComplete result: 0, info: NetworkRegistrationInfo{ domain=PS transportType=WWAN registrationState=UNKNOWN roamingType=NOT_ROAMING accessNetworkTechnology=UNKNOWN rejectCause=0 emergencyEnabled=false availableServices=[] cellIdentity=null voiceSpecificInfo=null dataSpecificInfo=android.telephony.DataSpecificRegistrationInfo :{ maxDataCalls = 8 isDcNrRestricted = false isNrAvailable = false isEnDcAvailable = false LteVopsSupportInfo :  mVopsSupport = 1 mEmcBearerSupport = 1 mIsUsingCarrierAggregation = false } nrState=NONE}
09-27 11:57:13.704  1310  1329 E RILC-RP : Calling responseFunction() for token 302
09-27 11:57:13.704  1800  1909 D RILJ    : [0302]< QUERY_NETWORK_SELECTION_MODE {0} [SUB1]
09-27 11:57:13.712  1310  1329 D RpNwSC  : [1]  VoiceCache[GSM]: reg=10 lac=****FFFF cid=****FFFF rat=0 css=0 sid=* nid=* roam=1 css=0
09-27 11:57:13.712  1310  1329 E RILC-RP : Calling responseFunction() for token 304
09-27 11:57:13.713  1800  1909 D RILJ    : [0304]< VOICE_REGISTRATION_STATE {.regState = NOT_REG_MT_NOT_SEARCHING_OP_EM, .rat = 0, .cssSupported = false, .roamingIndicator = 1, .systemIsInPrl = 0, .defaultRoamingIndicator = 0, .reasonForDenial = 0, .cellIdentity = {.cellInfoType = NONE, .cellIdentityGsm = [], .cellIdentityWcdma = [], .cellIdentityCdma = [], .cellIdentityLte = [], .cellIdentityTdscdma = []}} [SUB1]
09-27 11:57:13.713  1800  2108 D NRM-C-1 : onRequestNetworkRegistrationInfoComplete result: 0, info: NetworkRegistrationInfo{ domain=CS transportType=WWAN registrationState=NOT_REG_OR_SEARCHING roamingType=NOT_ROAMING accessNetworkTechnology=UNKNOWN rejectCause=0 emergencyEnabled=true availableServices=[EMERGENCY] cellIdentity=null voiceSpecificInfo=VoiceSpecificRegistrationInfo { mCssSupported=false mRoamingIndicator=1 mSystemIsInPrl=0 mDefaultRoamingIndicator=0} dataSpecificInfo=null nrState=NONE}
09-27 11:57:13.720  1800  1800 D SipService: SipService: started!
09-27 11:57:13.725  1800  1800 D SipService: start:
09-27 11:57:13.725  1800  1800 D SST     : [1] handlePollStateResultMessage: PS cellular. NetworkRegistrationInfo{ domain=PS transportType=WWAN registrationState=UNKNOWN roamingType=NOT_ROAMING accessNetworkTechnology=UNKNOWN rejectCause=0 emergencyEnabled=false availableServices=[] cellIdentity=null voiceSpecificInfo=null dataSpecificInfo=android.telephony.DataSpecificRegistrationInfo :{ maxDataCalls = 8 isDcNrRestricted = false isNrAvailable = false isEnDcAvailable = false LteVopsSupportInfo :  mVopsSupport = 1 mEmcBearerSupport = 1 mIsUsingCarrierAggregation = false } nrState=NONE}
09-27 11:57:13.725  1800  1800 D SST     : [1] Could not set ServiceState channel number. CellIdentity null
09-27 11:57:13.725  1800  1800 D SST     : [1] EVENT_POLL_STATE_NETWORK_SELECTION_MODE
09-27 11:57:13.725  1800  1800 D SST     : [1] Could not set ServiceState channel number. CellIdentity null
09-27 11:57:13.726  1800  1800 D SST     : [1] handlePollStateResultMessage: CS cellular. NetworkRegistrationInfo{ domain=CS transportType=WWAN registrationState=NOT_REG_OR_SEARCHING roamingType=NOT_ROAMING accessNetworkTechnology=UNKNOWN rejectCause=0 emergencyEnabled=true availableServices=[EMERGENCY] cellIdentity=null voiceSpecificInfo=VoiceSpecificRegistrationInfo { mCssSupported=false mRoamingIndicator=1 mSystemIsInPrl=0 mDefaultRoamingIndicator=0} dataSpecificInfo=null nrState=NONE}
09-27 11:57:13.726  1800  1800 D SST     : [1] combinePsRegistrationStates: {mVoiceRegState=1(OUT_OF_SERVICE), mDataRegState=1(OUT_OF_SERVICE), mChannelNumber=-1, duplexMode()=0, mCellBandwidths=[], mVoiceOperatorAlphaLong=, mVoiceOperatorAlphaShort=, mDataOperatorAlphaLong=, mDataOperatorAlphaShort=, isManualNetworkSelection=false(automatic), getRilVoiceRadioTechnology=0(Unknown), getRilDataRadioTechnology=0(Unknown), mCssIndicator=unsupported, mNetworkId=-1, mSystemId=-1, mCdmaRoamingIndicator=-1, mCdmaDefaultRoamingIndicator=-1, mIsEmergencyOnly=true, isUsingCarrierAggregation=false, mLteEarfcnRsrpBoost=0, mNetworkRegistrationInfos=[NetworkRegistrationInfo{ domain=PS transportType=WWAN registrationState=UNKNOWN roamingType=NOT_ROAMING accessNetworkTechnology=UNKNOWN rejectCause=0 emergencyEnabled=false availableServices=[] cellIdentity=null voiceSpecificInfo=null dataSpecificInfo=android.telephony.DataSpecificRegistrationInfo :{ maxDataCalls = 8 isDcNrRestricted = false isNrAvailable = false isEnDcAvailable = false LteVopsSupportInfo :  mVopsSupport = 1 mEmcBearerSupport = 1 mIsUsingCarrierAggregation = false } nrState=NONE}, NetworkRegistrationInfo{ domain=CS transportType=WWAN registrationState=NOT_REG_OR_SEARCHING roamingType=NOT_ROAMING accessNetworkTechnology=UNKNOWN rejectCause=0 emergencyEnabled=true availableServices=[EMERGENCY] cellIdentity=null voiceSpecificInfo=VoiceSpecificRegistrationInfo { mCssSupported=false mRoamingIndicator=1 mSystemIsInPrl=0 mDefaultRoamingIndicator=0} dataSpecificInfo=null nrState=NONE}], mNrFrequencyRange=-1, mOperatorAlphaLongRaw=, mOperatorAlphaShortRaw=, mIsIwlanPreferred=false}
09-27 11:57:13.726  1800  1800 D SubscriptionController: [getSubId]- numSubIds == 0, return null slotIndex=1
09-27 11:57:13.728  1800  1800 D SST     : [1] Poll ServiceState done:  oldSS=[{mVoiceRegState=1(OUT_OF_SERVICE), mDataRegState=1(OUT_OF_SERVICE), mChannelNumber=-1, duplexMode()=0, mCellBandwidths=[], mVoiceOperatorAlphaLong=, mVoiceOperatorAlphaShort=, mDataOperatorAlphaLong=, mDataOperatorAlphaShort=, isManualNetworkSelection=false(automatic), getRilVoiceRadioTechnology=0(Unknown), getRilDataRadioTechnology=0(Unknown), mCssIndicator=unsupported, mNetworkId=-1, mSystemId=-1, mCdmaRoamingIndicator=-1, mCdmaDefaultRoamingIndicator=-1, mIsEmergencyOnly=false, isUsingCarrierAggregation=false, mLteEarfcnRsrpBoost=0, mNetworkRegistrationInfos=[NetworkRegistrationInfo{ domain=CS transportType=WWAN registrationState=NOT_REG_SEARCHING roamingType=NOT_ROAMING accessNetworkTechnology=UNKNOWN rejectCause=0 emergencyEnabled=false availableServices=[] cellIdentity=null voiceSpecificInfo=VoiceSpecificRegistrationInfo { mCssSupported=false mRoamingIndicator=1 mSystemIsInPrl=0 mDefaultRoamingIndicator=0} dataSpecificInfo=null nrState=NONE}, NetworkRegistrationInfo{ domain=PS transportType=WWAN registrationState=UNKNOWN roamingType=NOT_ROAMING accessNetworkTechnology=UNKNOWN rejectCause=0 emergencyEnabled=false availableServices=[] cellIdentity=null voiceSpecificInfo=null dataSpecificInfo=android.telephony.DataSpecificRegistrationInfo :{ maxDataCalls = 8 isDcNrRestricted = false isNrAvailable = false isEnDcAvailable = false LteVopsSupportInfo :  mVopsSupport = 1 mEmcBearerSupport = 1 mIsUsingCarrierAggregation = false } nrState=NONE}], mNrFrequencyRange=-1, mOperatorAlphaLongRaw=, mOperatorAlphaShortRaw=, mIsIwlanPreferred=false}] newSS=[{mVoiceRegState=1(OUT_OF_SERVICE), mDataRegState=1(OUT_OF_SERVICE), mChannelNumber=-1, duplexMode()=0, mCellBandwidths=[], mVoiceOperatorAlphaLong=, mVoiceOperatorAlphaShort=, mDataOperatorAlphaLong=, mDataOperatorAlphaShort=, isManualNetworkSelection=false(automatic), getRilVoiceRadioTechnology=0(Unknown), getRilDataRadioTechnology=0(Unknown), mCssIndicator=unsupported, mNetworkId=-1, mSystemId=-1, mCdmaRoamingIndicator=-1, mCdmaDefaultRoamingIndicator=-1, mIsEmergencyOnly=true, isUsingCarrierAggregation=false, mLteEarfcnRsrpBoost=0, mNetworkRegistrationInfos=[NetworkRegistrationInfo{ domain=CS transportType=WWAN registrationState=NOT_REG_OR_SEARCHING roamingType=NOT_ROAMING accessNetworkTechnology=UNKNOWN rejectCause=0 emergencyEnabled=true availableServices=[EMERGENCY] cellIdentity=null voiceSpecificInfo=VoiceSpecificRegistrationInfo { mCssSupported=false mRoamingIndicator=1 mSystemIsInPrl=0 mDefaultRoamingIndicator=0} dataSpecificInfo=null nrState=NONE}, NetworkRegistrationInfo{ domain=PS transportType=WWAN registrationState=UNKNOWN roamingType=NOT_ROAMING accessNetworkTechnology=UNKNOWN rejectCause=0 emergencyEnabled=false availableServices=[] cellIdentity=null voiceSpecificInfo=null dataSpecificInfo=android.telephony.DataSpecificRegistrationInfo :{ maxDataCalls = 8 isDcNrRestricted = false isNrAvailable = false isEnDcAvailable = false LteVopsSupportInfo :  mVopsSupport = 1 mEmcBearerSupport = 1 mIsUsingCarrierAggregation = false } nrState=NONE}], mNrFrequencyRange=-1, mOperatorAlphaLongRaw=, mOperatorAlphaShortRaw=, mIsIwlanPreferred=false}] oldMaxDataCalls=8 mNewMaxDataCalls=8 oldReasonDataDenied=0 mNewReasonDataDenied=0
09-27 11:57:13.728  1800  1800 D SST     : [1] pollStateDone: hasRegistered = false hasDeregistered = false hasDataAttached = {1=false} hasDataDetached = {1=false} hasDataRegStateChanged = {1=false} hasRilVoiceRadioTechnologyChanged = false hasRilDataRadioTechnologyChanged = {1=false} hasDataTransportPreferenceChanged = false hasChanged = true hasVoiceRoamingOn = false hasVoiceRoamingOff = false hasDataRoamingOn =false hasDataRoamingOff = false hasLocationChanged = false has4gHandoff = false hasMultiApnSupport = false hasLostMultiApnSupport = false hasCssIndicatorChanged = false hasNrFrequencyRangeChanged = false hasNrStateChanged = false hasAirplaneModeOnlChanged = false
09-27 11:57:13.728  1800  1800 D SubscriptionController: [getSubId]- numSubIds == 0, return null slotIndex=1
09-27 11:57:13.729  1800  1800 D SST     : [1] updateSpnDisplayLegacy+
09-27 11:57:13.729  1800  1800 D SubscriptionController: [getSubId]- numSubIds == 0, return null slotIndex=1
09-27 11:57:13.730  1800  1800 D SubscriptionController: [getSubId]- numSubIds == 0, return null slotIndex=1
09-27 11:57:13.731  1800  1800 D SST     : [1] updateSpnDisplay: radio is on but out of service, set plmn='Только экстренные вызовы'
09-27 11:57:13.731  1800  1800 D SubscriptionController: [getSubId]- numSubIds == 0, return null slotIndex=1
09-27 11:57:13.732  1800  1800 D SST     : [1] updateSpnDisplay: rawSpn = 
09-27 11:57:13.732  1800  1800 D SubscriptionController: [getSubId]- numSubIds == 0, return null slotIndex=1
09-27 11:57:13.732  1800  1800 I chatty  : uid=1001(radio) com.android.phone identical 13 lines
09-27 11:57:13.737  1800  2157 I chatty  : uid=1001(radio) Binder:1800_A expire 1 line
09-27 11:57:13.741  1800  1800 I chatty  : uid=1001(radio) com.android.phone expire 91 lines
09-27 11:57:13.743  1371  2341 D TelephonyRegistry: notifyServiceStateForSubscriber: INVALID phoneId=1 or subId=-1
09-27 11:57:13.746  1371  2341 E PHONE   : ServiceState.getRadioTechnology() DEPRECATED will be removed *******
09-27 11:57:13.959  1800  2158 I chatty  : uid=1001(radio) Binder:1800_B expire 1 line
09-27 11:57:14.029  1800  1800 I chatty  : uid=1001(radio) com.android.phone expire 5 lines
09-27 11:57:14.038  1800  1909 I chatty  : uid=1001(radio) HwBinder:1800_1 expire 2 lines
09-27 11:57:14.038  1800  1800 I chatty  : uid=1001(radio) com.android.phone expire 2 lines
09-27 11:57:14.039  1800  1909 I chatty  : uid=1001(radio) HwBinder:1800_1 expire 2 lines
09-27 11:57:14.041  1199  1202 I chatty  : uid=0(root) /vendor/bin/mtkrild expire 39 lines
09-27 11:57:14.041  1800  1800 I chatty  : uid=1001(radio) com.android.phone expire 2 lines
09-27 11:57:14.043  1800  2076 I chatty  : uid=1001(radio) NetworkService expire 2 lines
09-27 11:57:14.051  1310  1329 I chatty  : uid=1001(radio) Ril Proxy Main expire 2 lines
09-27 11:57:14.051  1800  1909 I chatty  : uid=1001(radio) HwBinder:1800_1 expire 2 lines
09-27 11:57:14.054  1310  1329 I chatty  : uid=1001(radio) Ril Proxy Main expire 4 lines
09-27 11:57:14.056  1800  1909 I chatty  : uid=1001(radio) HwBinder:1800_1 expire 2 lines
09-27 11:57:14.060  1800  2107 I chatty  : uid=1001(radio) CellularNetwork expire 1 line
09-27 11:57:14.061  1800  1800 I chatty  : uid=1001(radio) com.android.phone expire 2 lines
09-27 11:57:14.061  1310  1329 I chatty  : uid=1001(radio) Ril Proxy Main expire 2 lines
09-27 11:57:14.062  1800  1909 I chatty  : uid=1001(radio) HwBinder:1800_1 expire 1 line
09-27 11:57:14.063  1800  2107 I chatty  : uid=1001(radio) CellularNetwork expire 1 line
09-27 11:57:14.065  1800  1800 I chatty  : uid=1001(radio) com.android.phone expire 15 lines
09-27 11:57:14.084  1800  1909 I chatty  : uid=1001(radio) HwBinder:1800_1 expire 4 lines
09-27 11:57:14.084  1800  1800 I chatty  : uid=1001(radio) com.android.phone expire 6 lines
09-27 11:57:14.090  1800  2076 I chatty  : uid=1001(radio) NetworkService expire 2 lines
09-27 11:57:14.099  1310  1329 I chatty  : uid=1001(radio) Ril Proxy Main expire 3 lines
09-27 11:57:14.099  1800  1909 I chatty  : uid=1001(radio) HwBinder:1800_1 expire 2 lines
09-27 11:57:14.110  1310  1329 I chatty  : uid=1001(radio) Ril Proxy Main expire 2 lines
09-27 11:57:14.112  1800  1909 I chatty  : uid=1001(radio) HwBinder:1800_1 expire 1 line
09-27 11:57:14.113  1800  2108 I chatty  : uid=1001(radio) CellularNetwork expire 1 line
09-27 11:57:14.113  1800  1800 I chatty  : uid=1001(radio) com.android.phone expire 6 lines
09-27 11:57:14.116  1310  1329 I chatty  : uid=1001(radio) Ril Proxy Main expire 2 lines
09-27 11:57:14.117  1800  2108 I chatty  : uid=1001(radio) CellularNetwork expire 1 line
09-27 11:57:14.117  1800  1909 I chatty  : uid=1001(radio) HwBinder:1800_1 expire 1 line
09-27 11:57:14.118  1800  1800 I chatty  : uid=1001(radio) com.android.phone expire 2 lines
09-27 11:57:14.119  1800  1800 D SST     : [1] EVENT_POLL_STATE_NETWORK_SELECTION_MODE
09-27 11:57:14.119  1800  1800 D SST     : [1] handlePollStateResultMessage: PS cellular. NetworkRegistrationInfo{ domain=PS transportType=WWAN registrationState=UNKNOWN roamingType=NOT_ROAMING accessNetworkTechnology=UNKNOWN rejectCause=0 emergencyEnabled=false availableServices=[] cellIdentity=null voiceSpecificInfo=null dataSpecificInfo=android.telephony.DataSpecificRegistrationInfo :{ maxDataCalls = 8 isDcNrRestricted = false isNrAvailable = false isEnDcAvailable = false LteVopsSupportInfo :  mVopsSupport = 1 mEmcBearerSupport = 1 mIsUsingCarrierAggregation = false } nrState=NONE}
09-27 11:57:14.119  1800  1800 D SST     : [1] Could not set ServiceState channel number. CellIdentity null
09-27 11:57:14.119  1800  1800 D SST     : [1] Could not set ServiceState channel number. CellIdentity null
09-27 11:57:14.119  1800  1800 D SST     : [1] handlePollStateResultMessage: CS cellular. NetworkRegistrationInfo{ domain=CS transportType=WWAN registrationState=NOT_REG_OR_SEARCHING roamingType=NOT_ROAMING accessNetworkTechnology=UNKNOWN rejectCause=0 emergencyEnabled=true availableServices=[EMERGENCY] cellIdentity=null voiceSpecificInfo=VoiceSpecificRegistrationInfo { mCssSupported=false mRoamingIndicator=1 mSystemIsInPrl=0 mDefaultRoamingIndicator=0} dataSpecificInfo=null nrState=NONE}
09-27 11:57:14.120  1800  1800 D SST     : [1] combinePsRegistrationStates: {mVoiceRegState=1(OUT_OF_SERVICE), mDataRegState=1(OUT_OF_SERVICE), mChannelNumber=-1, duplexMode()=0, mCellBandwidths=[], mVoiceOperatorAlphaLong=, mVoiceOperatorAlphaShort=, mDataOperatorAlphaLong=, mDataOperatorAlphaShort=, isManualNetworkSelection=false(automatic), getRilVoiceRadioTechnology=0(Unknown), getRilDataRadioTechnology=0(Unknown), mCssIndicator=unsupported, mNetworkId=-1, mSystemId=-1, mCdmaRoamingIndicator=-1, mCdmaDefaultRoamingIndicator=-1, mIsEmergencyOnly=true, isUsingCarrierAggregation=false, mLteEarfcnRsrpBoost=0, mNetworkRegistrationInfos=[NetworkRegistrationInfo{ domain=PS transportType=WWAN registrationState=UNKNOWN roamingType=NOT_ROAMING accessNetworkTechnology=UNKNOWN rejectCause=0 emergencyEnabled=false availableServices=[] cellIdentity=null voiceSpecificInfo=null dataSpecificInfo=android.telephony.DataSpecificRegistrationInfo :{ maxDataCalls = 8 isDcNrRestricted = false isNrAvailable = false isEnDcAvailable = false LteVopsSupportInfo :  mVopsSupport = 1 mEmcBearerSupport = 1 mIsUsingCarrierAggregation = false } nrState=NONE}, NetworkRegistrationInfo{ domain=CS transportType=WWAN registrationState=NOT_REG_OR_SEARCHING roamingType=NOT_ROAMING accessNetworkTechnology=UNKNOWN rejectCause=0 emergencyEnabled=true availableServices=[EMERGENCY] cellIdentity=null voiceSpecificInfo=VoiceSpecificRegistrationInfo { mCssSupported=false mRoamingIndicator=1 mSystemIsInPrl=0 mDefaultRoamingIndicator=0} dataSpecificInfo=null nrState=NONE}], mNrFrequencyRange=-1, mOperatorAlphaLongRaw=, mOperatorAlphaShortRaw=, mIsIwlanPreferred=false}
09-27 11:57:14.120  1800  1800 D SubscriptionController: [getSubId]- numSubIds == 0, return null slotIndex=1
09-27 11:57:14.121  1800  2158 D RILJ    : [0318]> RIL_REQUEST_CDMA_SET_BROADCAST_CONFIG with 1 configs :  [SUB0]
09-27 11:57:14.121  1800  2158 D RILJ    : {.serviceCategory = 4096, .language = 1, .selected = true} [SUB0]
09-27 11:57:14.122  1800  1800 D SST     : [1] Poll ServiceState done:  oldSS=[{mVoiceRegState=1(OUT_OF_SERVICE), mDataRegState=1(OUT_OF_SERVICE), mChannelNumber=-1, duplexMode()=0, mCellBandwidths=[], mVoiceOperatorAlphaLong=, mVoiceOperatorAlphaShort=, mDataOperatorAlphaLong=, mDataOperatorAlphaShort=, isManualNetworkSelection=false(automatic), getRilVoiceRadioTechnology=0(Unknown), getRilDataRadioTechnology=0(Unknown), mCssIndicator=unsupported, mNetworkId=-1, mSystemId=-1, mCdmaRoamingIndicator=-1, mCdmaDefaultRoamingIndicator=-1, mIsEmergencyOnly=true, isUsingCarrierAggregation=false, mLteEarfcnRsrpBoost=0, mNetworkRegistrationInfos=[NetworkRegistrationInfo{ domain=CS transportType=WWAN registrationState=NOT_REG_OR_SEARCHING roamingType=NOT_ROAMING accessNetworkTechnology=UNKNOWN rejectCause=0 emergencyEnabled=true availableServices=[EMERGENCY] cellIdentity=null voiceSpecificInfo=VoiceSpecificRegistrationInfo { mCssSupported=false mRoamingIndicator=1 mSystemIsInPrl=0 mDefaultRoamingIndicator=0} dataSpecificInfo=null nrState=NONE}, NetworkRegistrationInfo{ domain=PS transportType=WWAN registrationState=UNKNOWN roamingType=NOT_ROAMING accessNetworkTechnology=UNKNOWN rejectCause=0 emergencyEnabled=false availableServices=[] cellIdentity=null voiceSpecificInfo=null dataSpecificInfo=android.telephony.DataSpecificRegistrationInfo :{ maxDataCalls = 8 isDcNrRestricted = false isNrAvailable = false isEnDcAvailable = false LteVopsSupportInfo :  mVopsSupport = 1 mEmcBearerSupport = 1 mIsUsingCarrierAggregation = false } nrState=NONE}], mNrFrequencyRange=-1, mOperatorAlphaLongRaw=, mOperatorAlphaShortRaw=, mIsIwlanPreferred=false}] newSS=[{mVoiceRegState=1(OUT_OF_SERVICE), mDataRegState=1(OUT_OF_SERVICE), mChannelNumber=-1, duplexMode()=0, mCellBandwidths=[], mVoiceOperatorAlphaLong=, mVoiceOperatorAlphaShort=, mDataOperatorAlphaLong=, mDataOperatorAlphaShort=, isManualNetworkSelection=false(automatic), getRilVoiceRadioTechnology=0(Unknown), getRilDataRadioTechnology=0(Unknown), mCssIndicator=unsupported, mNetworkId=-1, mSystemId=-1, mCdmaRoamingIndicator=-1, mCdmaDefaultRoamingIndicator=-1, mIsEmergencyOnly=true, isUsingCarrierAggregation=false, mLteEarfcnRsrpBoost=0, mNetworkRegistrationInfos=[NetworkRegistrationInfo{ domain=CS transportType=WWAN registrationState=NOT_REG_OR_SEARCHING roamingType=NOT_ROAMING accessNetworkTechnology=UNKNOWN rejectCause=0 emergencyEnabled=true availableServices=[EMERGENCY] cellIdentity=null voiceSpecificInfo=VoiceSpecificRegistrationInfo { mCssSupported=false mRoamingIndicator=1 mSystemIsInPrl=0 mDefaultRoamingIndicator=0} dataSpecificInfo=null nrState=NONE}, NetworkRegistrationInfo{ domain=PS transportType=WWAN registrationState=UNKNOWN roamingType=NOT_ROAMING accessNetworkTechnology=UNKNOWN rejectCause=0 emergencyEnabled=false availableServices=[] cellIdentity=null voiceSpecificInfo=null dataSpecificInfo=android.telephony.DataSpecificRegistrationInfo :{ maxDataCalls = 8 isDcNrRestricted = false isNrAvailable = false isEnDcAvailable = false LteVopsSupportInfo :  mVopsSupport = 1 mEmcBearerSupport = 1 mIsUsingCarrierAggregation = false } nrState=NONE}], mNrFrequencyRange=-1, mOperatorAlphaLongRaw=, mOperatorAlphaShortRaw=, mIsIwlanPreferred=false}] oldMaxDataCalls=8 mNewMaxDataCalls=8 oldReasonDataDenied=0 mNewReasonDataDenied=0
09-27 11:57:14.122  1310  1329 E RfxRilAdapter: (w)requestToRild incorrect c2k socket (slotId=0, dest=1, targetFd=-1) (c2kslotId=0)
09-27 11:57:14.122  1310  1329 I RfxRilAdapter: dispatchErrorResponse req (slotId=0, dest=1, id=93)
09-27 11:57:14.122  1800  1800 D SST     : [1] pollStateDone: hasRegistered = false hasDeregistered = false hasDataAttached = {1=false} hasDataDetached = {1=false} hasDataRegStateChanged = {1=false} hasRilVoiceRadioTechnologyChanged = false hasRilDataRadioTechnologyChanged = {1=false} hasDataTransportPreferenceChanged = false hasChanged = false hasVoiceRoamingOn = false hasVoiceRoamingOff = false hasDataRoamingOn =false hasDataRoamingOff = false hasLocationChanged = false has4gHandoff = false hasMultiApnSupport = false hasLostMultiApnSupport = false hasCssIndicatorChanged = false hasNrFrequencyRangeChanged = false hasNrStateChanged = false hasAirplaneModeOnlChanged = false
09-27 11:57:14.122  1310  1329 E RILC-RP : Calling responseFunction() for token 318
09-27 11:57:14.122  1800  1909 D RILJ    : [0318]< RIL_REQUEST_CDMA_SET_BROADCAST_CONFIG error 1 [SUB0]
09-27 11:57:14.123  1800  1909 D RilRequest: [0318]< RIL_REQUEST_CDMA_SET_BROADCAST_CONFIG error: com.android.internal.telephony.CommandException: RADIO_NOT_AVAILABLE ret=
09-27 11:57:14.135  1800  2158 D RILJ    : [0319]> RIL_REQUEST_GSM_BROADCAST_ACTIVATION activate = true [SUB0]
09-27 11:57:14.136  1800  1800 D SubscriptionController: [getActiveSubInfoUsingIccId]+ iccId=8970199251036491120F subList=[{id=1, iccId=8970199251036491120 simSlotIndex=0 carrierId=1681 displayName=beeline carrierName=Только экстренные вызовы – beeline nameSource=0 iconTint=-16746133 mNumber= dataRoaming=0 iconBitmap=android.graphics.Bitmap@3009609 mcc 250 mnc 99mCountryIso=ru isEmbedded false nativeAccessRules null cardString=8970199251036491120F cardId=0 isOpportunistic false mGroupUUID=null mIsGroupDisabled=false profileClass=-1 ehplmns = null hplmns = null subscriptionType=0 mGroupOwner=null carrierConfigAccessRules=null}] subInfo=null
09-27 11:57:14.213  1310  1329 E RILC-RP : Calling responseFunction() for token 319
09-27 11:57:14.214  1800  1909 D RILJ    : [0319]< RIL_REQUEST_GSM_BROADCAST_ACTIVATION  [SUB0]
09-27 11:57:14.238  1800  2158 D RILJ    : [0320]> RIL_REQUEST_GSM_BROADCAST_ACTIVATION activate = true [SUB0]
09-27 11:57:14.250  1800  1800 D TelephonyNetworkFactory[0]: got request NetworkRequest [ TRACK_DEFAULT id=20, [ Capabilities: INTERNET&NOT_RESTRICTED&TRUSTED Uid: 10139] ] with score 0 and serial 0
09-27 11:57:14.251  1800  1800 D TelephonyNetworkFactory[1]: got request NetworkRequest [ TRACK_DEFAULT id=20, [ Capabilities: INTERNET&NOT_RESTRICTED&TRUSTED Uid: 10139] ] with score 0 and serial 0
09-27 11:57:14.251  1800  1800 D TelephonyNetworkFactory[0]: onNeedNetworkFor NetworkRequest [ TRACK_DEFAULT id=20, [ Capabilities: INTERNET&NOT_RESTRICTED&TRUSTED Uid: 10139] ] shouldApply true
09-27 11:57:14.251  1800  1800 D SubscriptionController: [getSubId]- numSubIds == 0, return null slotIndex=1
09-27 11:57:14.251  1800  1800 D TelephonyNetworkFactory[1]: onNeedNetworkFor NetworkRequest [ TRACK_DEFAULT id=20, [ Capabilities: INTERNET&NOT_RESTRICTED&TRUSTED Uid: 10139] ] shouldApply false
09-27 11:57:14.252  1800  1800 D SubscriptionController: [getSubId]- numSubIds == 0, return null slotIndex=1
09-27 11:57:14.328  1310  1329 E RILC-RP : Calling responseFunction() for token 320
09-27 11:57:14.328  1800  1909 D RILJ    : [0320]< RIL_REQUEST_GSM_BROADCAST_ACTIVATION  [SUB0]
09-27 11:57:14.337  1800  2158 D RILJ    : [0321]> RIL_REQUEST_CDMA_SET_BROADCAST_CONFIG with 1 configs :  [SUB0]
09-27 11:57:14.337  1800  2158 D RILJ    : {.serviceCategory = 4097, .language = 1, .selected = true} [SUB0]
09-27 11:57:14.337  1310  1329 E RfxRilAdapter: (w)requestToRild incorrect c2k socket (slotId=0, dest=1, targetFd=-1) (c2kslotId=0)
09-27 11:57:14.337  1310  1329 I RfxRilAdapter: dispatchErrorResponse req (slotId=0, dest=1, id=93)
09-27 11:57:14.338  1310  1329 E RILC-RP : Calling responseFunction() for token 321
09-27 11:57:14.338  1800  1909 D RILJ    : [0321]< RIL_REQUEST_CDMA_SET_BROADCAST_CONFIG error 1 [SUB0]
09-27 11:57:14.338  1800  1909 D RilRequest: [0321]< RIL_REQUEST_CDMA_SET_BROADCAST_CONFIG error: com.android.internal.telephony.CommandException: RADIO_NOT_AVAILABLE ret=
09-27 11:57:14.345  1800  2158 D RILJ    : [0322]> RIL_REQUEST_GSM_BROADCAST_ACTIVATION activate = true [SUB0]
09-27 11:57:14.436  1310  1329 E RILC-RP : Calling responseFunction() for token 322
09-27 11:57:14.437  1800  1909 D RILJ    : [0322]< RIL_REQUEST_GSM_BROADCAST_ACTIVATION  [SUB0]
09-27 11:57:14.459  1800  2158 D RILJ    : [0323]> RIL_REQUEST_GSM_BROADCAST_ACTIVATION activate = true [SUB0]
09-27 11:57:14.547  1310  1329 E RILC-RP : Calling responseFunction() for token 323
09-27 11:57:14.548  1800  1909 D RILJ    : [0323]< RIL_REQUEST_GSM_BROADCAST_ACTIVATION  [SUB0]
09-27 11:57:14.556  1800  2158 D RILJ    : [0324]> RIL_REQUEST_CDMA_SET_BROADCAST_CONFIG with 1 configs :  [SUB0]
09-27 11:57:14.556  1800  2158 D RILJ    : {.serviceCategory = 4098, .language = 1, .selected = true} [SUB0]
09-27 11:57:14.558  1310  1329 E RfxRilAdapter: (w)requestToRild incorrect c2k socket (slotId=0, dest=1, targetFd=-1) (c2kslotId=0)
09-27 11:57:14.558  1310  1329 I RfxRilAdapter: dispatchErrorResponse req (slotId=0, dest=1, id=93)
09-27 11:57:14.558  1310  1329 E RILC-RP : Calling responseFunction() for token 324
09-27 11:57:14.559  1800  1909 D RILJ    : [0324]< RIL_REQUEST_CDMA_SET_BROADCAST_CONFIG error 1 [SUB0]
09-27 11:57:14.559  1800  1909 D RilRequest: [0324]< RIL_REQUEST_CDMA_SET_BROADCAST_CONFIG error: com.android.internal.telephony.CommandException: RADIO_NOT_AVAILABLE ret=
09-27 11:57:14.575  1800  2158 D RILJ    : [0325]> RIL_REQUEST_GSM_BROADCAST_ACTIVATION activate = true [SUB0]
09-27 11:57:14.655  1310  1329 E RILC-RP : Calling responseFunction() for token 325
09-27 11:57:14.656  1800  1909 D RILJ    : [0325]< RIL_REQUEST_GSM_BROADCAST_ACTIVATION  [SUB0]
09-27 11:57:14.688  1800  2158 D RILJ    : [0326]> RIL_REQUEST_GSM_BROADCAST_ACTIVATION activate = true [SUB0]
09-27 11:57:14.769  1310  1329 E RILC-RP : Calling responseFunction() for token 326
09-27 11:57:14.770  1800  1909 D RILJ    : [0326]< RIL_REQUEST_GSM_BROADCAST_ACTIVATION  [SUB0]
09-27 11:57:14.781  1800  2158 D RILJ    : [0327]> RIL_REQUEST_CDMA_SET_BROADCAST_CONFIG with 1 configs :  [SUB0]
09-27 11:57:14.782  1800  2158 D RILJ    : {.serviceCategory = 4099, .language = 1, .selected = true} [SUB0]
09-27 11:57:14.782  1310  1329 E RfxRilAdapter: (w)requestToRild incorrect c2k socket (slotId=0, dest=1, targetFd=-1) (c2kslotId=0)
09-27 11:57:14.782  1310  1329 I RfxRilAdapter: dispatchErrorResponse req (slotId=0, dest=1, id=93)
09-27 11:57:14.782  1310  1329 E RILC-RP : Calling responseFunction() for token 327
09-27 11:57:14.783  1800  1909 D RILJ    : [0327]< RIL_REQUEST_CDMA_SET_BROADCAST_CONFIG error 1 [SUB0]
09-27 11:57:14.783  1800  1909 D RilRequest: [0327]< RIL_REQUEST_CDMA_SET_BROADCAST_CONFIG error: com.android.internal.telephony.CommandException: RADIO_NOT_AVAILABLE ret=
09-27 11:57:14.793  1800  2158 D RILJ    : [0328]> RIL_REQUEST_GSM_BROADCAST_ACTIVATION activate = true [SUB0]
09-27 11:57:14.871  1800  1800 D TelephonyNetworkFactory[0]: got request NetworkRequest [ TRACK_DEFAULT id=21, [ Capabilities: INTERNET&NOT_RESTRICTED&TRUSTED Uid: 10139] ] with score 0 and serial 0
09-27 11:57:14.872  1800  1800 D TelephonyNetworkFactory[1]: got request NetworkRequest [ TRACK_DEFAULT id=21, [ Capabilities: INTERNET&NOT_RESTRICTED&TRUSTED Uid: 10139] ] with score 0 and serial 0
09-27 11:57:14.872  1800  1800 D TelephonyNetworkFactory[0]: onNeedNetworkFor NetworkRequest [ TRACK_DEFAULT id=21, [ Capabilities: INTERNET&NOT_RESTRICTED&TRUSTED Uid: 10139] ] shouldApply true
09-27 11:57:14.873  1800  1800 D SubscriptionController: [getSubId]- numSubIds == 0, return null slotIndex=1
09-27 11:57:14.873  1800  1800 D TelephonyNetworkFactory[1]: onNeedNetworkFor NetworkRequest [ TRACK_DEFAULT id=21, [ Capabilities: INTERNET&NOT_RESTRICTED&TRUSTED Uid: 10139] ] shouldApply false
09-27 11:57:14.874  1800  1800 D SubscriptionController: [getSubId]- numSubIds == 0, return null slotIndex=1
09-27 11:57:14.874  1310  1329 E RILC-RP : Calling responseFunction() for token 328
09-27 11:57:14.875  1800  1909 D RILJ    : [0328]< RIL_REQUEST_GSM_BROADCAST_ACTIVATION  [SUB0]
09-27 11:57:15.047  1800  2158 D RILJ    : [0329]> RIL_REQUEST_GSM_BROADCAST_ACTIVATION activate = true [SUB0]
09-27 11:57:15.145  1310  1329 E RILC-RP : Calling responseFunction() for token 329
09-27 11:57:15.146  1800  1909 D RILJ    : [0329]< RIL_REQUEST_GSM_BROADCAST_ACTIVATION  [SUB0]
09-27 11:57:15.159  1800  2158 D RILJ    : [0330]> RIL_REQUEST_GSM_BROADCAST_ACTIVATION activate = true [SUB0]
09-27 11:57:15.257  1310  1329 E RILC-RP : Calling responseFunction() for token 330
09-27 11:57:15.258  1800  1909 D RILJ    : [0330]< RIL_REQUEST_GSM_BROADCAST_ACTIVATION  [SUB0]
09-27 11:57:15.440  1800  2158 D RILJ    : [0331]> RIL_REQUEST_GSM_BROADCAST_ACTIVATION activate = true [SUB0]
09-27 11:57:15.534  1310  1329 E RILC-RP : Calling responseFunction() for token 331
09-27 11:57:15.537  1800  1909 D RILJ    : [0331]< RIL_REQUEST_GSM_BROADCAST_ACTIVATION  [SUB0]
09-27 11:57:15.554  1800  2158 D RILJ    : [0332]> RIL_REQUEST_CDMA_SET_BROADCAST_CONFIG with 1 configs :  [SUB0]
09-27 11:57:15.555  1800  2158 D RILJ    : {.serviceCategory = 4096, .language = 1, .selected = true} [SUB0]
09-27 11:57:15.556  1310  1329 E RfxRilAdapter: (w)requestToRild incorrect c2k socket (slotId=0, dest=1, targetFd=-1) (c2kslotId=0)
09-27 11:57:15.556  1310  1329 I RfxRilAdapter: dispatchErrorResponse req (slotId=0, dest=1, id=93)
09-27 11:57:15.556  1310  1329 E RILC-RP : Calling responseFunction() for token 332
09-27 11:57:15.557  1800  1909 D RILJ    : [0332]< RIL_REQUEST_CDMA_SET_BROADCAST_CONFIG error 1 [SUB0]
09-27 11:57:15.557  1800  1909 D RilRequest: [0332]< RIL_REQUEST_CDMA_SET_BROADCAST_CONFIG error: com.android.internal.telephony.CommandException: RADIO_NOT_AVAILABLE ret=
09-27 11:57:15.572  1800  2158 D RILJ    : [0333]> RIL_REQUEST_GSM_BROADCAST_ACTIVATION activate = true [SUB0]
09-27 11:57:15.667  1310  1329 E RILC-RP : Calling responseFunction() for token 333
09-27 11:57:15.668  1800  1909 D RILJ    : [0333]< RIL_REQUEST_GSM_BROADCAST_ACTIVATION  [SUB0]
09-27 11:57:15.727  1800  2158 D RILJ    : [0334]> RIL_REQUEST_GSM_BROADCAST_ACTIVATION activate = true [SUB0]
09-27 11:57:15.814  1310  1329 E RILC-RP : Calling responseFunction() for token 334
09-27 11:57:15.815  1800  1909 D RILJ    : [0334]< RIL_REQUEST_GSM_BROADCAST_ACTIVATION  [SUB0]
09-27 11:57:15.838  1800  2158 D RILJ    : [0335]> RIL_REQUEST_CDMA_SET_BROADCAST_CONFIG with 1 configs :  [SUB0]
09-27 11:57:15.838  1800  2158 D RILJ    : {.serviceCategory = 4097, .language = 1, .selected = true} [SUB0]
09-27 11:57:15.840  1310  1329 E RfxRilAdapter: (w)requestToRild incorrect c2k socket (slotId=0, dest=1, targetFd=-1) (c2kslotId=0)
09-27 11:57:15.840  1310  1329 I RfxRilAdapter: dispatchErrorResponse req (slotId=0, dest=1, id=93)
09-27 11:57:15.840  1310  1329 E RILC-RP : Calling responseFunction() for token 335
09-27 11:57:15.840  1800  1909 D RILJ    : [0335]< RIL_REQUEST_CDMA_SET_BROADCAST_CONFIG error 1 [SUB0]
09-27 11:57:15.840  1800  1909 D RilRequest: [0335]< RIL_REQUEST_CDMA_SET_BROADCAST_CONFIG error: com.android.internal.telephony.CommandException: RADIO_NOT_AVAILABLE ret=
09-27 11:57:15.875  1800  2158 D RILJ    : [0336]> RIL_REQUEST_GSM_BROADCAST_ACTIVATION activate = true [SUB0]
09-27 11:57:15.959  1310  1329 E RILC-RP : Calling responseFunction() for token 336
09-27 11:57:15.960  1800  1909 D RILJ    : [0336]< RIL_REQUEST_GSM_BROADCAST_ACTIVATION  [SUB0]
09-27 11:57:16.005  1800  2158 D RILJ    : [0337]> RIL_REQUEST_GSM_BROADCAST_ACTIVATION activate = true [SUB0]
09-27 11:57:16.110  1310  1329 E RILC-RP : Calling responseFunction() for token 337
09-27 11:57:16.111  1800  1909 D RILJ    : [0337]< RIL_REQUEST_GSM_BROADCAST_ACTIVATION  [SUB0]
09-27 11:57:16.121  1800  2158 D RILJ    : [0338]> RIL_REQUEST_CDMA_SET_BROADCAST_CONFIG with 1 configs :  [SUB0]
09-27 11:57:16.121  1800  2158 D RILJ    : {.serviceCategory = 4098, .language = 1, .selected = true} [SUB0]
09-27 11:57:16.122  1310  1329 E RfxRilAdapter: (w)requestToRild incorrect c2k socket (slotId=0, dest=1, targetFd=-1) (c2kslotId=0)
09-27 11:57:16.122  1310  1329 I RfxRilAdapter: dispatchErrorResponse req (slotId=0, dest=1, id=93)
09-27 11:57:16.122  1310  1329 E RILC-RP : Calling responseFunction() for token 338
09-27 11:57:16.123  1800  1909 D RILJ    : [0338]< RIL_REQUEST_CDMA_SET_BROADCAST_CONFIG error 1 [SUB0]
09-27 11:57:16.123  1800  1909 D RilRequest: [0338]< RIL_REQUEST_CDMA_SET_BROADCAST_CONFIG error: com.android.internal.telephony.CommandException: RADIO_NOT_AVAILABLE ret=
09-27 11:57:16.132  1800  2158 D RILJ    : [0339]> RIL_REQUEST_GSM_BROADCAST_ACTIVATION activate = true [SUB0]
09-27 11:57:16.213  1199  1240 I chatty  : uid=0(root) /vendor/bin/mtkrild expire 355 lines
09-27 11:57:16.214  1310  1329 E RILC-RP : Calling responseFunction() for token 339
09-27 11:57:16.214  1800  1909 D RILJ    : [0339]< RIL_REQUEST_GSM_BROADCAST_ACTIVATION  [SUB0]
09-27 11:57:16.257  1800  2158 D RILJ    : [0340]> RIL_REQUEST_GSM_BROADCAST_ACTIVATION activate = true [SUB0]
09-27 11:57:16.335  1310  1329 E RILC-RP : Calling responseFunction() for token 340
09-27 11:57:16.336  1800  1909 D RILJ    : [0340]< RIL_REQUEST_GSM_BROADCAST_ACTIVATION  [SUB0]
09-27 11:57:16.354  1800  2158 D RILJ    : [0341]> RIL_REQUEST_CDMA_SET_BROADCAST_CONFIG with 1 configs :  [SUB0]
09-27 11:57:16.354  1800  2158 D RILJ    : {.serviceCategory = 4099, .language = 1, .selected = true} [SUB0]
09-27 11:57:16.355  1310  1329 E RfxRilAdapter: (w)requestToRild incorrect c2k socket (slotId=0, dest=1, targetFd=-1) (c2kslotId=0)
09-27 11:57:16.355  1310  1329 I RfxRilAdapter: dispatchErrorResponse req (slotId=0, dest=1, id=93)
09-27 11:57:16.355  1310  1329 E RILC-RP : Calling responseFunction() for token 341
09-27 11:57:16.356  1800  1909 D RILJ    : [0341]< RIL_REQUEST_CDMA_SET_BROADCAST_CONFIG error 1 [SUB0]
09-27 11:57:16.356  1800  1909 D RilRequest: [0341]< RIL_REQUEST_CDMA_SET_BROADCAST_CONFIG error: com.android.internal.telephony.CommandException: RADIO_NOT_AVAILABLE ret=
09-27 11:57:16.369  1800  2158 D RILJ    : [0342]> RIL_REQUEST_GSM_BROADCAST_ACTIVATION activate = true [SUB0]
09-27 11:57:16.457  1310  1329 E RILC-RP : Calling responseFunction() for token 342
09-27 11:57:16.458  1800  1909 D RILJ    : [0342]< RIL_REQUEST_GSM_BROADCAST_ACTIVATION  [SUB0]
09-27 11:57:16.548  1800  1800 D TelephonyNetworkFactory[0]: got request NetworkRequest [ TRACK_DEFAULT id=26, [ Capabilities: INTERNET&NOT_RESTRICTED&TRUSTED Uid: 10139] ] with score 0 and serial 0
09-27 11:57:16.548  1800  1800 D TelephonyNetworkFactory[0]: onNeedNetworkFor NetworkRequest [ TRACK_DEFAULT id=26, [ Capabilities: INTERNET&NOT_RESTRICTED&TRUSTED Uid: 10139] ] shouldApply true
09-27 11:57:16.549  1800  1800 D TelephonyNetworkFactory[1]: got request NetworkRequest [ TRACK_DEFAULT id=26, [ Capabilities: INTERNET&NOT_RESTRICTED&TRUSTED Uid: 10139] ] with score 0 and serial 0
09-27 11:57:16.571  1800  2114 D RILJ    : [0343]> RIL_REQUEST_GSM_BROADCAST_ACTIVATION activate = true [SUB0]
09-27 11:57:16.578  1800  1800 D SubscriptionController: [getSubId]- numSubIds == 0, return null slotIndex=1
09-27 11:57:16.578  1800  1800 D TelephonyNetworkFactory[1]: onNeedNetworkFor NetworkRequest [ TRACK_DEFAULT id=26, [ Capabilities: INTERNET&NOT_RESTRICTED&TRUSTED Uid: 10139] ] shouldApply false
09-27 11:57:16.578  1800  1800 D SubscriptionController: [getSubId]- numSubIds == 0, return null slotIndex=1
09-27 11:57:16.648  1310  1329 E RILC-RP : Calling responseFunction() for token 343
09-27 11:57:16.649  1800  1909 D RILJ    : [0343]< RIL_REQUEST_GSM_BROADCAST_ACTIVATION  [SUB0]
09-27 11:57:16.655  1800  2114 D RILJ    : [0344]> RIL_REQUEST_GSM_BROADCAST_ACTIVATION activate = true [SUB0]
09-27 11:57:16.736  1310  1329 E RILC-RP : Calling responseFunction() for token 344
09-27 11:57:16.736  1800  1909 D RILJ    : [0344]< RIL_REQUEST_GSM_BROADCAST_ACTIVATION  [SUB0]
09-27 11:57:16.812  1199  1243 I chatty  : uid=0(root) /vendor/bin/mtkrild expire 6 lines
09-27 11:57:16.860  1800  1800 D TelephonyNetworkFactory[0]: got request NetworkRequest [ TRACK_DEFAULT id=27, [ Capabilities: INTERNET&NOT_RESTRICTED&TRUSTED Uid: 10143] ] with score 0 and serial 0
09-27 11:57:16.860  1800  1800 D TelephonyNetworkFactory[0]: onNeedNetworkFor NetworkRequest [ TRACK_DEFAULT id=27, [ Capabilities: INTERNET&NOT_RESTRICTED&TRUSTED Uid: 10143] ] shouldApply true
09-27 11:57:16.861  1800  1800 D SubscriptionController: [getSubId]- numSubIds == 0, return null slotIndex=1
09-27 11:57:16.861  1800  1800 D TelephonyNetworkFactory[1]: got request NetworkRequest [ TRACK_DEFAULT id=27, [ Capabilities: INTERNET&NOT_RESTRICTED&TRUSTED Uid: 10143] ] with score 0 and serial 0
09-27 11:57:16.879  1800  1800 D SubscriptionController: [getSubId]- numSubIds == 0, return null slotIndex=1
09-27 11:57:16.879  1800  1800 D TelephonyNetworkFactory[1]: onNeedNetworkFor NetworkRequest [ TRACK_DEFAULT id=27, [ Capabilities: INTERNET&NOT_RESTRICTED&TRUSTED Uid: 10143] ] shouldApply false
09-27 11:57:16.926  1199  1237 I chatty  : uid=0(root) /vendor/bin/mtkrild expire 10 lines
09-27 11:57:17.340  1310  1329 D RP_EMBMS_AT: [0] Handle URC RIL_LOCAL_GSM_UNSOL_EMBMS_CELL_INFO_NOTIFICATION Slot 0
09-27 11:57:17.340  1310  1329 D RP_EMBMS_UTIL: getDefaultDataSlotId: -1
09-27 11:57:17.340  1310  1329 D RP_EMBMS_UTIL: getDefaultDataSlotId: -1
09-27 11:57:17.340  1310  1329 D RP_EMBMS_AT: [0] ignore URC due to not on DefaultDataSlot:-1
09-27 11:57:17.343  1199  1238 I chatty  : uid=0(root) /vendor/bin/mtkrild expire 22 lines
09-27 11:57:17.347  1800  1909 D RILJ    : Unsol response received; Sending ack to ril.cpp [SUB0]
09-27 11:57:17.347  1800  1909 D RILJ    : [UNSL]< UNSOL_RESPONSE_NETWORK_STATE_CHANGED [SUB0]
09-27 11:57:17.348  1800  2076 D NRM-C-0 : onNetworkStateChanged
09-27 11:57:17.348  1800  1800 D SST     : [0] pollState: modemTriggered=true
09-27 11:57:17.351  1800  1909 D RILJ    : Unsol response received; Sending ack to ril.cpp [SUB0]
09-27 11:57:17.351  1800  1909 D RILJ    : [UNSL]< UNSOL_RESPONSE_NETWORK_STATE_CHANGED [SUB0]
09-27 11:57:17.352  1800  2076 D NRM-C-0 : onNetworkStateChanged
09-27 11:57:17.357  1800  1800 D RILJ    : [0347]> OPERATOR [SUB0]
09-27 11:57:17.362  1800  1800 D RILJ    : [0348]> QUERY_NETWORK_SELECTION_MODE [SUB0]
09-27 11:57:17.364  1800  1800 D SST     : [0] pollState: modemTriggered=true
09-27 11:57:17.364  1800  2076 D RILJ    : [0349]> DATA_REGISTRATION_STATE [SUB0]
09-27 11:57:17.366  1800  1800 D RILJ    : [0350]> OPERATOR [SUB0]
09-27 11:57:17.375  1310  1329 D RpNwSC  : [0]  OptrCache: ,,
09-27 11:57:17.375  1310  1329 E RILC-RP : Calling responseFunction() for token 347
09-27 11:57:17.377  1800  1909 D RILJ    : [0347]< OPERATOR {, , } [SUB0]
09-27 11:57:17.384  1800  2076 D RILJ    : [0351]> VOICE_REGISTRATION_STATE [SUB0]
09-27 11:57:17.385  1800  1800 D RILJ    : [0352]> QUERY_NETWORK_SELECTION_MODE [SUB0]
09-27 11:57:17.387  1310  1329 E RILC-RP : Calling responseFunction() for token 348
09-27 11:57:17.388  1800  1909 D RILJ    : [0348]< QUERY_NETWORK_SELECTION_MODE {0} [SUB0]
09-27 11:57:17.389  1800  1800 D SST     : [0] EVENT_POLL_STATE_NETWORK_SELECTION_MODE
09-27 11:57:17.389  1800  2076 D RILJ    : [0353]> DATA_REGISTRATION_STATE [SUB0]
09-27 11:57:17.393  1800  2076 D RILJ    : [0354]> VOICE_REGISTRATION_STATE [SUB0]
09-27 11:57:17.395  1310  1329 D RpNwSC  : [0]  DataCache[GSM]: reg=3 lac=****FFFF cid=****FFFF rat=0 den=11 mdc=8
09-27 11:57:17.395  1310  1329 E RILC-RP : Calling responseFunction() for token 349
09-27 11:57:17.397  1800  1909 D RILJ    : [0349]< DATA_REGISTRATION_STATE {.base = {.regState = REG_DENIED, .rat = 0, .reasonDataDenied = 11, .maxDataCalls = 8, .cellIdentity = {.cellInfoType = NONE, .cellIdentityGsm = [], .cellIdentityWcdma = [], .cellIdentityCdma = [], .cellIdentityLte = [], .cellIdentityTdscdma = []}}, .vopsInfo = {.noinit = {}}, .nrIndicators = {.isEndcAvailable = false, .isDcNrRestricted = false, .isNrAvailable = false}} [SUB0]
09-27 11:57:17.398  1800  2107 D NRM-C-0 : onRequestNetworkRegistrationInfoComplete result: 0, info: NetworkRegistrationInfo{ domain=PS transportType=WWAN registrationState=DENIED roamingType=NOT_ROAMING accessNetworkTechnology=UNKNOWN rejectCause=11 emergencyEnabled=false availableServices=[] cellIdentity=null voiceSpecificInfo=null dataSpecificInfo=android.telephony.DataSpecificRegistrationInfo :{ maxDataCalls = 8 isDcNrRestricted = false isNrAvailable = false isEnDcAvailable = false LteVopsSupportInfo :  mVopsSupport = 1 mEmcBearerSupport = 1 mIsUsingCarrierAggregation = false } nrState=NONE}
09-27 11:57:17.405  1310  1329 D RpNwSC  : [0]  OptrCache: ,,
09-27 11:57:17.406  1310  1329 E RILC-RP : Calling responseFunction() for token 350
09-27 11:57:17.406  1800  1909 D RILJ    : [0350]< OPERATOR {, , } [SUB0]
09-27 11:57:17.410  1310  1329 D RpNwSC  : [0]  VoiceCache[GSM]: reg=12 lac=****FFFF cid=****FFFF rat=0 css=0 sid=* nid=* roam=1 css=0
09-27 11:57:17.410  1310  1329 E RILC-RP : Calling responseFunction() for token 351
09-27 11:57:17.412  1800  1909 D RILJ    : [0351]< VOICE_REGISTRATION_STATE {.regState = NOT_REG_MT_SEARCHING_OP_EM, .rat = 0, .cssSupported = false, .roamingIndicator = 1, .systemIsInPrl = 0, .defaultRoamingIndicator = 0, .reasonForDenial = 0, .cellIdentity = {.cellInfoType = NONE, .cellIdentityGsm = [], .cellIdentityWcdma = [], .cellIdentityCdma = [], .cellIdentityLte = [], .cellIdentityTdscdma = []}} [SUB0]
09-27 11:57:17.413  1800  2107 D NRM-C-0 : onRequestNetworkRegistrationInfoComplete result: 0, info: NetworkRegistrationInfo{ domain=CS transportType=WWAN registrationState=NOT_REG_SEARCHING roamingType=NOT_ROAMING accessNetworkTechnology=UNKNOWN rejectCause=0 emergencyEnabled=true availableServices=[EMERGENCY] cellIdentity=null voiceSpecificInfo=VoiceSpecificRegistrationInfo { mCssSupported=false mRoamingIndicator=1 mSystemIsInPrl=0 mDefaultRoamingIndicator=0} dataSpecificInfo=null nrState=NONE}
09-27 11:57:17.415  1310  1329 E RILC-RP : Calling responseFunction() for token 352
09-27 11:57:17.416  1800  1909 D RILJ    : [0352]< QUERY_NETWORK_SELECTION_MODE {0} [SUB0]
09-27 11:57:17.416  1800  1800 D SST     : [0] EVENT_POLL_STATE_NETWORK_SELECTION_MODE
09-27 11:57:17.418  1310  1329 D RpNwSC  : [0]  DataCache[GSM]: reg=3 lac=****FFFF cid=****FFFF rat=0 den=11 mdc=8
09-27 11:57:17.418  1310  1329 E RILC-RP : Calling responseFunction() for token 353
09-27 11:57:17.419  1800  1909 D RILJ    : [0353]< DATA_REGISTRATION_STATE {.base = {.regState = REG_DENIED, .rat = 0, .reasonDataDenied = 11, .maxDataCalls = 8, .cellIdentity = {.cellInfoType = NONE, .cellIdentityGsm = [], .cellIdentityWcdma = [], .cellIdentityCdma = [], .cellIdentityLte = [], .cellIdentityTdscdma = []}}, .vopsInfo = {.noinit = {}}, .nrIndicators = {.isEndcAvailable = false, .isDcNrRestricted = false, .isNrAvailable = false}} [SUB0]
09-27 11:57:17.419  1800  2107 D NRM-C-0 : onRequestNetworkRegistrationInfoComplete result: 0, info: NetworkRegistrationInfo{ domain=PS transportType=WWAN registrationState=DENIED roamingType=NOT_ROAMING accessNetworkTechnology=UNKNOWN rejectCause=11 emergencyEnabled=false availableServices=[] cellIdentity=null voiceSpecificInfo=null dataSpecificInfo=android.telephony.DataSpecificRegistrationInfo :{ maxDataCalls = 8 isDcNrRestricted = false isNrAvailable = false isEnDcAvailable = false LteVopsSupportInfo :  mVopsSupport = 1 mEmcBearerSupport = 1 mIsUsingCarrierAggregation = false } nrState=NONE}
09-27 11:57:17.420  1800  1800 D SST     : [0] handlePollStateResultMessage: PS cellular. NetworkRegistrationInfo{ domain=PS transportType=WWAN registrationState=DENIED roamingType=NOT_ROAMING accessNetworkTechnology=UNKNOWN rejectCause=11 emergencyEnabled=false availableServices=[] cellIdentity=null voiceSpecificInfo=null dataSpecificInfo=android.telephony.DataSpecificRegistrationInfo :{ maxDataCalls = 8 isDcNrRestricted = false isNrAvailable = false isEnDcAvailable = false LteVopsSupportInfo :  mVopsSupport = 1 mEmcBearerSupport = 1 mIsUsingCarrierAggregation = false } nrState=NONE}
09-27 11:57:17.420  1800  1800 D SST     : [0] Could not set ServiceState channel number. CellIdentity null
09-27 11:57:17.421  1310  1329 D RpNwSC  : [0]  VoiceCache[GSM]: reg=12 lac=****FFFF cid=****FFFF rat=0 css=0 sid=* nid=* roam=1 css=0
09-27 11:57:17.421  1310  1329 E RILC-RP : Calling responseFunction() for token 354
09-27 11:57:17.422  1800  1909 D RILJ    : [0354]< VOICE_REGISTRATION_STATE {.regState = NOT_REG_MT_SEARCHING_OP_EM, .rat = 0, .cssSupported = false, .roamingIndicator = 1, .systemIsInPrl = 0, .defaultRoamingIndicator = 0, .reasonForDenial = 0, .cellIdentity = {.cellInfoType = NONE, .cellIdentityGsm = [], .cellIdentityWcdma = [], .cellIdentityCdma = [], .cellIdentityLte = [], .cellIdentityTdscdma = []}} [SUB0]
09-27 11:57:17.422  1800  2107 D NRM-C-0 : onRequestNetworkRegistrationInfoComplete result: 0, info: NetworkRegistrationInfo{ domain=CS transportType=WWAN registrationState=NOT_REG_SEARCHING roamingType=NOT_ROAMING accessNetworkTechnology=UNKNOWN rejectCause=0 emergencyEnabled=true availableServices=[EMERGENCY] cellIdentity=null voiceSpecificInfo=VoiceSpecificRegistrationInfo { mCssSupported=false mRoamingIndicator=1 mSystemIsInPrl=0 mDefaultRoamingIndicator=0} dataSpecificInfo=null nrState=NONE}
09-27 11:57:17.422  1800  1800 D SST     : [0] Could not set ServiceState channel number. CellIdentity null
09-27 11:57:17.422  1800  1800 D SST     : [0] handlePollStateResultMessage: CS cellular. NetworkRegistrationInfo{ domain=CS transportType=WWAN registrationState=NOT_REG_SEARCHING roamingType=NOT_ROAMING accessNetworkTechnology=UNKNOWN rejectCause=0 emergencyEnabled=true availableServices=[EMERGENCY] cellIdentity=null voiceSpecificInfo=VoiceSpecificRegistrationInfo { mCssSupported=false mRoamingIndicator=1 mSystemIsInPrl=0 mDefaultRoamingIndicator=0} dataSpecificInfo=null nrState=NONE}
09-27 11:57:17.423  1800  1800 D SST     : [0] combinePsRegistrationStates: {mVoiceRegState=1(OUT_OF_SERVICE), mDataRegState=1(OUT_OF_SERVICE), mChannelNumber=-1, duplexMode()=0, mCellBandwidths=[], mVoiceOperatorAlphaLong=, mVoiceOperatorAlphaShort=, mDataOperatorAlphaLong=, mDataOperatorAlphaShort=, isManualNetworkSelection=false(automatic), getRilVoiceRadioTechnology=0(Unknown), getRilDataRadioTechnology=0(Unknown), mCssIndicator=unsupported, mNetworkId=-1, mSystemId=-1, mCdmaRoamingIndicator=-1, mCdmaDefaultRoamingIndicator=-1, mIsEmergencyOnly=true, isUsingCarrierAggregation=false, mLteEarfcnRsrpBoost=0, mNetworkRegistrationInfos=[NetworkRegistrationInfo{ domain=PS transportType=WWAN registrationState=DENIED roamingType=NOT_ROAMING accessNetworkTechnology=UNKNOWN rejectCause=11 emergencyEnabled=false availableServices=[] cellIdentity=null voiceSpecificInfo=null dataSpecificInfo=android.telephony.DataSpecificRegistrationInfo :{ maxDataCalls = 8 isDcNrRestricted = false isNrAvailable = false isEnDcAvailable = false LteVopsSupportInfo :  mVopsSupport = 1 mEmcBearerSupport = 1 mIsUsingCarrierAggregation = false } nrState=NONE}, NetworkRegistrationInfo{ domain=CS transportType=WWAN registrationState=NOT_REG_SEARCHING roamingType=NOT_ROAMING accessNetworkTechnology=UNKNOWN rejectCause=0 emergencyEnabled=true availableServices=[EMERGENCY] cellIdentity=null voiceSpecificInfo=VoiceSpecificRegistrationInfo { mCssSupported=false mRoamingIndicator=1 mSystemIsInPrl=0 mDefaultRoamingIndicator=0} dataSpecificInfo=null nrState=NONE}], mNrFrequencyRange=-1, mOperatorAlphaLongRaw=, mOperatorAlphaShortRaw=, mIsIwlanPreferred=false}
09-27 11:57:17.426  1800  1800 D SST     : [0] Poll ServiceState done:  oldSS=[{mVoiceRegState=1(OUT_OF_SERVICE), mDataRegState=1(OUT_OF_SERVICE), mChannelNumber=-1, duplexMode()=0, mCellBandwidths=[], mVoiceOperatorAlphaLong=, mVoiceOperatorAlphaShort=, mDataOperatorAlphaLong=, mDataOperatorAlphaShort=, isManualNetworkSelection=false(automatic), getRilVoiceRadioTechnology=0(Unknown), getRilDataRadioTechnology=0(Unknown), mCssIndicator=unsupported, mNetworkId=-1, mSystemId=-1, mCdmaRoamingIndicator=-1, mCdmaDefaultRoamingIndicator=-1, mIsEmergencyOnly=true, isUsingCarrierAggregation=false, mLteEarfcnRsrpBoost=0, mNetworkRegistrationInfos=[NetworkRegistrationInfo{ domain=CS transportType=WWAN registrationState=NOT_REG_SEARCHING roamingType=NOT_ROAMING accessNetworkTechnology=UNKNOWN rejectCause=0 emergencyEnabled=true availableServices=[EMERGENCY] cellIdentity=null voiceSpecificInfo=VoiceSpecificRegistrationInfo { mCssSupported=false mRoamingIndicator=1 mSystemIsInPrl=0 mDefaultRoamingIndicator=0} dataSpecificInfo=null nrState=NONE}, NetworkRegistrationInfo{ domain=PS transportType=WWAN registrationState=DENIED roamingType=NOT_ROAMING accessNetworkTechnology=UNKNOWN rejectCause=11 emergencyEnabled=false availableServices=[] cellIdentity=null voiceSpecificInfo=null dataSpecificInfo=android.telephony.DataSpecificRegistrationInfo :{ maxDataCalls = 8 isDcNrRestricted = false isNrAvailable = false isEnDcAvailable = false LteVopsSupportInfo :  mVopsSupport = 1 mEmcBearerSupport = 1 mIsUsingCarrierAggregation = false } nrState=NONE}], mNrFrequencyRange=-1, mOperatorAlphaLongRaw=, mOperatorAlphaShortRaw=, mIsIwlanPreferred=false}] newSS=[{mVoiceRegState=1(OUT_OF_SERVICE), mDataRegState=1(OUT_OF_SERVICE), mChannelNumber=-1, duplexMode()=0, mCellBandwidths=[], mVoiceOperatorAlphaLong=, mVoiceOperatorAlphaShort=, mDataOperatorAlphaLong=, mDataOperatorAlphaShort=, isManualNetworkSelection=false(automatic), getRilVoiceRadioTechnology=0(Unknown), getRilDataRadioTechnology=0(Unknown), mCssIndicator=unsupported, mNetworkId=-1, mSystemId=-1, mCdmaRoamingIndicator=-1, mCdmaDefaultRoamingIndicator=-1, mIsEmergencyOnly=true, isUsingCarrierAggregation=false, mLteEarfcnRsrpBoost=0, mNetworkRegistrationInfos=[NetworkRegistrationInfo{ domain=CS transportType=WWAN registrationState=NOT_REG_SEARCHING roamingType=NOT_ROAMING accessNetworkTechnology=UNKNOWN rejectCause=0 emergencyEnabled=true availableServices=[EMERGENCY] cellIdentity=null voiceSpecificInfo=VoiceSpecificRegistrationInfo { mCssSupported=false mRoamingIndicator=1 mSystemIsInPrl=0 mDefaultRoamingIndicator=0} dataSpecificInfo=null nrState=NONE}, NetworkRegistrationInfo{ domain=PS transportType=WWAN registrationState=DENIED roamingType=NOT_ROAMING accessNetworkTechnology=UNKNOWN rejectCause=11 emergencyEnabled=false availableServices=[] cellIdentity=null voiceSpecificInfo=null dataSpecificInfo=android.telephony.DataSpecificRegistrationInfo :{ maxDataCalls = 8 isDcNrRestricted = false isNrAvailable = false isEnDcAvailable = false LteVopsSupportInfo :  mVopsSupport = 1 mEmcBearerSupport = 1 mIsUsingCarrierAggregation = false } nrState=NONE}], mNrFrequencyRange=-1, mOperatorAlphaLongRaw=, mOperatorAlphaShortRaw=, mIsIwlanPreferred=false}] oldMaxDataCalls=8 mNewMaxDataCalls=8 oldReasonDataDenied=11 mNewReasonDataDenied=11
09-27 11:57:17.426  1800  1800 D SST     : [0] pollStateDone: hasRegistered = false hasDeregistered = false hasDataAttached = {1=false} hasDataDetached = {1=false} hasDataRegStateChanged = {1=false} hasRilVoiceRadioTechnologyChanged = false hasRilDataRadioTechnologyChanged = {1=false} hasDataTransportPreferenceChanged = false hasChanged = false hasVoiceRoamingOn = false hasVoiceRoamingOff = false hasDataRoamingOn =false hasDataRoamingOff = false hasLocationChanged = false has4gHandoff = false hasMultiApnSupport = false hasLostMultiApnSupport = false hasCssIndicatorChanged = false hasNrFrequencyRangeChanged = false hasNrStateChanged = false hasAirplaneModeOnlChanged = false
09-27 11:57:17.659  1199  1204 I chatty  : uid=0(root) /vendor/bin/mtkrild expire 1185 lines
09-27 11:57:18.730  1800  1800 D RILJ    : [0355]> RIL_REQUEST_GET_ACTIVITY_INFO [SUB0]
09-27 11:57:18.732  1199  1213 I chatty  : uid=0(root) /vendor/bin/mtkrild expire 3 lines
09-27 11:57:18.759  1310  1329 E RILC-RP : Calling responseFunction() for token 355
09-27 11:57:18.760  1800  1909 D RILJ    : [0355]< RIL_REQUEST_GET_ACTIVITY_INFO ModemActivityInfo{ mTimestamp=42041 mSleepTimeMs=8058 mIdleTimeMs=17550 mTxTimeMs[]=[0, 0, 0, 0, 75] mRxTimeMs=4596 mEnergyUsed=0} [SUB0]
09-27 11:57:18.825  1800  1800 D RILJ    : [0356]> RIL_REQUEST_GET_ACTIVITY_INFO [SUB0]
09-27 11:57:18.856  1310  1329 E RILC-RP : Calling responseFunction() for token 356
09-27 11:57:18.856  1800  1909 D RILJ    : [0356]< RIL_REQUEST_GET_ACTIVITY_INFO ModemActivityInfo{ mTimestamp=42137 mSleepTimeMs=17 mIdleTimeMs=82 mTxTimeMs[]=[0, 0, 0, 0, 0] mRxTimeMs=10 mEnergyUsed=0} [SUB0]
09-27 11:57:18.911  1800  1800 D RILJ    : [0357]> RIL_REQUEST_GET_ACTIVITY_INFO [SUB0]
09-27 11:57:18.938  1310  1329 E RILC-RP : Calling responseFunction() for token 357
09-27 11:57:18.940  1800  1909 D RILJ    : [0357]< RIL_REQUEST_GET_ACTIVITY_INFO ModemActivityInfo{ mTimestamp=42221 mSleepTimeMs=52 mIdleTimeMs=28 mTxTimeMs[]=[0, 0, 0, 0, 0] mRxTimeMs=0 mEnergyUsed=0} [SUB0]
09-27 11:57:19.464  1800  1800 D RILJ    : [0358]> RIL_REQUEST_GET_CELL_INFO_LIST [SUB1]
09-27 11:57:19.467  1199  1209 I chatty  : uid=0(root) /vendor/bin/mtkrild expire 4 lines
09-27 11:57:19.471  1310  1329 E RILC-RP : Calling responseFunction() for token 358
09-27 11:57:19.471  1310  1329 E RILC-RP : getCellInfoListResponse: Invalid response
09-27 11:57:19.472  1800  1909 D RILJ    : [0358]< RIL_REQUEST_GET_CELL_INFO_LIST error 63 [SUB1]
09-27 11:57:19.472  1800  1909 D RilRequest: [0358]< RIL_REQUEST_GET_CELL_INFO_LIST error: com.android.internal.telephony.CommandException: NO_NETWORK_FOUND ret=[]
09-27 11:57:19.473  1800  1800 D SST     : [1] EVENT_GET_CELL_INFO_LIST: error ret null, e=com.android.internal.telephony.CommandException: NO_NETWORK_FOUND
09-27 11:57:19.476  1800  1800 D LocaleTracker: Can't get cell info. Try again in 16 secs.
09-27 11:57:20.516  1800  1800 W MmTelFeatureConnection: create: binder is null! Slot Id: 0
09-27 11:57:20.547  1800  1800 W MmTelFeatureConnection: create: binder is null! Slot Id: 1
09-27 11:57:21.412  1800  1800 D CAT     : BootCompletedReceiver: [ACTION_BOOT_COMPLETED]
09-27 11:57:21.413  1800  1800 D CAT     : StkAppService: onStart sim id: 0, op: 5, *****
09-27 11:57:21.414  1800  2156 D CAT     : StkAppService: handleMessage opcode[5], sim id[0]
09-27 11:57:21.414  1800  2156 D CAT     : StkAppService:  OP_BOOT_COMPLETED
09-27 11:57:22.305  1800  1800 D TelephonyNetworkFactory[0]: got request NetworkRequest [ TRACK_DEFAULT id=29, [ Capabilities: INTERNET&NOT_RESTRICTED&TRUSTED Uid: 1000] ] with score 0 and serial 0
09-27 11:57:22.306  1800  1800 D TelephonyNetworkFactory[0]: onNeedNetworkFor NetworkRequest [ TRACK_DEFAULT id=29, [ Capabilities: INTERNET&NOT_RESTRICTED&TRUSTED Uid: 1000] ] shouldApply true
09-27 11:57:22.323  1800  1800 D TelephonyNetworkFactory[1]: got request NetworkRequest [ TRACK_DEFAULT id=29, [ Capabilities: INTERNET&NOT_RESTRICTED&TRUSTED Uid: 1000] ] with score 0 and serial 0
09-27 11:57:22.323  1800  1800 D SubscriptionController: [getSubId]- numSubIds == 0, return null slotIndex=1
09-27 11:57:22.323  1800  1800 D SubscriptionController: [getSubId]- numSubIds == 0, return null slotIndex=1
09-27 11:57:22.323  1800  1800 D TelephonyNetworkFactory[1]: onNeedNetworkFor NetworkRequest [ TRACK_DEFAULT id=29, [ Capabilities: INTERNET&NOT_RESTRICTED&TRUSTED Uid: 1000] ] shouldApply false
09-27 11:57:22.409  1800  1800 D TelephonyNetworkFactory[0]: got request NetworkRequest [ TRACK_DEFAULT id=30, [ Capabilities: INTERNET&NOT_RESTRICTED&TRUSTED Uid: 10143] ] with score 0 and serial 0
09-27 11:57:22.410  1800  1800 D TelephonyNetworkFactory[1]: got request NetworkRequest [ TRACK_DEFAULT id=30, [ Capabilities: INTERNET&NOT_RESTRICTED&TRUSTED Uid: 10143] ] with score 0 and serial 0
09-27 11:57:22.410  1800  1800 D TelephonyNetworkFactory[0]: onNeedNetworkFor NetworkRequest [ TRACK_DEFAULT id=30, [ Capabilities: INTERNET&NOT_RESTRICTED&TRUSTED Uid: 10143] ] shouldApply true
09-27 11:57:22.411  1800  1800 D SubscriptionController: [getSubId]- numSubIds == 0, return null slotIndex=1
09-27 11:57:22.411  1800  1800 D SubscriptionController: [getSubId]- numSubIds == 0, return null slotIndex=1
09-27 11:57:22.411  1800  1800 D TelephonyNetworkFactory[1]: onNeedNetworkFor NetworkRequest [ TRACK_DEFAULT id=30, [ Capabilities: INTERNET&NOT_RESTRICTED&TRUSTED Uid: 10143] ] shouldApply false
09-27 11:57:23.565  1800  1800 D TelephonyNetworkFactory[0]: got request NetworkRequest [ TRACK_DEFAULT id=32, [ Capabilities: INTERNET&NOT_RESTRICTED&TRUSTED Uid: 10140] ] with score 0 and serial 0
09-27 11:57:23.565  1800  1800 D TelephonyNetworkFactory[1]: got request NetworkRequest [ TRACK_DEFAULT id=32, [ Capabilities: INTERNET&NOT_RESTRICTED&TRUSTED Uid: 10140] ] with score 0 and serial 0
09-27 11:57:23.565  1800  1800 D TelephonyNetworkFactory[0]: onNeedNetworkFor NetworkRequest [ TRACK_DEFAULT id=32, [ Capabilities: INTERNET&NOT_RESTRICTED&TRUSTED Uid: 10140] ] shouldApply true
09-27 11:57:23.567  1800  1800 D SubscriptionController: [getSubId]- numSubIds == 0, return null slotIndex=1
09-27 11:57:23.567  1800  1800 D TelephonyNetworkFactory[1]: onNeedNetworkFor NetworkRequest [ TRACK_DEFAULT id=32, [ Capabilities: INTERNET&NOT_RESTRICTED&TRUSTED Uid: 10140] ] shouldApply false
09-27 11:57:23.605  1800  1800 D SubscriptionController: [getSubId]- numSubIds == 0, return null slotIndex=1
09-27 11:57:25.178  1800  1800 D RILJ    : [0359]> RIL_REQUEST_GET_ALLOWED_CARRIERS [SUB0]
09-27 11:57:25.179  1800  1800 D RILJ    : RIL.java - Using IRadio 1.4 or greater [SUB0]
09-27 11:57:25.179  1310  1310 I RILC-RP : getAllowedCarriers_1_4: serial 359
09-27 11:57:25.186  1310  1329 E RILC-RP : Calling responseFunction() for token 359
09-27 11:57:25.186  1310  1329 I RILC-RP : getAllowedCarriersResponse: serial 359
09-27 11:57:25.186  1310  1329 E RILC-RP : getAllowedCarriersResponse_1_4 RIL_E_REQUEST_NOT_SUPPORTED
09-27 11:57:25.188  1800  1909 D RILJ    : [0359]< RIL_REQUEST_GET_ALLOWED_CARRIERS error 6 [SUB0]
09-27 11:57:25.188  1800  1909 D RilRequest: [0359]< RIL_REQUEST_GET_ALLOWED_CARRIERS error: com.android.internal.telephony.CommandException: REQUEST_NOT_SUPPORTED ret=CarrierRestrictionRules(allowed:[], excluded:[], default:1, multisim policy:0)
09-27 11:57:25.195  1800  1800 D RILJ    : [0360]> RIL_REQUEST_GET_ALLOWED_CARRIERS [SUB0]
09-27 11:57:25.195  1800  1800 D RILJ    : RIL.java - Using IRadio 1.4 or greater [SUB0]
09-27 11:57:25.195  1310  1310 I RILC-RP : getAllowedCarriers_1_4: serial 360
09-27 11:57:25.200  1310  1329 E RILC-RP : Calling responseFunction() for token 360
09-27 11:57:25.200  1310  1329 I RILC-RP : getAllowedCarriersResponse: serial 360
09-27 11:57:25.200  1310  1329 E RILC-RP : getAllowedCarriersResponse_1_4 RIL_E_REQUEST_NOT_SUPPORTED
09-27 11:57:25.201  1800  1909 D RILJ    : [0360]< RIL_REQUEST_GET_ALLOWED_CARRIERS error 6 [SUB0]
09-27 11:57:25.201  1800  1909 D RilRequest: [0360]< RIL_REQUEST_GET_ALLOWED_CARRIERS error: com.android.internal.telephony.CommandException: REQUEST_NOT_SUPPORTED ret=CarrierRestrictionRules(allowed:[], excluded:[], default:1, multisim policy:0)
09-27 11:57:26.030  1800  1800 D TelephonyNetworkFactory[0]: onReleaseNetworkFor NetworkRequest [ TRACK_DEFAULT id=26, [ Capabilities: INTERNET&NOT_RESTRICTED&TRUSTED Uid: 10139] ] applied true
09-27 11:57:26.031  1800  1800 D SubscriptionController: [getSubId]- numSubIds == 0, return null slotIndex=1
09-27 11:57:26.031  1800  1800 D TelephonyNetworkFactory[1]: onReleaseNetworkFor NetworkRequest [ TRACK_DEFAULT id=26, [ Capabilities: INTERNET&NOT_RESTRICTED&TRUSTED Uid: 10139] ] applied false
09-27 11:57:28.728  1800  1800 D TelephonyNetworkFactory[0]: got request NetworkRequest [ TRACK_DEFAULT id=34, [ Capabilities: INTERNET&NOT_RESTRICTED&TRUSTED Uid: 10143] ] with score 0 and serial 0
09-27 11:57:28.729  1800  1800 D TelephonyNetworkFactory[0]: onNeedNetworkFor NetworkRequest [ TRACK_DEFAULT id=34, [ Capabilities: INTERNET&NOT_RESTRICTED&TRUSTED Uid: 10143] ] shouldApply true
09-27 11:57:28.729  1800  1800 D TelephonyNetworkFactory[1]: got request NetworkRequest [ TRACK_DEFAULT id=34, [ Capabilities: INTERNET&NOT_RESTRICTED&TRUSTED Uid: 10143] ] with score 0 and serial 0
09-27 11:57:28.750  1800  1800 D SubscriptionController: [getSubId]- numSubIds == 0, return null slotIndex=1
09-27 11:57:28.750  1800  1800 D TelephonyNetworkFactory[1]: onNeedNetworkFor NetworkRequest [ TRACK_DEFAULT id=34, [ Capabilities: INTERNET&NOT_RESTRICTED&TRUSTED Uid: 10143] ] shouldApply false
09-27 11:57:28.750  1800  1800 D SubscriptionController: [getSubId]- numSubIds == 0, return null slotIndex=1
09-27 11:57:30.495  1199  1204 I chatty  : uid=0(root) /vendor/bin/mtkrild expire 355 lines
09-27 11:57:30.807  1199  1240 I chatty  : uid=0(root) /vendor/bin/mtkrild expire 134 lines
09-27 11:57:34.372  1199  1204 I chatty  : uid=0(root) /vendor/bin/mtkrild expire 200 lines
09-27 11:57:35.482  1800  1800 D RILJ    : [0361]> RIL_REQUEST_GET_CELL_INFO_LIST [SUB1]
09-27 11:57:35.483  1199  1209 I chatty  : uid=0(root) /vendor/bin/mtkrild expire 4 lines
09-27 11:57:35.486  1199  1245 I chatty  : uid=0(root) /vendor/bin/mtkrild expire 2 lines
09-27 11:57:35.487  1310  1329 E RILC-RP : Calling responseFunction() for token 361
09-27 11:57:35.488  1310  1329 E RILC-RP : getCellInfoListResponse: Invalid response
09-27 11:57:35.488  1800  1909 D RILJ    : [0361]< RIL_REQUEST_GET_CELL_INFO_LIST error 63 [SUB1]
09-27 11:57:35.489  1800  1909 D RilRequest: [0361]< RIL_REQUEST_GET_CELL_INFO_LIST error: com.android.internal.telephony.CommandException: NO_NETWORK_FOUND ret=[]
09-27 11:57:35.489  1800  1800 D SST     : [1] EVENT_GET_CELL_INFO_LIST: error ret null, e=com.android.internal.telephony.CommandException: NO_NETWORK_FOUND
09-27 11:57:35.489  1800  1800 D LocaleTracker: Can't get cell info. Try again in 32 secs.
09-27 11:57:36.520  1800  1800 W MmTelFeatureConnection: create: binder is null! Slot Id: 0
09-27 11:57:36.549  1800  1800 W MmTelFeatureConnection: create: binder is null! Slot Id: 1
09-27 11:57:36.563  1199  1204 I chatty  : uid=0(root) /vendor/bin/mtkrild expire 200 lines
09-27 11:57:36.566  1199  1240 I chatty  : uid=0(root) /vendor/bin/mtkrild expire 50 lines
09-27 11:57:36.887  1199  1243 I chatty  : uid=0(root) /vendor/bin/mtkrild expire 4 lines
09-27 11:57:37.991  1199  1237 I chatty  : uid=0(root) /vendor/bin/mtkrild expire 1 line
09-27 11:57:38.793  1199  1204 I chatty  : uid=0(root) /vendor/bin/mtkrild expire 203 lines
09-27 11:57:38.796  1199  1240 I chatty  : uid=0(root) /vendor/bin/mtkrild expire 103 lines
09-27 11:57:40.999  1199  1204 I chatty  : uid=0(root) /vendor/bin/mtkrild expire 326 lines
09-27 11:57:43.211  1199  1240 I chatty  : uid=0(root) /vendor/bin/mtkrild expire 31 lines
09-27 11:57:44.422  1199  1237 I chatty  : uid=0(root) /vendor/bin/mtkrild expire 1 line
09-27 11:57:44.586  1199  1204 I chatty  : uid=0(root) /vendor/bin/mtkrild expire 5 lines
09-27 11:57:44.589  1199  1240 I chatty  : uid=0(root) /vendor/bin/mtkrild expire 2 lines
09-27 11:57:44.589  1199  1204 I chatty  : uid=0(root) /vendor/bin/mtkrild expire 31 lines
09-27 11:57:44.693  1199  1240 I chatty  : uid=0(root) /vendor/bin/mtkrild expire 14 lines
09-27 11:57:44.955  1199  1204 I chatty  : uid=0(root) /vendor/bin/mtkrild expire 55 lines
09-27 11:57:45.320  1199  1240 I chatty  : uid=0(root) /vendor/bin/mtkrild expire 8 lines
09-27 11:57:45.530  1199  1204 I chatty  : uid=0(root) /vendor/bin/mtkrild expire 9 lines
09-27 11:57:45.635  1199  1240 I chatty  : uid=0(root) /vendor/bin/mtkrild expire 2 lines
09-27 11:57:45.635  1199  1204 I chatty  : uid=0(root) /vendor/bin/mtkrild expire 9 lines
09-27 11:57:45.740  1199  1240 I chatty  : uid=0(root) /vendor/bin/mtkrild expire 2 lines
09-27 11:57:45.740  1199  1204 I chatty  : uid=0(root) /vendor/bin/mtkrild expire 19 lines
09-27 11:57:45.846  1199  1240 I chatty  : uid=0(root) /vendor/bin/mtkrild expire 4 lines
09-27 11:57:45.953  1199  1204 I chatty  : uid=0(root) /vendor/bin/mtkrild expire 16 lines
09-27 11:57:45.972  1199  1240 I chatty  : uid=0(root) /vendor/bin/mtkrild expire 4 lines
09-27 11:57:46.162  1199  1204 I chatty  : uid=0(root) /vendor/bin/mtkrild expire 4 lines
09-27 11:57:46.166  1199  1240 I chatty  : uid=0(root) /vendor/bin/mtkrild expire 6 lines
09-27 11:57:46.166  1199  1204 I chatty  : uid=0(root) /vendor/bin/mtkrild expire 87 lines
09-27 11:57:46.478  1199  1240 I chatty  : uid=0(root) /vendor/bin/mtkrild expire 18 lines
09-27 11:57:47.115  1199  1204 I chatty  : uid=0(root) /vendor/bin/mtkrild expire 11 lines
09-27 11:57:47.219  1199  1240 I chatty  : uid=0(root) /vendor/bin/mtkrild expire 2 lines
09-27 11:57:47.220  1199  1204 I chatty  : uid=0(root) /vendor/bin/mtkrild expire 7 lines
09-27 11:57:47.326  1199  1240 I chatty  : uid=0(root) /vendor/bin/mtkrild expire 2 lines
09-27 11:57:47.326  1199  1204 I chatty  : uid=0(root) /vendor/bin/mtkrild expire 21 lines
09-27 11:57:47.431  1199  1240 I chatty  : uid=0(root) /vendor/bin/mtkrild expire 4 lines
09-27 11:57:47.479  1199  1243 I chatty  : uid=0(root) /vendor/bin/mtkrild expire 1 line
09-27 11:57:47.484  1800  1800 D SubscriptionController: [getSubId]- numSubIds == 0, return null slotIndex=1
09-27 11:57:47.486  1800  1800 D SubscriptionController: [getSubId]- numSubIds == 0, return null slotIndex=1
09-27 11:57:47.540  1199  1240 I chatty  : uid=0(root) /vendor/bin/mtkrild expire 3 lines
09-27 11:57:47.541  1199  1204 I chatty  : uid=0(root) /vendor/bin/mtkrild expire 39 lines
09-27 11:57:47.646  1199  1240 I chatty  : uid=0(root) /vendor/bin/mtkrild expire 7 lines
09-27 11:57:47.970  1199  1204 I chatty  : uid=0(root) /vendor/bin/mtkrild expire 14 lines
09-27 11:57:47.996  1199  1240 I chatty  : uid=0(root) /vendor/bin/mtkrild expire 8 lines
09-27 11:57:48.176  1199  1204 I chatty  : uid=0(root) /vendor/bin/mtkrild expire 196 lines
09-27 11:57:48.395  1199  1240 I chatty  : uid=0(root) /vendor/bin/mtkrild expire 46 lines
09-27 11:57:48.511  1199  1243 I chatty  : uid=0(root) /vendor/bin/mtkrild expire 2 lines
09-27 11:57:48.939  1800  2046 D SubscriptionController: [getPhoneId] asked for default subId=1
09-27 11:57:49.055  1199  1237 I chatty  : uid=0(root) /vendor/bin/mtkrild expire 4 lines
09-27 11:57:49.060  1310  1329 E RILC-RP : responseCsNetworkStateChangeInd: mtkRadioExService[0]->responseCsNetworkStateChangeInd == NULL
09-27 11:57:49.069  1800  1909 D RILJ    : Unsol response received; Sending ack to ril.cpp [SUB0]
09-27 11:57:49.069  1800  1909 D RILJ    : [UNSL]< UNSOL_RESPONSE_NETWORK_STATE_CHANGED [SUB0]
09-27 11:57:49.070  1800  2076 D NRM-C-0 : onNetworkStateChanged
09-27 11:57:49.070  1800  1800 D SST     : [0] pollState: modemTriggered=true
09-27 11:57:49.077  1800  1800 D RILJ    : [0363]> OPERATOR [SUB0]
09-27 11:57:49.078  1199  1202 I chatty  : uid=0(root) /vendor/bin/mtkrild expire 12 lines
09-27 11:57:49.079  1800  1800 D RILJ    : [0364]> QUERY_NETWORK_SELECTION_MODE [SUB0]
09-27 11:57:49.081  1199  1238 I chatty  : uid=0(root) /vendor/bin/mtkrild expire 10 lines
09-27 11:57:49.083  1800  2076 D RILJ    : [0365]> DATA_REGISTRATION_STATE [SUB0]
09-27 11:57:49.084  1199  1213 I chatty  : uid=0(root) /vendor/bin/mtkrild expire 1 line
09-27 11:57:49.085  1800  2076 D RILJ    : [0366]> VOICE_REGISTRATION_STATE [SUB0]
09-27 11:57:49.087  1310  1329 D RpNwSC  : [0]  OptrCache: ,,
09-27 11:57:49.087  1310  1329 E RILC-RP : Calling responseFunction() for token 363
09-27 11:57:49.088  1800  1909 D RILJ    : [0363]< OPERATOR {, , } [SUB0]
09-27 11:57:49.093  1310  1329 E RILC-RP : Calling responseFunction() for token 364
09-27 11:57:49.094  1800  1909 D RILJ    : [0364]< QUERY_NETWORK_SELECTION_MODE {0} [SUB0]
09-27 11:57:49.094  1800  1800 D SST     : [0] EVENT_POLL_STATE_NETWORK_SELECTION_MODE
09-27 11:57:49.101  1310  1329 D RpNwSC  : [0]  DataCache[GSM]: reg=3 lac=****FFFF cid=****FFFF rat=0 den=11 mdc=8
09-27 11:57:49.101  1310  1329 E RILC-RP : Calling responseFunction() for token 365
09-27 11:57:49.102  1800  1909 D RILJ    : [0365]< DATA_REGISTRATION_STATE {.base = {.regState = REG_DENIED, .rat = 0, .reasonDataDenied = 11, .maxDataCalls = 8, .cellIdentity = {.cellInfoType = NONE, .cellIdentityGsm = [], .cellIdentityWcdma = [], .cellIdentityCdma = [], .cellIdentityLte = [], .cellIdentityTdscdma = []}}, .vopsInfo = {.noinit = {}}, .nrIndicators = {.isEndcAvailable = false, .isDcNrRestricted = false, .isNrAvailable = false}} [SUB0]
09-27 11:57:49.102  1800  2107 D NRM-C-0 : onRequestNetworkRegistrationInfoComplete result: 0, info: NetworkRegistrationInfo{ domain=PS transportType=WWAN registrationState=DENIED roamingType=NOT_ROAMING accessNetworkTechnology=UNKNOWN rejectCause=11 emergencyEnabled=false availableServices=[] cellIdentity=null voiceSpecificInfo=null dataSpecificInfo=android.telephony.DataSpecificRegistrationInfo :{ maxDataCalls = 8 isDcNrRestricted = false isNrAvailable = false isEnDcAvailable = false LteVopsSupportInfo :  mVopsSupport = 1 mEmcBearerSupport = 1 mIsUsingCarrierAggregation = false } nrState=NONE}
09-27 11:57:49.102  1800  1800 D SST     : [0] handlePollStateResultMessage: PS cellular. NetworkRegistrationInfo{ domain=PS transportType=WWAN registrationState=DENIED roamingType=NOT_ROAMING accessNetworkTechnology=UNKNOWN rejectCause=11 emergencyEnabled=false availableServices=[] cellIdentity=null voiceSpecificInfo=null dataSpecificInfo=android.telephony.DataSpecificRegistrationInfo :{ maxDataCalls = 8 isDcNrRestricted = false isNrAvailable = false isEnDcAvailable = false LteVopsSupportInfo :  mVopsSupport = 1 mEmcBearerSupport = 1 mIsUsingCarrierAggregation = false } nrState=NONE}
09-27 11:57:49.102  1800  1800 D SST     : [0] Could not set ServiceState channel number. CellIdentity null
09-27 11:57:49.104  1310  1329 D RpNwSC  : [0]  VoiceCache[GSM]: reg=13 lac=****FFFF cid=****FFFF rat=0 css=0 sid=* nid=* roam=1 css=0
09-27 11:57:49.104  1310  1329 E RILC-RP : Calling responseFunction() for token 366
09-27 11:57:49.104  1310  1329 D RpNwPTU : [0]  SIM0 onServiceStateChanged: newSS: cs_reg=13, cs_rat=0, ps_reg=3, ps_rat=0, cdma_exist=0
09-27 11:57:49.104  1310  1329 D RpNwPTU : [0]  SIM0 Voice service state changed: regState=13 radioTech=0
09-27 11:57:49.105  1800  1909 D RILJ    : [0366]< VOICE_REGISTRATION_STATE {.regState = REG_DENIED_EM, .rat = 0, .cssSupported = false, .roamingIndicator = 1, .systemIsInPrl = 0, .defaultRoamingIndicator = 0, .reasonForDenial = 0, .cellIdentity = {.cellInfoType = NONE, .cellIdentityGsm = [], .cellIdentityWcdma = [], .cellIdentityCdma = [], .cellIdentityLte = [], .cellIdentityTdscdma = []}} [SUB0]
09-27 11:57:49.105  1800  2107 D NRM-C-0 : onRequestNetworkRegistrationInfoComplete result: 0, info: NetworkRegistrationInfo{ domain=CS transportType=WWAN registrationState=DENIED roamingType=NOT_ROAMING accessNetworkTechnology=UNKNOWN rejectCause=0 emergencyEnabled=true availableServices=[EMERGENCY] cellIdentity=null voiceSpecificInfo=VoiceSpecificRegistrationInfo { mCssSupported=false mRoamingIndicator=1 mSystemIsInPrl=0 mDefaultRoamingIndicator=0} dataSpecificInfo=null nrState=NONE}
09-27 11:57:49.105  1310  1329 D RpCatController: [0] onServiceStateChanged: not in service
09-27 11:57:49.105  1310  1329 D RpCatController: [1] onServiceStateChanged: not in service
09-27 11:57:49.105  1800  1800 D SST     : [0] Could not set ServiceState channel number. CellIdentity null
09-27 11:57:49.107  1800  1800 D SST     : [0] handlePollStateResultMessage: CS cellular. NetworkRegistrationInfo{ domain=CS transportType=WWAN registrationState=DENIED roamingType=NOT_ROAMING accessNetworkTechnology=UNKNOWN rejectCause=0 emergencyEnabled=true availableServices=[EMERGENCY] cellIdentity=null voiceSpecificInfo=VoiceSpecificRegistrationInfo { mCssSupported=false mRoamingIndicator=1 mSystemIsInPrl=0 mDefaultRoamingIndicator=0} dataSpecificInfo=null nrState=NONE}
09-27 11:57:49.111  1800  1800 D SST     : [0] combinePsRegistrationStates: {mVoiceRegState=1(OUT_OF_SERVICE), mDataRegState=1(OUT_OF_SERVICE), mChannelNumber=-1, duplexMode()=0, mCellBandwidths=[], mVoiceOperatorAlphaLong=, mVoiceOperatorAlphaShort=, mDataOperatorAlphaLong=, mDataOperatorAlphaShort=, isManualNetworkSelection=false(automatic), getRilVoiceRadioTechnology=0(Unknown), getRilDataRadioTechnology=0(Unknown), mCssIndicator=unsupported, mNetworkId=-1, mSystemId=-1, mCdmaRoamingIndicator=-1, mCdmaDefaultRoamingIndicator=-1, mIsEmergencyOnly=true, isUsingCarrierAggregation=false, mLteEarfcnRsrpBoost=0, mNetworkRegistrationInfos=[NetworkRegistrationInfo{ domain=PS transportType=WWAN registrationState=DENIED roamingType=NOT_ROAMING accessNetworkTechnology=UNKNOWN rejectCause=11 emergencyEnabled=false availableServices=[] cellIdentity=null voiceSpecificInfo=null dataSpecificInfo=android.telephony.DataSpecificRegistrationInfo :{ maxDataCalls = 8 isDcNrRestricted = false isNrAvailable = false isEnDcAvailable = false LteVopsSupportInfo :  mVopsSupport = 1 mEmcBearerSupport = 1 mIsUsingCarrierAggregation = false } nrState=NONE}, NetworkRegistrationInfo{ domain=CS transportType=WWAN registrationState=DENIED roamingType=NOT_ROAMING accessNetworkTechnology=UNKNOWN rejectCause=0 emergencyEnabled=true availableServices=[EMERGENCY] cellIdentity=null voiceSpecificInfo=VoiceSpecificRegistrationInfo { mCssSupported=false mRoamingIndicator=1 mSystemIsInPrl=0 mDefaultRoamingIndicator=0} dataSpecificInfo=null nrState=NONE}], mNrFrequencyRange=-1, mOperatorAlphaLongRaw=, mOperatorAlphaShortRaw=, mIsIwlanPreferred=false}
09-27 11:57:49.114  1800  1800 D SST     : [0] Poll ServiceState done:  oldSS=[{mVoiceRegState=1(OUT_OF_SERVICE), mDataRegState=1(OUT_OF_SERVICE), mChannelNumber=-1, duplexMode()=0, mCellBandwidths=[], mVoiceOperatorAlphaLong=, mVoiceOperatorAlphaShort=, mDataOperatorAlphaLong=, mDataOperatorAlphaShort=, isManualNetworkSelection=false(automatic), getRilVoiceRadioTechnology=0(Unknown), getRilDataRadioTechnology=0(Unknown), mCssIndicator=unsupported, mNetworkId=-1, mSystemId=-1, mCdmaRoamingIndicator=-1, mCdmaDefaultRoamingIndicator=-1, mIsEmergencyOnly=true, isUsingCarrierAggregation=false, mLteEarfcnRsrpBoost=0, mNetworkRegistrationInfos=[NetworkRegistrationInfo{ domain=CS transportType=WWAN registrationState=NOT_REG_SEARCHING roamingType=NOT_ROAMING accessNetworkTechnology=UNKNOWN rejectCause=0 emergencyEnabled=true availableServices=[EMERGENCY] cellIdentity=null voiceSpecificInfo=VoiceSpecificRegistrationInfo { mCssSupported=false mRoamingIndicator=1 mSystemIsInPrl=0 mDefaultRoamingIndicator=0} dataSpecificInfo=null nrState=NONE}, NetworkRegistrationInfo{ domain=PS transportType=WWAN registrationState=DENIED roamingType=NOT_ROAMING accessNetworkTechnology=UNKNOWN rejectCause=11 emergencyEnabled=false availableServices=[] cellIdentity=null voiceSpecificInfo=null dataSpecificInfo=android.telephony.DataSpecificRegistrationInfo :{ maxDataCalls = 8 isDcNrRestricted = false isNrAvailable = false isEnDcAvailable = false LteVopsSupportInfo :  mVopsSupport = 1 mEmcBearerSupport = 1 mIsUsingCarrierAggregation = false } nrState=NONE}], mNrFrequencyRange=-1, mOperatorAlphaLongRaw=, mOperatorAlphaShortRaw=, mIsIwlanPreferred=false}] newSS=[{mVoiceRegState=1(OUT_OF_SERVICE), mDataRegState=1(OUT_OF_SERVICE), mChannelNumber=-1, duplexMode()=0, mCellBandwidths=[], mVoiceOperatorAlphaLong=, mVoiceOperatorAlphaShort=, mDataOperatorAlphaLong=, mDataOperatorAlphaShort=, isManualNetworkSelection=false(automatic), getRilVoiceRadioTechnology=0(Unknown), getRilDataRadioTechnology=0(Unknown), mCssIndicator=unsupported, mNetworkId=-1, mSystemId=-1, mCdmaRoamingIndicator=-1, mCdmaDefaultRoamingIndicator=-1, mIsEmergencyOnly=true, isUsingCarrierAggregation=false, mLteEarfcnRsrpBoost=0, mNetworkRegistrationInfos=[NetworkRegistrationInfo{ domain=CS transportType=WWAN registrationState=DENIED roamingType=NOT_ROAMING accessNetworkTechnology=UNKNOWN rejectCause=0 emergencyEnabled=true availableServices=[EMERGENCY] cellIdentity=null voiceSpecificInfo=VoiceSpecificRegistrationInfo { mCssSupported=false mRoamingIndicator=1 mSystemIsInPrl=0 mDefaultRoamingIndicator=0} dataSpecificInfo=null nrState=NONE}, NetworkRegistrationInfo{ domain=PS transportType=WWAN registrationState=DENIED roamingType=NOT_ROAMING accessNetworkTechnology=UNKNOWN rejectCause=11 emergencyEnabled=false availableServices=[] cellIdentity=null voiceSpecificInfo=null dataSpecificInfo=android.telephony.DataSpecificRegistrationInfo :{ maxDataCalls = 8 isDcNrRestricted = false isNrAvailable = false isEnDcAvailable = false LteVopsSupportInfo :  mVopsSupport = 1 mEmcBearerSupport = 1 mIsUsingCarrierAggregation = false } nrState=NONE}], mNrFrequencyRange=-1, mOperatorAlphaLongRaw=, mOperatorAlphaShortRaw=, mIsIwlanPreferred=false}] oldMaxDataCalls=8 mNewMaxDataCalls=8 oldReasonDataDenied=11 mNewReasonDataDenied=11
09-27 11:57:49.115  1800  1800 D SST     : [0] pollStateDone: hasRegistered = false hasDeregistered = false hasDataAttached = {1=false} hasDataDetached = {1=false} hasDataRegStateChanged = {1=false} hasRilVoiceRadioTechnologyChanged = false hasRilDataRadioTechnologyChanged = {1=false} hasDataTransportPreferenceChanged = false hasChanged = true hasVoiceRoamingOn = false hasVoiceRoamingOff = false hasDataRoamingOn =false hasDataRoamingOff = false hasLocationChanged = false has4gHandoff = false hasMultiApnSupport = false hasLostMultiApnSupport = false hasCssIndicatorChanged = false hasNrFrequencyRangeChanged = false hasNrStateChanged = false hasAirplaneModeOnlChanged = false
09-27 11:57:49.117  1800  1800 D SST     : [0] updateSpnDisplayLegacy+
09-27 11:57:49.120  1800  1800 D SST     : [0] updateSpnDisplay: radio is on but out of service, set plmn='Только экстренные вызовы'
09-27 11:57:49.121  1800  1800 D SST     : [0] updateSpnDisplay: rawSpn = beeline
09-27 11:57:49.121  1800  1800 D SST     : [0] updateSpnDisplayLegacy-
09-27 11:57:49.127  1800  1800 D SST     : [0] localeOperator  is invalid
09-27 11:57:49.130  1800  1800 D SST     : [0] Broadcasting ServiceState : {mVoiceRegState=1(OUT_OF_SERVICE), mDataRegState=1(OUT_OF_SERVICE), mChannelNumber=-1, duplexMode()=0, mCellBandwidths=[], mVoiceOperatorAlphaLong=, mVoiceOperatorAlphaShort=, mDataOperatorAlphaLong=, mDataOperatorAlphaShort=, isManualNetworkSelection=false(automatic), getRilVoiceRadioTechnology=0(Unknown), getRilDataRadioTechnology=0(Unknown), mCssIndicator=unsupported, mNetworkId=-1, mSystemId=-1, mCdmaRoamingIndicator=-1, mCdmaDefaultRoamingIndicator=-1, mIsEmergencyOnly=true, isUsingCarrierAggregation=false, mLteEarfcnRsrpBoost=0, mNetworkRegistrationInfos=[NetworkRegistrationInfo{ domain=CS transportType=WWAN registrationState=DENIED roamingType=NOT_ROAMING accessNetworkTechnology=UNKNOWN rejectCause=0 emergencyEnabled=true availableServices=[EMERGENCY] cellIdentity=null voiceSpecificInfo=VoiceSpecificRegistrationInfo { mCssSupported=false mRoamingIndicator=1 mSystemIsInPrl=0 mDefaultRoamingIndicator=0} dataSpecificInfo=null nrState=NONE}, NetworkRegistrationInfo{ domain=PS transportType=WWAN registrationState=DENIED roamingType=NOT_ROAMING accessNetworkTechnology=UNKNOWN rejectCause=11 emergencyEnabled=false availableServices=[] cellIdentity=null voiceSpecificInfo=null dataSpecificInfo=android.telephony.DataSpecificRegistrationInfo :{ maxDataCalls = 8 isDcNrRestricted = false isNrAvailable = false isEnDcAvailable = false LteVopsSupportInfo :  mVopsSupport = 1 mEmcBearerSupport = 1 mIsUsingCarrierAggregation = false } nrState=NONE}], mNrFrequencyRange=-1, mOperatorAlphaLongRaw=, mOperatorAlphaShortRaw=, mIsIwlanPreferred=false}
09-27 11:57:49.131  1800  1800 D DefaultPhoneNotifier: nofityServiceState: mRegistry=com.android.internal.telephony.ITelephonyRegistry$Stub$Proxy@6e6cec0 ss={mVoiceRegState=1(OUT_OF_SERVICE), mDataRegState=1(OUT_OF_SERVICE), mChannelNumber=-1, duplexMode()=0, mCellBandwidths=[], mVoiceOperatorAlphaLong=, mVoiceOperatorAlphaShort=, mDataOperatorAlphaLong=, mDataOperatorAlphaShort=, isManualNetworkSelection=false(automatic), getRilVoiceRadioTechnology=0(Unknown), getRilDataRadioTechnology=0(Unknown), mCssIndicator=unsupported, mNetworkId=-1, mSystemId=-1, mCdmaRoamingIndicator=-1, mCdmaDefaultRoamingIndicator=-1, mIsEmergencyOnly=true, isUsingCarrierAggregation=false, mLteEarfcnRsrpBoost=0, mNetworkRegistrationInfos=[NetworkRegistrationInfo{ domain=CS transportType=WWAN registrationState=DENIED roamingType=NOT_ROAMING accessNetworkTechnology=UNKNOWN rejectCause=0 emergencyEnabled=true availableServices=[EMERGENCY] cellIdentity=null voiceSpecificInfo=VoiceSpecificRegistrationInfo { mCssSupported=false mRoamingIndicator=1 mSystemIsInPrl=0 mDefaultRoamingIndicator=0} dataSpecificInfo=null nrState=NONE}, NetworkRegistrationInfo{ domain=PS transportType=WWAN registrationState=DENIED roamingType=NOT_ROAMING accessNetworkTechnology=UNKNOWN rejectCause=11 emergencyEnabled=false availableServices=[] cellIdentity=null voiceSpecificInfo=null dataSpecificInfo=android.telephony.DataSpecificRegistrationInfo :{ maxDataCalls = 8 isDcNrRestricted = false isNrAvailable = false isEnDcAvailable = false LteVopsSupportInfo :  mVopsSupport = 1 mEmcBearerSupport = 1 mIsUsingCarrierAggregation = false } nrState=NONE}], mNrFrequencyRange=-1, mOperatorAlphaLongRaw=, mOperatorAlphaShortRaw=, mIsIwlanPreferred=false} sender=Handler (com.android.internal.telephony.GsmCdmaPhone) {d360ee1} phondId=0 subId=1
09-27 11:57:49.137  1371  1390 E PHONE   : ServiceState.getRadioTechnology() DEPRECATED will be removed *******
09-27 11:57:49.144  1800  1800 D LocaleTracker: updateLocale: mcc = 250, country = ru
09-27 11:57:49.147  1800  1800 D SST     : updateTimeZoneFromNetworkCountryCode: no good zone for iso=ru lookupResult=CountryResult{zoneId='Europe/Moscow', allZonesHaveSameOffset=false, whenMillis=1790485069147}
09-27 11:57:49.159  1800  1800 W MmTelFeatureConnection: create: binder is null! Slot Id: 0
09-27 11:57:50.291  1199  1204 D RIL-DSBP: DynamicSBP-detectSBPId-0: SIM is ready, start to query IMSI
09-27 11:57:50.291  1199  1204 D RilUtils: prop vendor.gsm.ril.uicc.mccmnc, readMccMnc N/A, ret 2
09-27 11:57:50.291  1199  1204 D RIL-DSBP: DynamicSBP-detectSBPId-0: rerty to query MCC/MNC
09-27 11:57:50.291  1199  1204 D RIL-DSBP: executeDynamicSBP request timed callback executeDynamicSBP to RIL_CMD_PROXY_1
09-27 11:57:50.291  1199  1204 D RIL-DSBP: executeDynamicSBP-0: Retry it later...
09-27 11:57:50.391  1199  1204 D RIL-DSBP: executeDynamicSBP-0: executionPhase=1
09-27 11:57:50.392  1199  1204 D RIL-DSBP: DynamicSBP-detectSBPId-0: start!!
09-27 11:57:50.392  1199  1204 I RIL     : getRadioState(): radioState=10
09-27 11:57:50.392  1199  1204 I AT      : AT> AT+CPIN? (RIL_CMD_READER_3, tid:488544730448)
09-27 11:57:50.395  1199  1240 I AT      : AT< +CPIN: READY (RIL_CMD_READER_3, tid:488544730448)
09-27 11:57:50.395  1199  1240 I AT      : AT< OK (RIL_CMD_READER_3, tid:488544730448)
09-27 11:57:50.396  1199  1204 D RIL-DSBP: DynamicSBP-detectSBPId-0: SIM is ready, start to query IMSI
09-27 11:57:50.396  1199  1204 D RilUtils: prop vendor.gsm.ril.uicc.mccmnc, readMccMnc N/A, ret 2
09-27 11:57:50.396  1199  1204 D RIL-DSBP: DynamicSBP-detectSBPId-0: rerty to query MCC/MNC
09-27 11:57:50.396  1199  1204 D RIL-DSBP: executeDynamicSBP request timed callback executeDynamicSBP to RIL_CMD_PROXY_1
09-27 11:57:50.396  1199  1204 D RIL-DSBP: executeDynamicSBP-0: Retry it later...
09-27 11:57:50.496  1199  1204 D RIL-DSBP: executeDynamicSBP-0: executionPhase=1
09-27 11:57:50.496  1199  1204 D RIL-DSBP: DynamicSBP-detectSBPId-0: start!!
09-27 11:57:50.497  1199  1204 I RIL     : getRadioState(): radioState=10
09-27 11:57:50.497  1199  1204 I AT      : AT> AT+CPIN? (RIL_CMD_READER_3, tid:488544730448)
09-27 11:57:50.500  1199  1240 I AT      : AT< +CPIN: READY (RIL_CMD_READER_3, tid:488544730448)
09-27 11:57:50.501  1199  1240 I AT      : AT< OK (RIL_CMD_READER_3, tid:488544730448)
09-27 11:57:50.501  1199  1204 D RIL-DSBP: DynamicSBP-detectSBPId-0: SIM is ready, start to query IMSI
09-27 11:57:50.501  1199  1204 D RilUtils: prop vendor.gsm.ril.uicc.mccmnc, readMccMnc N/A, ret 2
09-27 11:57:50.501  1199  1204 D RIL-DSBP: DynamicSBP-detectSBPId-0: rerty to query MCC/MNC
09-27 11:57:50.501  1199  1204 D RIL-DSBP: executeDynamicSBP request timed callback executeDynamicSBP to RIL_CMD_PROXY_1
09-27 11:57:50.501  1199  1204 D RIL-DSBP: executeDynamicSBP-0: Retry it later...
09-27 11:57:50.521  1199  1204 I RIL     : getRadioState(): radioState=10
09-27 11:57:50.521  1199  1204 I AT      : AT> AT+CPIN? (RIL_CMD_READER_3, tid:488544730448)
09-27 11:57:50.525  1199  1240 I AT      : AT< +CPIN: READY (RIL_CMD_READER_3, tid:488544730448)
09-27 11:57:50.526  1199  1240 I AT      : AT< OK (RIL_CMD_READER_3, tid:488544730448)
09-27 11:57:50.526  1199  1204 D RilUtils: prop vendor.gsm.ril.uicc.mccmnc, readMccMnc N/A, ret 2
09-27 11:57:50.602  1199  1204 D RIL-DSBP: executeDynamicSBP-0: executionPhase=1
09-27 11:57:50.602  1199  1204 D RIL-DSBP: DynamicSBP-detectSBPId-0: start!!
09-27 11:57:50.602  1199  1204 I RIL     : getRadioState(): radioState=10
09-27 11:57:50.602  1199  1204 I AT      : AT> AT+CPIN? (RIL_CMD_READER_3, tid:488544730448)
09-27 11:57:50.605  1199  1240 I AT      : AT< +CPIN: READY (RIL_CMD_READER_3, tid:488544730448)
09-27 11:57:50.606  1199  1240 I AT      : AT< OK (RIL_CMD_READER_3, tid:488544730448)
09-27 11:57:50.606  1199  1204 D RIL-DSBP: DynamicSBP-detectSBPId-0: SIM is ready, start to query IMSI
09-27 11:57:50.606  1199  1204 D RilUtils: prop vendor.gsm.ril.uicc.mccmnc, readMccMnc N/A, ret 2
09-27 11:57:50.606  1199  1204 D RIL-DSBP: DynamicSBP-detectSBPId-0: rerty to query MCC/MNC
09-27 11:57:50.606  1199  1204 D RIL-DSBP: executeDynamicSBP request timed callback executeDynamicSBP to RIL_CMD_PROXY_1
09-27 11:57:50.606  1199  1204 D RIL-DSBP: executeDynamicSBP-0: Retry it later...
09-27 11:57:50.707  1199  1204 D RIL-DSBP: executeDynamicSBP-0: executionPhase=1
09-27 11:57:50.707  1199  1204 D RIL-DSBP: DynamicSBP-detectSBPId-0: start!!
09-27 11:57:50.707  1199  1204 I RIL     : getRadioState(): radioState=10
09-27 11:57:50.707  1199  1204 I AT      : AT> AT+CPIN? (RIL_CMD_READER_3, tid:488544730448)
09-27 11:57:50.710  1199  1240 I AT      : AT< +CPIN: READY (RIL_CMD_READER_3, tid:488544730448)
09-27 11:57:50.711  1199  1240 I AT      : AT< OK (RIL_CMD_READER_3, tid:488544730448)
09-27 11:57:50.711  1199  1204 D RIL-DSBP: DynamicSBP-detectSBPId-0: SIM is ready, start to query IMSI
09-27 11:57:50.711  1199  1204 D RilUtils: prop vendor.gsm.ril.uicc.mccmnc, readMccMnc N/A, ret 2
09-27 11:57:50.711  1199  1204 D RIL-DSBP: DynamicSBP-detectSBPId-0: rerty to query MCC/MNC
09-27 11:57:50.711  1199  1204 D RIL-DSBP: executeDynamicSBP request timed callback executeDynamicSBP to RIL_CMD_PROXY_1
09-27 11:57:50.711  1199  1204 D RIL-DSBP: executeDynamicSBP-0: Retry it later...
09-27 11:57:50.812  1199  1204 D RIL-DSBP: executeDynamicSBP-0: executionPhase=1
09-27 11:57:50.812  1199  1204 D RIL-DSBP: DynamicSBP-detectSBPId-0: start!!
09-27 11:57:50.812  1199  1204 I RIL     : getRadioState(): radioState=10
09-27 11:57:50.812  1199  1204 I AT      : AT> AT+CPIN? (RIL_CMD_READER_3, tid:488544730448)
09-27 11:57:50.815  1199  1240 I AT      : AT< +CPIN: READY (RIL_CMD_READER_3, tid:488544730448)
09-27 11:57:50.816  1199  1240 I AT      : AT< OK (RIL_CMD_READER_3, tid:488544730448)
09-27 11:57:50.816  1199  1204 D RIL-DSBP: DynamicSBP-detectSBPId-0: SIM is ready, start to query IMSI
09-27 11:57:50.816  1199  1204 D RilUtils: prop vendor.gsm.ril.uicc.mccmnc, readMccMnc N/A, ret 2
09-27 11:57:50.816  1199  1204 D RIL-DSBP: DynamicSBP-detectSBPId-0: rerty to query MCC/MNC
09-27 11:57:50.816  1199  1204 D RIL-DSBP: executeDynamicSBP request timed callback executeDynamicSBP to RIL_CMD_PROXY_1
09-27 11:57:50.817  1199  1204 D RIL-DSBP: executeDynamicSBP-0: Retry it later...
09-27 11:57:50.919  1199  1204 D RIL-DSBP: executeDynamicSBP-0: executionPhase=1
09-27 11:57:50.919  1199  1204 D RIL-DSBP: DynamicSBP-detectSBPId-0: start!!
09-27 11:57:50.919  1199  1204 I RIL     : getRadioState(): radioState=10
09-27 11:57:50.919  1199  1204 I AT      : AT> AT+CPIN? (RIL_CMD_READER_3, tid:488544730448)
09-27 11:57:50.922  1199  1240 I AT      : AT< +CPIN: READY (RIL_CMD_READER_3, tid:488544730448)
09-27 11:57:50.923  1199  1240 I AT      : AT< OK (RIL_CMD_READER_3, tid:488544730448)
09-27 11:57:50.923  1199  1204 D RIL-DSBP: DynamicSBP-detectSBPId-0: SIM is ready, start to query IMSI
09-27 11:57:50.923  1199  1204 D RilUtils: prop vendor.gsm.ril.uicc.mccmnc, readMccMnc N/A, ret 2
09-27 11:57:50.923  1199  1204 D RIL-DSBP: DynamicSBP-detectSBPId-0: rerty to query MCC/MNC
09-27 11:57:50.923  1199  1204 D RIL-DSBP: executeDynamicSBP request timed callback executeDynamicSBP to RIL_CMD_PROXY_1
09-27 11:57:50.923  1199  1204 D RIL-DSBP: executeDynamicSBP-0: Retry it later...
09-27 11:57:51.023  1199  1204 D RIL-DSBP: executeDynamicSBP-0: executionPhase=1
09-27 11:57:51.024  1199  1204 D RIL-DSBP: DynamicSBP-detectSBPId-0: start!!
09-27 11:57:51.024  1199  1204 I RIL     : getRadioState(): radioState=10
09-27 11:57:51.024  1199  1204 I AT      : AT> AT+CPIN? (RIL_CMD_READER_3, tid:488544730448)
09-27 11:57:51.027  1199  1240 I AT      : AT< +CPIN: READY (RIL_CMD_READER_3, tid:488544730448)
09-27 11:57:51.027  1199  1240 I AT      : AT< OK (RIL_CMD_READER_3, tid:488544730448)
09-27 11:57:51.027  1199  1204 D RIL-DSBP: DynamicSBP-detectSBPId-0: SIM is ready, start to query IMSI
09-27 11:57:51.027  1199  1204 D RilUtils: prop vendor.gsm.ril.uicc.mccmnc, readMccMnc N/A, ret 2
09-27 11:57:51.027  1199  1204 D RIL-DSBP: DynamicSBP-detectSBPId-0: rerty to query MCC/MNC
09-27 11:57:51.027  1199  1204 D RIL-DSBP: executeDynamicSBP request timed callback executeDynamicSBP to RIL_CMD_PROXY_1
09-27 11:57:51.027  1199  1204 D RIL-DSBP: executeDynamicSBP-0: Retry it later...
09-27 11:57:51.028  1199  1204 I RIL     : getRadioState(): radioState=10
09-27 11:57:51.028  1199  1204 I AT      : AT> AT+CPIN? (RIL_CMD_READER_3, tid:488544730448)
09-27 11:57:51.029  1199  1240 I AT      : AT< +CPIN: READY (RIL_CMD_READER_3, tid:488544730448)
09-27 11:57:51.030  1199  1240 I AT      : AT< OK (RIL_CMD_READER_3, tid:488544730448)
09-27 11:57:51.030  1199  1204 D RilUtils: prop vendor.gsm.ril.uicc.mccmnc, readMccMnc N/A, ret 2
09-27 11:57:51.128  1199  1204 D RIL-DSBP: executeDynamicSBP-0: executionPhase=1
09-27 11:57:51.128  1199  1204 D RIL-DSBP: DynamicSBP-detectSBPId-0: start!!
09-27 11:57:51.128  1199  1204 I RIL     : getRadioState(): radioState=10
09-27 11:57:51.128  1199  1204 I AT      : AT> AT+CPIN? (RIL_CMD_READER_3, tid:488544730448)
09-27 11:57:51.131  1199  1240 I AT      : AT< +CPIN: READY (RIL_CMD_READER_3, tid:488544730448)
09-27 11:57:51.132  1199  1240 I AT      : AT< OK (RIL_CMD_READER_3, tid:488544730448)
09-27 11:57:51.132  1199  1204 D RIL-DSBP: DynamicSBP-detectSBPId-0: SIM is ready, start to query IMSI
09-27 11:57:51.132  1199  1204 D RilUtils: prop vendor.gsm.ril.uicc.mccmnc, readMccMnc N/A, ret 2
09-27 11:57:51.132  1199  1204 D RIL-DSBP: DynamicSBP-detectSBPId-0: rerty to query MCC/MNC
09-27 11:57:51.132  1199  1204 D RIL-DSBP: executeDynamicSBP request timed callback executeDynamicSBP to RIL_CMD_PROXY_1
09-27 11:57:51.132  1199  1204 D RIL-DSBP: executeDynamicSBP-0: Retry it later...
09-27 11:57:51.233  1199  1204 D RIL-DSBP: executeDynamicSBP-0: executionPhase=1
09-27 11:57:51.233  1199  1204 D RIL-DSBP: DynamicSBP-detectSBPId-0: start!!
09-27 11:57:51.233  1199  1204 I RIL     : getRadioState(): radioState=10
09-27 11:57:51.233  1199  1204 I AT      : AT> AT+CPIN? (RIL_CMD_READER_3, tid:488544730448)
09-27 11:57:51.236  1199  1240 I AT      : AT< +CPIN: READY (RIL_CMD_READER_3, tid:488544730448)
09-27 11:57:51.237  1199  1240 I AT      : AT< OK (RIL_CMD_READER_3, tid:488544730448)
09-27 11:57:51.237  1199  1204 D RIL-DSBP: DynamicSBP-detectSBPId-0: SIM is ready, start to query IMSI
09-27 11:57:51.237  1199  1204 D RilUtils: prop vendor.gsm.ril.uicc.mccmnc, readMccMnc N/A, ret 2
09-27 11:57:51.237  1199  1204 D RIL-DSBP: DynamicSBP-detectSBPId-0: rerty to query MCC/MNC
09-27 11:57:51.237  1199  1204 D RIL-DSBP: executeDynamicSBP request timed callback executeDynamicSBP to RIL_CMD_PROXY_1
09-27 11:57:51.237  1199  1204 D RIL-DSBP: executeDynamicSBP-0: Retry it later...
09-27 11:57:51.338  1199  1204 D RIL-DSBP: executeDynamicSBP-0: executionPhase=1
09-27 11:57:51.338  1199  1204 D RIL-DSBP: DynamicSBP-detectSBPId-0: start!!
09-27 11:57:51.338  1199  1204 I RIL     : getRadioState(): radioState=10
09-27 11:57:51.338  1199  1204 I AT      : AT> AT+CPIN? (RIL_CMD_READER_3, tid:488544730448)
09-27 11:57:51.341  1199  1240 I AT      : AT< +CPIN: READY (RIL_CMD_READER_3, tid:488544730448)
09-27 11:57:51.342  1199  1240 I AT      : AT< OK (RIL_CMD_READER_3, tid:488544730448)
09-27 11:57:51.342  1199  1204 D RIL-DSBP: DynamicSBP-detectSBPId-0: SIM is ready, start to query IMSI
09-27 11:57:51.342  1199  1204 D RilUtils: prop vendor.gsm.ril.uicc.mccmnc, readMccMnc N/A, ret 2
09-27 11:57:51.342  1199  1204 D RIL-DSBP: DynamicSBP-detectSBPId-0: rerty to query MCC/MNC
09-27 11:57:51.342  1199  1204 D RIL-DSBP: executeDynamicSBP request timed callback executeDynamicSBP to RIL_CMD_PROXY_1
09-27 11:57:51.342  1199  1204 D RIL-DSBP: executeDynamicSBP-0: Retry it later...
09-27 11:57:51.443  1199  1204 D RIL-DSBP: executeDynamicSBP-0: executionPhase=1
09-27 11:57:51.443  1199  1204 D RIL-DSBP: DynamicSBP-detectSBPId-0: start!!
09-27 11:57:51.443  1199  1204 I RIL     : getRadioState(): radioState=10
09-27 11:57:51.443  1199  1204 I AT      : AT> AT+CPIN? (RIL_CMD_READER_3, tid:488544730448)
09-27 11:57:51.446  1199  1240 I AT      : AT< +CPIN: READY (RIL_CMD_READER_3, tid:488544730448)
09-27 11:57:51.446  1199  1240 I AT      : AT< OK (RIL_CMD_READER_3, tid:488544730448)
09-27 11:57:51.446  1199  1204 D RIL-DSBP: DynamicSBP-detectSBPId-0: SIM is ready, start to query IMSI
09-27 11:57:51.446  1199  1204 D RilUtils: prop vendor.gsm.ril.uicc.mccmnc, readMccMnc N/A, ret 2
09-27 11:57:51.447  1199  1204 D RIL-DSBP: DynamicSBP-detectSBPId-0: rerty to query MCC/MNC
09-27 11:57:51.447  1199  1204 D RIL-DSBP: executeDynamicSBP request timed callback executeDynamicSBP to RIL_CMD_PROXY_1
09-27 11:57:51.447  1199  1204 D RIL-DSBP: executeDynamicSBP-0: Retry it later...
09-27 11:57:51.531  1199  1204 I RIL     : getRadioState(): radioState=10
09-27 11:57:51.531  1199  1204 I AT      : AT> AT+CPIN? (RIL_CMD_READER_3, tid:488544730448)
09-27 11:57:51.534  1199  1240 I AT      : AT< +CPIN: READY (RIL_CMD_READER_3, tid:488544730448)
09-27 11:57:51.534  1199  1240 I AT      : AT< OK (RIL_CMD_READER_3, tid:488544730448)
09-27 11:57:51.534  1199  1204 D RilUtils: prop vendor.gsm.ril.uicc.mccmnc, readMccMnc N/A, ret 2
09-27 11:57:51.547  1199  1204 D RIL-DSBP: executeDynamicSBP-0: executionPhase=1
09-27 11:57:51.547  1199  1204 D RIL-DSBP: DynamicSBP-detectSBPId-0: start!!
09-27 11:57:51.547  1199  1204 I RIL     : getRadioState(): radioState=10
09-27 11:57:51.547  1199  1204 I AT      : AT> AT+CPIN? (RIL_CMD_READER_3, tid:488544730448)
09-27 11:57:51.550  1199  1240 I AT      : AT< +CPIN: READY (RIL_CMD_READER_3, tid:488544730448)
09-27 11:57:51.550  1199  1240 I AT      : AT< OK (RIL_CMD_READER_3, tid:488544730448)
09-27 11:57:51.551  1199  1204 D RIL-DSBP: DynamicSBP-detectSBPId-0: SIM is ready, start to query IMSI
09-27 11:57:51.551  1199  1204 D RilUtils: prop vendor.gsm.ril.uicc.mccmnc, readMccMnc N/A, ret 2
09-27 11:57:51.551  1199  1204 D RIL-DSBP: DynamicSBP-detectSBPId-0: rerty to query MCC/MNC
09-27 11:57:51.551  1199  1204 D RIL-DSBP: executeDynamicSBP request timed callback executeDynamicSBP to RIL_CMD_PROXY_1
09-27 11:57:51.551  1199  1204 D RIL-DSBP: executeDynamicSBP-0: Retry it later...
09-27 11:57:51.651  1199  1204 D RIL-DSBP: executeDynamicSBP-0: executionPhase=1
09-27 11:57:51.651  1199  1204 D RIL-DSBP: DynamicSBP-detectSBPId-0: start!!
09-27 11:57:51.651  1199  1204 I RIL     : getRadioState(): radioState=10
09-27 11:57:51.652  1199  1204 I AT      : AT> AT+CPIN? (RIL_CMD_READER_3, tid:488544730448)
09-27 11:57:51.655  1199  1240 I AT      : AT< +CPIN: READY (RIL_CMD_READER_3, tid:488544730448)
09-27 11:57:51.655  1199  1240 I AT      : AT< OK (RIL_CMD_READER_3, tid:488544730448)
09-27 11:57:51.656  1199  1204 D RIL-DSBP: DynamicSBP-detectSBPId-0: SIM is ready, start to query IMSI
09-27 11:57:51.656  1199  1204 D RilUtils: prop vendor.gsm.ril.uicc.mccmnc, readMccMnc N/A, ret 2
09-27 11:57:51.656  1199  1204 D RIL-DSBP: DynamicSBP-detectSBPId-0: rerty to query MCC/MNC
09-27 11:57:51.656  1199  1204 D RIL-DSBP: executeDynamicSBP request timed callback executeDynamicSBP to RIL_CMD_PROXY_1
09-27 11:57:51.656  1199  1204 D RIL-DSBP: executeDynamicSBP-0: Retry it later...
09-27 11:57:51.757  1199  1204 D RIL-DSBP: executeDynamicSBP-0: executionPhase=1
09-27 11:57:51.757  1199  1204 D RIL-DSBP: DynamicSBP-detectSBPId-0: start!!
09-27 11:57:51.757  1199  1204 I RIL     : getRadioState(): radioState=10
09-27 11:57:51.757  1199  1204 I AT      : AT> AT+CPIN? (RIL_CMD_READER_3, tid:488544730448)
09-27 11:57:51.761  1199  1240 I AT      : AT< +CPIN: READY (RIL_CMD_READER_3, tid:488544730448)
09-27 11:57:51.762  1199  1240 I AT      : AT< OK (RIL_CMD_READER_3, tid:488544730448)
09-27 11:57:51.762  1199  1204 D RIL-DSBP: DynamicSBP-detectSBPId-0: SIM is ready, start to query IMSI
09-27 11:57:51.762  1199  1204 D RilUtils: prop vendor.gsm.ril.uicc.mccmnc, readMccMnc N/A, ret 2
09-27 11:57:51.762  1199  1204 D RIL-DSBP: DynamicSBP-detectSBPId-0: rerty to query MCC/MNC
09-27 11:57:51.762  1199  1204 D RIL-DSBP: executeDynamicSBP request timed callback executeDynamicSBP to RIL_CMD_PROXY_1
09-27 11:57:51.762  1199  1204 D RIL-DSBP: executeDynamicSBP-0: Retry it later...
09-27 11:57:51.863  1199  1204 D RIL-DSBP: executeDynamicSBP-0: executionPhase=1
09-27 11:57:51.863  1199  1204 D RIL-DSBP: DynamicSBP-detectSBPId-0: start!!
09-27 11:57:51.863  1199  1204 I RIL     : getRadioState(): radioState=10
09-27 11:57:51.863  1199  1204 I AT      : AT> AT+CPIN? (RIL_CMD_READER_3, tid:488544730448)
09-27 11:57:51.866  1199  1240 I AT      : AT< +CPIN: READY (RIL_CMD_READER_3, tid:488544730448)
09-27 11:57:51.867  1199  1240 I AT      : AT< OK (RIL_CMD_READER_3, tid:488544730448)
09-27 11:57:51.867  1199  1204 D RIL-DSBP: DynamicSBP-detectSBPId-0: SIM is ready, start to query IMSI
09-27 11:57:51.867  1199  1204 D RilUtils: prop vendor.gsm.ril.uicc.mccmnc, readMccMnc N/A, ret 2
09-27 11:57:51.867  1199  1204 D RIL-DSBP: DynamicSBP-detectSBPId-0: rerty to query MCC/MNC
09-27 11:57:51.867  1199  1204 D RIL-DSBP: executeDynamicSBP request timed callback executeDynamicSBP to RIL_CMD_PROXY_1
09-27 11:57:51.867  1199  1204 D RIL-DSBP: executeDynamicSBP-0: Retry it later...
09-27 11:57:51.968  1199  1204 D RIL-DSBP: executeDynamicSBP-0: executionPhase=1
09-27 11:57:51.968  1199  1204 D RIL-DSBP: DynamicSBP-detectSBPId-0: start!!
09-27 11:57:51.968  1199  1204 I RIL     : getRadioState(): radioState=10
09-27 11:57:51.968  1199  1204 I AT      : AT> AT+CPIN? (RIL_CMD_READER_3, tid:488544730448)
09-27 11:57:51.972  1199  1240 I AT      : AT< +CPIN: READY (RIL_CMD_READER_3, tid:488544730448)
09-27 11:57:51.972  1199  1240 I AT      : AT< OK (RIL_CMD_READER_3, tid:488544730448)
09-27 11:57:51.972  1199  1204 D RIL-DSBP: DynamicSBP-detectSBPId-0: SIM is ready, start to query IMSI
09-27 11:57:51.972  1199  1204 D RilUtils: prop vendor.gsm.ril.uicc.mccmnc, readMccMnc N/A, ret 2
09-27 11:57:51.972  1199  1204 D RIL-DSBP: DynamicSBP-detectSBPId-0: rerty to query MCC/MNC
09-27 11:57:51.974  1199  1204 D RIL-DSBP: executeDynamicSBP request timed callback executeDynamicSBP to RIL_CMD_PROXY_1
09-27 11:57:51.974  1199  1204 D RIL-DSBP: executeDynamicSBP-0: Retry it later...
09-27 11:57:52.035  1199  1204 I RIL     : getRadioState(): radioState=10
09-27 11:57:52.035  1199  1204 I AT      : AT> AT+CPIN? (RIL_CMD_READER_3, tid:488544730448)
09-27 11:57:52.038  1199  1240 I AT      : AT< +CPIN: READY (RIL_CMD_READER_3, tid:488544730448)
09-27 11:57:52.039  1199  1240 I AT      : AT< OK (RIL_CMD_READER_3, tid:488544730448)
09-27 11:57:52.039  1199  1204 D RilUtils: prop vendor.gsm.ril.uicc.mccmnc, readMccMnc N/A, ret 2
09-27 11:57:52.075  1199  1204 D RIL-DSBP: executeDynamicSBP-0: executionPhase=1
09-27 11:57:52.075  1199  1204 D RIL-DSBP: DynamicSBP-detectSBPId-0: start!!
09-27 11:57:52.075  1199  1204 I RIL     : getRadioState(): radioState=10
09-27 11:57:52.075  1199  1204 I AT      : AT> AT+CPIN? (RIL_CMD_READER_3, tid:488544730448)
09-27 11:57:52.078  1199  1240 I AT      : AT< +CPIN: READY (RIL_CMD_READER_3, tid:488544730448)
09-27 11:57:52.079  1199  1240 I AT      : AT< OK (RIL_CMD_READER_3, tid:488544730448)
09-27 11:57:52.079  1199  1204 D RIL-DSBP: DynamicSBP-detectSBPId-0: SIM is ready, start to query IMSI
09-27 11:57:52.079  1199  1204 D RilUtils: prop vendor.gsm.ril.uicc.mccmnc, readMccMnc N/A, ret 2
09-27 11:57:52.079  1199  1204 D RIL-DSBP: DynamicSBP-detectSBPId-0: rerty to query MCC/MNC
09-27 11:57:52.079  1199  1204 D RIL-DSBP: executeDynamicSBP request timed callback executeDynamicSBP to RIL_CMD_PROXY_1
09-27 11:57:52.079  1199  1204 D RIL-DSBP: executeDynamicSBP-0: Retry it later...
09-27 11:57:52.179  1199  1204 D RIL-DSBP: executeDynamicSBP-0: executionPhase=1
09-27 11:57:52.180  1199  1204 D RIL-DSBP: DynamicSBP-detectSBPId-0: start!!
09-27 11:57:52.180  1199  1204 I RIL     : getRadioState(): radioState=10
09-27 11:57:52.180  1199  1204 I AT      : AT> AT+CPIN? (RIL_CMD_READER_3, tid:488544730448)
09-27 11:57:52.183  1199  1240 I AT      : AT< +CPIN: READY (RIL_CMD_READER_3, tid:488544730448)
09-27 11:57:52.183  1199  1240 I AT      : AT< OK (RIL_CMD_READER_3, tid:488544730448)
09-27 11:57:52.183  1199  1204 D RIL-DSBP: DynamicSBP-detectSBPId-0: SIM is ready, start to query IMSI
09-27 11:57:52.184  1199  1204 D RilUtils: prop vendor.gsm.ril.uicc.mccmnc, readMccMnc N/A, ret 2
09-27 11:57:52.184  1199  1204 D RIL-DSBP: DynamicSBP-detectSBPId-0: rerty to query MCC/MNC
09-27 11:57:52.184  1199  1204 D RIL-DSBP: executeDynamicSBP request timed callback executeDynamicSBP to RIL_CMD_PROXY_1
09-27 11:57:52.184  1199  1204 D RIL-DSBP: executeDynamicSBP-0: Retry it later...
09-27 11:57:52.284  1199  1204 D RIL-DSBP: executeDynamicSBP-0: executionPhase=1
09-27 11:57:52.284  1199  1204 D RIL-DSBP: DynamicSBP-detectSBPId-0: start!!
09-27 11:57:52.284  1199  1204 I RIL     : getRadioState(): radioState=10
09-27 11:57:52.285  1199  1204 I AT      : AT> AT+CPIN? (RIL_CMD_READER_3, tid:488544730448)
09-27 11:57:52.288  1199  1240 I AT      : AT< +CPIN: READY (RIL_CMD_READER_3, tid:488544730448)
09-27 11:57:52.289  1199  1240 I AT      : AT< OK (RIL_CMD_READER_3, tid:488544730448)
09-27 11:57:52.289  1199  1204 D RIL-DSBP: DynamicSBP-detectSBPId-0: SIM is ready, start to query IMSI
09-27 11:57:52.289  1199  1204 D RilUtils: prop vendor.gsm.ril.uicc.mccmnc, readMccMnc N/A, ret 2
09-27 11:57:52.289  1199  1204 D RIL-DSBP: DynamicSBP-detectSBPId-0: rerty to query MCC/MNC
09-27 11:57:52.289  1199  1204 D RIL-DSBP: executeDynamicSBP request timed callback executeDynamicSBP to RIL_CMD_PROXY_1
09-27 11:57:52.289  1199  1204 D RIL-DSBP: executeDynamicSBP-0: Retry it later...
09-27 11:57:52.390  1199  1204 D RIL-DSBP: executeDynamicSBP-0: executionPhase=1
09-27 11:57:52.390  1199  1204 D RIL-DSBP: DynamicSBP-detectSBPId-0: start!!
09-27 11:57:52.390  1199  1204 I RIL     : getRadioState(): radioState=10
09-27 11:57:52.390  1199  1204 I AT      : AT> AT+CPIN? (RIL_CMD_READER_3, tid:488544730448)
09-27 11:57:52.393  1199  1240 I AT      : AT< +CPIN: READY (RIL_CMD_READER_3, tid:488544730448)
09-27 11:57:52.394  1199  1240 I AT      : AT< OK (RIL_CMD_READER_3, tid:488544730448)
09-27 11:57:52.394  1199  1204 D RIL-DSBP: DynamicSBP-detectSBPId-0: SIM is ready, start to query IMSI
09-27 11:57:52.394  1199  1204 D RilUtils: prop vendor.gsm.ril.uicc.mccmnc, readMccMnc N/A, ret 2
09-27 11:57:52.394  1199  1204 D RIL-DSBP: DynamicSBP-detectSBPId-0: rerty to query MCC/MNC
09-27 11:57:52.394  1199  1204 D RIL-DSBP: executeDynamicSBP request timed callback executeDynamicSBP to RIL_CMD_PROXY_1
09-27 11:57:52.394  1199  1204 D RIL-DSBP: executeDynamicSBP-0: Retry it later...
09-27 11:57:52.495  1199  1204 D RIL-DSBP: executeDynamicSBP-0: executionPhase=1
09-27 11:57:52.496  1199  1204 D RIL-DSBP: DynamicSBP-detectSBPId-0: start!!
09-27 11:57:52.496  1199  1204 I RIL     : getRadioState(): radioState=10
09-27 11:57:52.496  1199  1204 I AT      : AT> AT+CPIN? (RIL_CMD_READER_3, tid:488544730448)
09-27 11:57:52.503  1199  1240 I AT      : AT< +CPIN: READY (RIL_CMD_READER_3, tid:488544730448)
09-27 11:57:52.503  1199  1240 I AT      : AT< OK (RIL_CMD_READER_3, tid:488544730448)
09-27 11:57:52.503  1199  1204 D RIL-DSBP: DynamicSBP-detectSBPId-0: SIM is ready, start to query IMSI
09-27 11:57:52.503  1199  1204 D RilUtils: prop vendor.gsm.ril.uicc.mccmnc, readMccMnc N/A, ret 2
09-27 11:57:52.503  1199  1204 D RIL-DSBP: DynamicSBP-detectSBPId-0: rerty to query MCC/MNC
09-27 11:57:52.503  1199  1204 D RIL-DSBP: executeDynamicSBP request timed callback executeDynamicSBP to RIL_CMD_PROXY_1
09-27 11:57:52.503  1199  1204 D RIL-DSBP: executeDynamicSBP-0: Retry it later...
09-27 11:57:52.539  1199  1204 I RIL     : getRadioState(): radioState=10
09-27 11:57:52.539  1199  1204 I AT      : AT> AT+CPIN? (RIL_CMD_READER_3, tid:488544730448)
09-27 11:57:52.543  1199  1240 I AT      : AT< +CPIN: READY (RIL_CMD_READER_3, tid:488544730448)
09-27 11:57:52.543  1199  1240 I AT      : AT< OK (RIL_CMD_READER_3, tid:488544730448)
09-27 11:57:52.543  1199  1204 D RilUtils: prop vendor.gsm.ril.uicc.mccmnc, readMccMnc N/A, ret 2
09-27 11:57:52.604  1199  1204 D RIL-DSBP: executeDynamicSBP-0: executionPhase=1
09-27 11:57:52.604  1199  1204 D RIL-DSBP: DynamicSBP-detectSBPId-0: start!!
09-27 11:57:52.604  1199  1204 I RIL     : getRadioState(): radioState=10
09-27 11:57:52.604  1199  1204 I AT      : AT> AT+CPIN? (RIL_CMD_READER_3, tid:488544730448)
09-27 11:57:52.607  1199  1240 I AT      : AT< +CPIN: READY (RIL_CMD_READER_3, tid:488544730448)
09-27 11:57:52.608  1199  1240 I AT      : AT< OK (RIL_CMD_READER_3, tid:488544730448)
09-27 11:57:52.608  1199  1204 D RIL-DSBP: DynamicSBP-detectSBPId-0: SIM is ready, start to query IMSI
09-27 11:57:52.608  1199  1204 D RilUtils: prop vendor.gsm.ril.uicc.mccmnc, readMccMnc N/A, ret 2
09-27 11:57:52.608  1199  1204 D RIL-DSBP: DynamicSBP-detectSBPId-0: rerty to query MCC/MNC
09-27 11:57:52.608  1199  1204 D RIL-DSBP: executeDynamicSBP request timed callback executeDynamicSBP to RIL_CMD_PROXY_1
09-27 11:57:52.608  1199  1204 D RIL-DSBP: executeDynamicSBP-0: Retry it later...
09-27 11:57:52.709  1199  1204 D RIL-DSBP: executeDynamicSBP-0: executionPhase=1
09-27 11:57:52.709  1199  1204 D RIL-DSBP: DynamicSBP-detectSBPId-0: start!!
09-27 11:57:52.709  1199  1204 I RIL     : getRadioState(): radioState=10
09-27 11:57:52.709  1199  1204 I AT      : AT> AT+CPIN? (RIL_CMD_READER_3, tid:488544730448)
09-27 11:57:52.712  1199  1240 I AT      : AT< +CPIN: READY (RIL_CMD_READER_3, tid:488544730448)
09-27 11:57:52.712  1199  1240 I AT      : AT< OK (RIL_CMD_READER_3, tid:488544730448)
09-27 11:57:52.712  1199  1204 D RIL-DSBP: DynamicSBP-detectSBPId-0: SIM is ready, start to query IMSI
09-27 11:57:52.712  1199  1204 D RilUtils: prop vendor.gsm.ril.uicc.mccmnc, readMccMnc N/A, ret 2
09-27 11:57:52.712  1199  1204 D RIL-DSBP: DynamicSBP-detectSBPId-0: rerty to query MCC/MNC
09-27 11:57:52.712  1199  1204 D RIL-DSBP: executeDynamicSBP request timed callback executeDynamicSBP to RIL_CMD_PROXY_1
09-27 11:57:52.713  1199  1204 D RIL-DSBP: executeDynamicSBP-0: Retry it later...
09-27 11:57:52.813  1199  1204 D RIL-DSBP: executeDynamicSBP-0: executionPhase=1
09-27 11:57:52.813  1199  1204 D RIL-DSBP: DynamicSBP-detectSBPId-0: start!!
09-27 11:57:52.813  1199  1204 I RIL     : getRadioState(): radioState=10
09-27 11:57:52.813  1199  1204 I AT      : AT> AT+CPIN? (RIL_CMD_READER_3, tid:488544730448)
09-27 11:57:52.817  1199  1240 I AT      : AT< +CPIN: READY (RIL_CMD_READER_3, tid:488544730448)
09-27 11:57:52.817  1199  1240 I AT      : AT< OK (RIL_CMD_READER_3, tid:488544730448)
09-27 11:57:52.818  1199  1204 D RIL-DSBP: DynamicSBP-detectSBPId-0: SIM is ready, start to query IMSI
09-27 11:57:52.818  1199  1204 D RilUtils: prop vendor.gsm.ril.uicc.mccmnc, readMccMnc N/A, ret 2
09-27 11:57:52.818  1199  1204 D RIL-DSBP: DynamicSBP-detectSBPId-0: rerty to query MCC/MNC
09-27 11:57:52.818  1199  1204 D RIL-DSBP: executeDynamicSBP request timed callback executeDynamicSBP to RIL_CMD_PROXY_1
09-27 11:57:52.818  1199  1204 D RIL-DSBP: executeDynamicSBP-0: Retry it later...
09-27 11:57:52.918  1199  1204 D RIL-DSBP: executeDynamicSBP-0: executionPhase=1
09-27 11:57:52.918  1199  1204 D RIL-DSBP: DynamicSBP-detectSBPId-0: start!!
09-27 11:57:52.918  1199  1204 I RIL     : getRadioState(): radioState=10
09-27 11:57:52.918  1199  1204 I AT      : AT> AT+CPIN? (RIL_CMD_READER_3, tid:488544730448)
09-27 11:57:52.921  1199  1240 I AT      : AT< +CPIN: READY (RIL_CMD_READER_3, tid:488544730448)
09-27 11:57:52.921  1199  1240 I AT      : AT< OK (RIL_CMD_READER_3, tid:488544730448)
09-27 11:57:52.922  1199  1204 D RIL-DSBP: DynamicSBP-detectSBPId-0: SIM is ready, start to query IMSI
09-27 11:57:52.922  1199  1204 D RilUtils: prop vendor.gsm.ril.uicc.mccmnc, readMccMnc N/A, ret 2
09-27 11:57:52.922  1199  1204 D RIL-DSBP: DynamicSBP-detectSBPId-0: rerty to query MCC/MNC
09-27 11:57:52.922  1199  1204 D RIL-DSBP: executeDynamicSBP request timed callback executeDynamicSBP to RIL_CMD_PROXY_1
09-27 11:57:52.922  1199  1204 D RIL-DSBP: executeDynamicSBP-0: Retry it later...
09-27 11:57:53.022  1199  1204 D RIL-DSBP: executeDynamicSBP-0: executionPhase=1
09-27 11:57:53.022  1199  1204 D RIL-DSBP: DynamicSBP-detectSBPId-0: start!!
09-27 11:57:53.022  1199  1204 I RIL     : getRadioState(): radioState=10
09-27 11:57:53.022  1199  1204 I AT      : AT> AT+CPIN? (RIL_CMD_READER_3, tid:488544730448)
09-27 11:57:53.026  1199  1240 I AT      : AT< +CPIN: READY (RIL_CMD_READER_3, tid:488544730448)
09-27 11:57:53.026  1199  1240 I AT      : AT< OK (RIL_CMD_READER_3, tid:488544730448)
09-27 11:57:53.026  1199  1204 D RIL-DSBP: DynamicSBP-detectSBPId-0: SIM is ready, start to query IMSI
09-27 11:57:53.026  1199  1204 D RilUtils: prop vendor.gsm.ril.uicc.mccmnc, readMccMnc N/A, ret 2
09-27 11:57:53.026  1199  1204 D RIL-DSBP: DynamicSBP-detectSBPId-0: rerty to query MCC/MNC
09-27 11:57:53.026  1199  1204 D RIL-DSBP: executeDynamicSBP request timed callback executeDynamicSBP to RIL_CMD_PROXY_1
09-27 11:57:53.026  1199  1204 D RIL-DSBP: executeDynamicSBP-0: Retry it later...
09-27 11:57:53.044  1199  1204 I RIL     : getRadioState(): radioState=10
09-27 11:57:53.044  1199  1204 I AT      : AT> AT+CPIN? (RIL_CMD_READER_3, tid:488544730448)
09-27 11:57:53.047  1199  1240 I AT      : AT< +CPIN: READY (RIL_CMD_READER_3, tid:488544730448)
09-27 11:57:53.047  1199  1240 I AT      : AT< OK (RIL_CMD_READER_3, tid:488544730448)
09-27 11:57:53.047  1199  1204 D RilUtils: prop vendor.gsm.ril.uicc.mccmnc, readMccMnc N/A, ret 2
09-27 11:57:53.067  1199  1213 I RILC    : NUMBER:1
09-27 11:57:53.068  1199  1213 I RILC    : arg len:17
09-27 11:57:53.068  1199  1213 I RILC    : ARGS[0]:THERMAL,0,0,0,0
09-27 11:57:53.068  1199  1213 I RILC-MTK: set request 2510 to protocal 1, proxyId=3
09-27 11:57:53.068  1199  1204 I RILC-MTK: proxy id:3, proxyName: RIL_CMD_PROXY_1, RIL_LOCAL_REQUEST_QUERY_MODEM_THERMAL pRI=0x71b070f9f0 p=0x71b0829100 execute on RIL_CMD_PROXY_1 using channel 3
09-27 11:57:53.068  1199  1204 I AT      : AT> AT+ETHERMAL=0,0,0
09-27 11:57:53.068  1199  1204 I AT      :  (RIL_CMD_READER_3, tid:488544730448)
09-27 11:57:53.071  1199  1240 I AT      : AT< ERROR (RIL_CMD_READER_3, tid:488544730448)
09-27 11:57:53.071  1199  1213 I RILC    : NUMBER:1
09-27 11:57:53.071  1199  1213 I RILC    : arg len:17
09-27 11:57:53.071  1199  1213 I RILC    : ARGS[0]:THERMAL,0,0,1,0
09-27 11:57:53.071  1199  1213 I RILC-MTK: set request 2510 to protocal 1, proxyId=3
09-27 11:57:53.071  1199  1204 I RILC-MTK: proxy id:3, proxyName: RIL_CMD_PROXY_1, RIL_LOCAL_REQUEST_QUERY_MODEM_THERMAL pRI=0x71b070fd50 p=0x71b0829180 execute on RIL_CMD_PROXY_1 using channel 3
09-27 11:57:53.071  1199  1204 I AT      : AT> AT+ETHERMAL=0,1,0
09-27 11:57:53.071  1199  1204 I AT      :  (RIL_CMD_READER_3, tid:488544730448)
09-27 11:57:53.072  1199  1240 I AT      : AT< ERROR (RIL_CMD_READER_3, tid:488544730448)
09-27 11:57:53.073  1199  1213 I RILC    : NUMBER:1
09-27 11:57:53.073  1199  1213 I RILC    : arg len:17
09-27 11:57:53.073  1199  1213 I RILC    : ARGS[0]:THERMAL,0,0,2,0
09-27 11:57:53.073  1199  1213 I RILC-MTK: set request 2510 to protocal 1, proxyId=3
09-27 11:57:53.073  1199  1204 I RILC-MTK: proxy id:3, proxyName: RIL_CMD_PROXY_1, RIL_LOCAL_REQUEST_QUERY_MODEM_THERMAL pRI=0x71b070f8a0 p=0x71b0829200 execute on RIL_CMD_PROXY_1 using channel 3
09-27 11:57:53.073  1199  1204 I AT      : AT> AT+ETHERMAL=0,2,0
09-27 11:57:53.073  1199  1204 I AT      :  (RIL_CMD_READER_3, tid:488544730448)
09-27 11:57:53.075  1199  1240 I AT      : AT< ERROR (RIL_CMD_READER_3, tid:488544730448)
09-27 11:57:53.077  1199  1213 I RILC    : NUMBER:1
09-27 11:57:53.077  1199  1213 I RILC    : arg len:14
09-27 11:57:53.077  1199  1213 I RILC    : ARGS[0]:THERMAL,0,-1
09-27 11:57:53.077  1199  1213 I RILC-MTK: set request 2510 to protocal 1, proxyId=3
09-27 11:57:53.077  1199  1204 I RILC-MTK: proxy id:3, proxyName: RIL_CMD_PROXY_1, RIL_LOCAL_REQUEST_QUERY_MODEM_THERMAL pRI=0x71b070f930 p=0x71b07edc80 execute on RIL_CMD_PROXY_1 using channel 3
09-27 11:57:53.077  1199  1204 I RIL     : getRadioState(): radioState=10
09-27 11:57:53.077  1199  1204 I AT      : AT> AT+ETHERMAL (RIL_CMD_READER_3, tid:488544730448)
09-27 11:57:53.080  1199  1240 I AT      : AT< +ETHERMAL: 3, 43, -127, 0, 32767, 1 (RIL_CMD_READER_3, tid:488544730448)
09-27 11:57:53.081  1199  1240 I AT      : AT< OK (RIL_CMD_READER_3, tid:488544730448)
09-27 11:57:53.128  1199  1204 D RIL-DSBP: executeDynamicSBP-0: executionPhase=1
09-27 11:57:53.128  1199  1204 D RIL-DSBP: DynamicSBP-detectSBPId-0: start!!
09-27 11:57:53.128  1199  1204 I RIL     : getRadioState(): radioState=10
09-27 11:57:53.128  1199  1204 I AT      : AT> AT+CPIN? (RIL_CMD_READER_3, tid:488544730448)
09-27 11:57:53.131  1199  1240 I AT      : AT< +CPIN: READY (RIL_CMD_READER_3, tid:488544730448)
09-27 11:57:53.131  1199  1240 I AT      : AT< OK (RIL_CMD_READER_3, tid:488544730448)
09-27 11:57:53.131  1199  1204 D RIL-DSBP: DynamicSBP-detectSBPId-0: SIM is ready, start to query IMSI
09-27 11:57:53.131  1199  1204 D RilUtils: prop vendor.gsm.ril.uicc.mccmnc, readMccMnc N/A, ret 2
09-27 11:57:53.131  1199  1204 D RIL-DSBP: DynamicSBP-detectSBPId-0: rerty to query MCC/MNC
09-27 11:57:53.131  1199  1204 D RIL-DSBP: executeDynamicSBP request timed callback executeDynamicSBP to RIL_CMD_PROXY_1
09-27 11:57:53.131  1199  1204 D RIL-DSBP: executeDynamicSBP-0: Retry it later...
09-27 11:57:53.232  1199  1204 D RIL-DSBP: executeDynamicSBP-0: executionPhase=1
09-27 11:57:53.232  1199  1204 D RIL-DSBP: DynamicSBP-detectSBPId-0: start!!
09-27 11:57:53.232  1199  1204 I RIL     : getRadioState(): radioState=10
09-27 11:57:53.232  1199  1204 I AT      : AT> AT+CPIN? (RIL_CMD_READER_3, tid:488544730448)
09-27 11:57:53.235  1199  1240 I AT      : AT< +CPIN: READY (RIL_CMD_READER_3, tid:488544730448)
09-27 11:57:53.236  1199  1240 I AT      : AT< OK (RIL_CMD_READER_3, tid:488544730448)
09-27 11:57:53.236  1199  1204 D RIL-DSBP: DynamicSBP-detectSBPId-0: SIM is ready, start to query IMSI
09-27 11:57:53.236  1199  1204 D RilUtils: prop vendor.gsm.ril.uicc.mccmnc, readMccMnc N/A, ret 2
09-27 11:57:53.236  1199  1204 D RIL-DSBP: DynamicSBP-detectSBPId-0: rerty to query MCC/MNC
09-27 11:57:53.236  1199  1204 D RIL-DSBP: executeDynamicSBP request timed callback executeDynamicSBP to RIL_CMD_PROXY_1
09-27 11:57:53.236  1199  1204 D RIL-DSBP: executeDynamicSBP-0: Retry it later...
09-27 11:57:53.336  1199  1204 D RIL-DSBP: executeDynamicSBP-0: executionPhase=1
09-27 11:57:53.337  1199  1204 D RIL-DSBP: DynamicSBP-detectSBPId-0: start!!
09-27 11:57:53.337  1199  1204 I RIL     : getRadioState(): radioState=10
09-27 11:57:53.337  1199  1204 I AT      : AT> AT+CPIN? (RIL_CMD_READER_3, tid:488544730448)
09-27 11:57:53.340  1199  1240 I AT      : AT< +CPIN: READY (RIL_CMD_READER_3, tid:488544730448)
09-27 11:57:53.340  1199  1240 I AT      : AT< OK (RIL_CMD_READER_3, tid:488544730448)
09-27 11:57:53.341  1199  1204 D RIL-DSBP: DynamicSBP-detectSBPId-0: SIM is ready, start to query IMSI
09-27 11:57:53.341  1199  1204 D RilUtils: prop vendor.gsm.ril.uicc.mccmnc, readMccMnc N/A, ret 2
09-27 11:57:53.341  1199  1204 D RIL-DSBP: DynamicSBP-detectSBPId-0: rerty to query MCC/MNC
09-27 11:57:53.341  1199  1204 D RIL-DSBP: executeDynamicSBP request timed callback executeDynamicSBP to RIL_CMD_PROXY_1
09-27 11:57:53.341  1199  1204 D RIL-DSBP: executeDynamicSBP-0: Retry it later...
09-27 11:57:53.441  1199  1204 D RIL-DSBP: executeDynamicSBP-0: executionPhase=1
09-27 11:57:53.441  1199  1204 D RIL-DSBP: DynamicSBP-detectSBPId-0: start!!
09-27 11:57:53.441  1199  1204 I RIL     : getRadioState(): radioState=10
09-27 11:57:53.441  1199  1204 I AT      : AT> AT+CPIN? (RIL_CMD_READER_3, tid:488544730448)
09-27 11:57:53.445  1199  1240 I AT      : AT< +CPIN: READY (RIL_CMD_READER_3, tid:488544730448)
09-27 11:57:53.445  1199  1240 I AT      : AT< OK (RIL_CMD_READER_3, tid:488544730448)
09-27 11:57:53.445  1199  1204 D RIL-DSBP: DynamicSBP-detectSBPId-0: SIM is ready, start to query IMSI
09-27 11:57:53.445  1199  1204 D RilUtils: prop vendor.gsm.ril.uicc.mccmnc, readMccMnc N/A, ret 2
09-27 11:57:53.445  1199  1204 D RIL-DSBP: DynamicSBP-detectSBPId-0: rerty to query MCC/MNC
09-27 11:57:53.445  1199  1204 D RIL-DSBP: executeDynamicSBP request timed callback executeDynamicSBP to RIL_CMD_PROXY_1
09-27 11:57:53.445  1199  1204 D RIL-DSBP: executeDynamicSBP-0: Retry it later...
09-27 11:57:53.546  1199  1204 D RIL-DSBP: executeDynamicSBP-0: executionPhase=1
09-27 11:57:53.546  1199  1204 D RIL-DSBP: DynamicSBP-detectSBPId-0: start!!
09-27 11:57:53.546  1199  1204 I RIL     : getRadioState(): radioState=10
09-27 11:57:53.546  1199  1204 I AT      : AT> AT+CPIN? (RIL_CMD_READER_3, tid:488544730448)
09-27 11:57:53.551  1199  1240 I AT      : AT< +CPIN: READY (RIL_CMD_READER_3, tid:488544730448)
09-27 11:57:53.553  1199  1240 I AT      : AT< OK (RIL_CMD_READER_3, tid:488544730448)
09-27 11:57:53.553  1199  1204 D RIL-DSBP: DynamicSBP-detectSBPId-0: SIM is ready, start to query IMSI
09-27 11:57:53.553  1199  1204 D RilUtils: prop vendor.gsm.ril.uicc.mccmnc, readMccMnc N/A, ret 2
09-27 11:57:53.553  1199  1204 D RIL-DSBP: DynamicSBP-detectSBPId-0: rerty to query MCC/MNC
09-27 11:57:53.553  1199  1204 D RIL-DSBP: executeDynamicSBP request timed callback executeDynamicSBP to RIL_CMD_PROXY_1
09-27 11:57:53.553  1199  1204 D RIL-DSBP: executeDynamicSBP-0: Retry it later...
09-27 11:57:53.553  1199  1204 I RIL     : getRadioState(): radioState=10
09-27 11:57:53.553  1199  1204 I AT      : AT> AT+CPIN? (RIL_CMD_READER_3, tid:488544730448)
09-27 11:57:53.556  1199  1240 I AT      : AT< +CPIN: READY (RIL_CMD_READER_3, tid:488544730448)
09-27 11:57:53.557  1199  1240 I AT      : AT< OK (RIL_CMD_READER_3, tid:488544730448)
09-27 11:57:53.557  1199  1204 D RilUtils: prop vendor.gsm.ril.uicc.mccmnc, readMccMnc N/A, ret 2
09-27 11:57:53.654  1199  1204 D RIL-DSBP: executeDynamicSBP-0: executionPhase=1
09-27 11:57:53.654  1199  1204 D RIL-DSBP: DynamicSBP-detectSBPId-0: start!!
09-27 11:57:53.654  1199  1204 I RIL     : getRadioState(): radioState=10
09-27 11:57:53.654  1199  1204 I AT      : AT> AT+CPIN? (RIL_CMD_READER_3, tid:488544730448)
09-27 11:57:53.657  1199  1240 I AT      : AT< +CPIN: READY (RIL_CMD_READER_3, tid:488544730448)
09-27 11:57:53.658  1199  1240 I AT      : AT< OK (RIL_CMD_READER_3, tid:488544730448)
09-27 11:57:53.658  1199  1204 D RIL-DSBP: DynamicSBP-detectSBPId-0: SIM is ready, start to query IMSI
09-27 11:57:53.658  1199  1204 D RilUtils: prop vendor.gsm.ril.uicc.mccmnc, readMccMnc N/A, ret 2
09-27 11:57:53.658  1199  1204 D RIL-DSBP: DynamicSBP-detectSBPId-0: rerty to query MCC/MNC
09-27 11:57:53.658  1199  1204 D RIL-DSBP: executeDynamicSBP request timed callback executeDynamicSBP to RIL_CMD_PROXY_1
09-27 11:57:53.658  1199  1204 D RIL-DSBP: executeDynamicSBP-0: Retry it later...
09-27 11:57:53.760  1199  1204 D RIL-DSBP: executeDynamicSBP-0: executionPhase=1
09-27 11:57:53.760  1199  1204 D RIL-DSBP: DynamicSBP-detectSBPId-0: start!!
09-27 11:57:53.760  1199  1204 I RIL     : getRadioState(): radioState=10
09-27 11:57:53.760  1199  1204 I AT      : AT> AT+CPIN? (RIL_CMD_READER_3, tid:488544730448)
09-27 11:57:53.763  1199  1240 I AT      : AT< +CPIN: READY (RIL_CMD_READER_3, tid:488544730448)
09-27 11:57:53.763  1199  1240 I AT      : AT< OK (RIL_CMD_READER_3, tid:488544730448)
09-27 11:57:53.764  1199  1204 D RIL-DSBP: DynamicSBP-detectSBPId-0: SIM is ready, start to query IMSI
09-27 11:57:53.764  1199  1204 D RilUtils: prop vendor.gsm.ril.uicc.mccmnc, readMccMnc N/A, ret 2
09-27 11:57:53.764  1199  1204 D RIL-DSBP: DynamicSBP-detectSBPId-0: rerty to query MCC/MNC
09-27 11:57:53.764  1199  1204 D RIL-DSBP: executeDynamicSBP request timed callback executeDynamicSBP to RIL_CMD_PROXY_1
09-27 11:57:53.764  1199  1204 D RIL-DSBP: executeDynamicSBP-0: Retry it later...
09-27 11:57:53.864  1199  1204 D RIL-DSBP: executeDynamicSBP-0: executionPhase=1
09-27 11:57:53.864  1199  1204 D RIL-DSBP: DynamicSBP-detectSBPId-0: start!!
09-27 11:57:53.864  1199  1204 I RIL     : getRadioState(): radioState=10
09-27 11:57:53.864  1199  1204 I AT      : AT> AT+CPIN? (RIL_CMD_READER_3, tid:488544730448)
09-27 11:57:53.868  1199  1240 I AT      : AT< +CPIN: READY (RIL_CMD_READER_3, tid:488544730448)
09-27 11:57:53.868  1199  1240 I AT      : AT< OK (RIL_CMD_READER_3, tid:488544730448)
09-27 11:57:53.868  1199  1204 D RIL-DSBP: DynamicSBP-detectSBPId-0: SIM is ready, start to query IMSI
09-27 11:57:53.868  1199  1204 D RilUtils: prop vendor.gsm.ril.uicc.mccmnc, readMccMnc N/A, ret 2
09-27 11:57:53.868  1199  1204 D RIL-DSBP: DynamicSBP-detectSBPId-0: rerty to query MCC/MNC
09-27 11:57:53.868  1199  1204 D RIL-DSBP: executeDynamicSBP request timed callback executeDynamicSBP to RIL_CMD_PROXY_1
09-27 11:57:53.868  1199  1204 D RIL-DSBP: executeDynamicSBP-0: Retry it later...
09-27 11:57:53.969  1199  1204 D RIL-DSBP: executeDynamicSBP-0: executionPhase=1
09-27 11:57:53.969  1199  1204 D RIL-DSBP: DynamicSBP-detectSBPId-0: start!!
09-27 11:57:53.969  1199  1204 I RIL     : getRadioState(): radioState=10
09-27 11:57:53.969  1199  1204 I AT      : AT> AT+CPIN? (RIL_CMD_READER_3, tid:488544730448)
09-27 11:57:53.972  1199  1240 I AT      : AT< +CPIN: READY (RIL_CMD_READER_3, tid:488544730448)
09-27 11:57:53.972  1199  1240 I AT      : AT< OK (RIL_CMD_READER_3, tid:488544730448)
09-27 11:57:53.973  1199  1204 D RIL-DSBP: DynamicSBP-detectSBPId-0: SIM is ready, start to query IMSI
09-27 11:57:53.973  1199  1204 D RilUtils: prop vendor.gsm.ril.uicc.mccmnc, readMccMnc N/A, ret 2
09-27 11:57:53.973  1199  1204 D RIL-DSBP: DynamicSBP-detectSBPId-0: rerty to query MCC/MNC
09-27 11:57:53.973  1199  1204 D RIL-DSBP: executeDynamicSBP request timed callback executeDynamicSBP to RIL_CMD_PROXY_1
09-27 11:57:53.973  1199  1204 D RIL-DSBP: executeDynamicSBP-0: Retry it later...
09-27 11:57:54.058  1199  1204 I RIL     : getRadioState(): radioState=10
09-27 11:57:54.058  1199  1204 I AT      : AT> AT+CPIN? (RIL_CMD_READER_3, tid:488544730448)
09-27 11:57:54.062  1199  1240 I AT      : AT< +CPIN: READY (RIL_CMD_READER_3, tid:488544730448)
09-27 11:57:54.063  1199  1240 I AT      : AT< OK (RIL_CMD_READER_3, tid:488544730448)
09-27 11:57:54.063  1199  1204 D RilUtils: prop vendor.gsm.ril.uicc.mccmnc, readMccMnc N/A, ret 2
09-27 11:57:54.073  1199  1204 D RIL-DSBP: executeDynamicSBP-0: executionPhase=1
09-27 11:57:54.073  1199  1204 D RIL-DSBP: DynamicSBP-detectSBPId-0: start!!
09-27 11:57:54.073  1199  1204 I RIL     : getRadioState(): radioState=10
09-27 11:57:54.073  1199  1204 I AT      : AT> AT+CPIN? (RIL_CMD_READER_3, tid:488544730448)
09-27 11:57:54.080  1199  1240 I AT      : AT< +CPIN: READY (RIL_CMD_READER_3, tid:488544730448)
09-27 11:57:54.080  1199  1240 I AT      : AT< OK (RIL_CMD_READER_3, tid:488544730448)
09-27 11:57:54.080  1199  1204 D RIL-DSBP: DynamicSBP-detectSBPId-0: SIM is ready, start to query IMSI
09-27 11:57:54.080  1199  1204 D RilUtils: prop vendor.gsm.ril.uicc.mccmnc, readMccMnc N/A, ret 2
09-27 11:57:54.080  1199  1204 D RIL-DSBP: DynamicSBP-detectSBPId-0: rerty to query MCC/MNC
09-27 11:57:54.080  1199  1204 D RIL-DSBP: executeDynamicSBP request timed callback executeDynamicSBP to RIL_CMD_PROXY_1
09-27 11:57:54.080  1199  1204 D RIL-DSBP: executeDynamicSBP-0: Retry it later...
09-27 11:57:54.181  1199  1204 D RIL-DSBP: executeDynamicSBP-0: executionPhase=1
09-27 11:57:54.181  1199  1204 D RIL-DSBP: DynamicSBP-detectSBPId-0: start!!
09-27 11:57:54.181  1199  1204 I RIL     : getRadioState(): radioState=10
09-27 11:57:54.181  1199  1204 I AT      : AT> AT+CPIN? (RIL_CMD_READER_3, tid:488544730448)
09-27 11:57:54.184  1199  1240 I AT      : AT< +CPIN: READY (RIL_CMD_READER_3, tid:488544730448)
09-27 11:57:54.184  1199  1240 I AT      : AT< OK (RIL_CMD_READER_3, tid:488544730448)
09-27 11:57:54.185  1199  1204 D RIL-DSBP: DynamicSBP-detectSBPId-0: SIM is ready, start to query IMSI
09-27 11:57:54.185  1199  1204 D RilUtils: prop vendor.gsm.ril.uicc.mccmnc, readMccMnc N/A, ret 2
09-27 11:57:54.185  1199  1204 D RIL-DSBP: DynamicSBP-detectSBPId-0: rerty to query MCC/MNC
09-27 11:57:54.185  1199  1204 D RIL-DSBP: executeDynamicSBP request timed callback executeDynamicSBP to RIL_CMD_PROXY_1
09-27 11:57:54.185  1199  1204 D RIL-DSBP: executeDynamicSBP-0: Retry it later...
09-27 11:57:54.285  1199  1204 D RIL-DSBP: executeDynamicSBP-0: executionPhase=1
09-27 11:57:54.285  1199  1204 D RIL-DSBP: DynamicSBP-detectSBPId-0: start!!
09-27 11:57:54.285  1199  1204 I RIL     : getRadioState(): radioState=10
09-27 11:57:54.285  1199  1204 I AT      : AT> AT+CPIN? (RIL_CMD_READER_3, tid:488544730448)
09-27 11:57:54.289  1199  1240 I AT      : AT< +CPIN: READY (RIL_CMD_READER_3, tid:488544730448)
09-27 11:57:54.290  1199  1240 I AT      : AT< OK (RIL_CMD_READER_3, tid:488544730448)
09-27 11:57:54.290  1199  1204 D RIL-DSBP: DynamicSBP-detectSBPId-0: SIM is ready, start to query IMSI
09-27 11:57:54.290  1199  1204 D RilUtils: prop vendor.gsm.ril.uicc.mccmnc, readMccMnc N/A, ret 2
09-27 11:57:54.290  1199  1204 D RIL-DSBP: DynamicSBP-detectSBPId-0: rerty to query MCC/MNC
09-27 11:57:54.290  1199  1204 D RIL-DSBP: executeDynamicSBP request timed callback executeDynamicSBP to RIL_CMD_PROXY_1
09-27 11:57:54.290  1199  1204 D RIL-DSBP: executeDynamicSBP-0: Retry it later...
09-27 11:57:54.391  1199  1204 D RIL-DSBP: executeDynamicSBP-0: executionPhase=1
09-27 11:57:54.391  1199  1204 D RIL-DSBP: DynamicSBP-detectSBPId-0: start!!
09-27 11:57:54.391  1199  1204 I RIL     : getRadioState(): radioState=10
09-27 11:57:54.391  1199  1204 I AT      : AT> AT+CPIN? (RIL_CMD_READER_3, tid:488544730448)
09-27 11:57:54.394  1199  1240 I AT      : AT< +CPIN: READY (RIL_CMD_READER_3, tid:488544730448)
09-27 11:57:54.394  1199  1240 I AT      : AT< OK (RIL_CMD_READER_3, tid:488544730448)
09-27 11:57:54.394  1199  1204 D RIL-DSBP: DynamicSBP-detectSBPId-0: SIM is ready, start to query IMSI
09-27 11:57:54.394  1199  1204 D RilUtils: prop vendor.gsm.ril.uicc.mccmnc, readMccMnc N/A, ret 2
09-27 11:57:54.394  1199  1204 D RIL-DSBP: DynamicSBP-detectSBPId-0: rerty to query MCC/MNC
09-27 11:57:54.395  1199  1204 D RIL-DSBP: executeDynamicSBP request timed callback executeDynamicSBP to RIL_CMD_PROXY_1
09-27 11:57:54.395  1199  1204 D RIL-DSBP: executeDynamicSBP-0: Retry it later...
09-27 11:57:54.495  1199  1204 D RIL-DSBP: executeDynamicSBP-0: executionPhase=1
09-27 11:57:54.495  1199  1204 D RIL-DSBP: DynamicSBP-detectSBPId-0: start!!
09-27 11:57:54.495  1199  1204 I RIL     : getRadioState(): radioState=10
09-27 11:57:54.495  1199  1204 I AT      : AT> AT+CPIN? (RIL_CMD_READER_3, tid:488544730448)
09-27 11:57:54.498  1199  1240 I AT      : AT< +CPIN: READY (RIL_CMD_READER_3, tid:488544730448)
09-27 11:57:54.499  1199  1240 I AT      : AT< OK (RIL_CMD_READER_3, tid:488544730448)
09-27 11:57:54.499  1199  1204 D RIL-DSBP: DynamicSBP-detectSBPId-0: SIM is ready, start to query IMSI
09-27 11:57:54.499  1199  1204 D RilUtils: prop vendor.gsm.ril.uicc.mccmnc, readMccMnc N/A, ret 2
09-27 11:57:54.499  1199  1204 D RIL-DSBP: DynamicSBP-detectSBPId-0: rerty to query MCC/MNC
09-27 11:57:54.499  1199  1204 D RIL-DSBP: executeDynamicSBP request timed callback executeDynamicSBP to RIL_CMD_PROXY_1
09-27 11:57:54.500  1199  1204 D RIL-DSBP: executeDynamicSBP-0: Retry it later...
09-27 11:57:54.564  1199  1204 I RIL     : getRadioState(): radioState=10
09-27 11:57:54.564  1199  1204 I AT      : AT> AT+CPIN? (RIL_CMD_READER_3, tid:488544730448)
09-27 11:57:54.566  1199  1240 I AT      : AT< +CPIN: READY (RIL_CMD_READER_3, tid:488544730448)
09-27 11:57:54.569  1199  1240 I AT      : AT< OK (RIL_CMD_READER_3, tid:488544730448)
09-27 11:57:54.570  1199  1204 D RilUtils: prop vendor.gsm.ril.uicc.mccmnc, readMccMnc N/A, ret 2
09-27 11:57:54.600  1199  1204 D RIL-DSBP: executeDynamicSBP-0: executionPhase=1
09-27 11:57:54.600  1199  1204 D RIL-DSBP: DynamicSBP-detectSBPId-0: start!!
09-27 11:57:54.600  1199  1204 I RIL     : getRadioState(): radioState=10
09-27 11:57:54.600  1199  1204 I AT      : AT> AT+CPIN? (RIL_CMD_READER_3, tid:488544730448)
09-27 11:57:54.603  1199  1240 I AT      : AT< +CPIN: READY (RIL_CMD_READER_3, tid:488544730448)
09-27 11:57:54.604  1199  1240 I AT      : AT< OK (RIL_CMD_READER_3, tid:488544730448)
09-27 11:57:54.604  1199  1204 D RIL-DSBP: DynamicSBP-detectSBPId-0: SIM is ready, start to query IMSI
09-27 11:57:54.604  1199  1204 D RilUtils: prop vendor.gsm.ril.uicc.mccmnc, readMccMnc N/A, ret 2
09-27 11:57:54.604  1199  1204 D RIL-DSBP: DynamicSBP-detectSBPId-0: rerty to query MCC/MNC
09-27 11:57:54.604  1199  1204 D RIL-DSBP: executeDynamicSBP request timed callback executeDynamicSBP to RIL_CMD_PROXY_1
09-27 11:57:54.604  1199  1204 D RIL-DSBP: executeDynamicSBP-0: Retry it later...
09-27 11:57:54.705  1199  1204 D RIL-DSBP: executeDynamicSBP-0: executionPhase=1
09-27 11:57:54.705  1199  1204 D RIL-DSBP: DynamicSBP-detectSBPId-0: start!!
09-27 11:57:54.705  1199  1204 I RIL     : getRadioState(): radioState=10
09-27 11:57:54.705  1199  1204 I AT      : AT> AT+CPIN? (RIL_CMD_READER_3, tid:488544730448)
09-27 11:57:54.709  1199  1240 I AT      : AT< +CPIN: READY (RIL_CMD_READER_3, tid:488544730448)
09-27 11:57:54.709  1199  1240 I AT      : AT< OK (RIL_CMD_READER_3, tid:488544730448)
09-27 11:57:54.709  1199  1204 D RIL-DSBP: DynamicSBP-detectSBPId-0: SIM is ready, start to query IMSI
09-27 11:57:54.709  1199  1204 D RilUtils: prop vendor.gsm.ril.uicc.mccmnc, readMccMnc N/A, ret 2
09-27 11:57:54.709  1199  1204 D RIL-DSBP: DynamicSBP-detectSBPId-0: rerty to query MCC/MNC
09-27 11:57:54.709  1199  1204 D RIL-DSBP: executeDynamicSBP request timed callback executeDynamicSBP to RIL_CMD_PROXY_1
09-27 11:57:54.709  1199  1204 D RIL-DSBP: executeDynamicSBP-0: Retry it later...
09-27 11:57:54.809  1199  1204 D RIL-DSBP: executeDynamicSBP-0: executionPhase=1
09-27 11:57:54.810  1199  1204 D RIL-DSBP: DynamicSBP-detectSBPId-0: start!!
09-27 11:57:54.810  1199  1204 I RIL     : getRadioState(): radioState=10
09-27 11:57:54.810  1199  1204 I AT      : AT> AT+CPIN? (RIL_CMD_READER_3, tid:488544730448)
09-27 11:57:54.813  1199  1240 I AT      : AT< +CPIN: READY (RIL_CMD_READER_3, tid:488544730448)
09-27 11:57:54.813  1199  1240 I AT      : AT< OK (RIL_CMD_READER_3, tid:488544730448)
09-27 11:57:54.814  1199  1204 D RIL-DSBP: DynamicSBP-detectSBPId-0: SIM is ready, start to query IMSI
09-27 11:57:54.814  1199  1204 D RilUtils: prop vendor.gsm.ril.uicc.mccmnc, readMccMnc N/A, ret 2
09-27 11:57:54.814  1199  1204 D RIL-DSBP: DynamicSBP-detectSBPId-0: rerty to query MCC/MNC
09-27 11:57:54.814  1199  1204 D RIL-DSBP: executeDynamicSBP request timed callback executeDynamicSBP to RIL_CMD_PROXY_1
09-27 11:57:54.814  1199  1204 D RIL-DSBP: executeDynamicSBP-0: Retry it later...
09-27 11:57:54.914  1199  1204 D RIL-DSBP: executeDynamicSBP-0: executionPhase=1
09-27 11:57:54.914  1199  1204 D RIL-DSBP: DynamicSBP-detectSBPId-0: start!!
09-27 11:57:54.914  1199  1204 I RIL     : getRadioState(): radioState=10
09-27 11:57:54.915  1199  1204 I AT      : AT> AT+CPIN? (RIL_CMD_READER_3, tid:488544730448)
09-27 11:57:54.918  1199  1240 I AT      : AT< +CPIN: READY (RIL_CMD_READER_3, tid:488544730448)
09-27 11:57:54.919  1199  1240 I AT      : AT< OK (RIL_CMD_READER_3, tid:488544730448)
09-27 11:57:54.919  1199  1204 D RIL-DSBP: DynamicSBP-detectSBPId-0: SIM is ready, start to query IMSI
09-27 11:57:54.920  1199  1204 D RilUtils: prop vendor.gsm.ril.uicc.mccmnc, readMccMnc N/A, ret 2
09-27 11:57:54.920  1199  1204 D RIL-DSBP: DynamicSBP-detectSBPId-0: rerty to query MCC/MNC
09-27 11:57:54.920  1199  1204 D RIL-DSBP: executeDynamicSBP request timed callback executeDynamicSBP to RIL_CMD_PROXY_1
09-27 11:57:54.920  1199  1204 D RIL-DSBP: executeDynamicSBP-0: Retry it later...
09-27 11:57:55.020  1199  1204 D RIL-DSBP: executeDynamicSBP-0: executionPhase=1
09-27 11:57:55.020  1199  1204 D RIL-DSBP: DynamicSBP-detectSBPId-0: start!!
09-27 11:57:55.020  1199  1204 I RIL     : getRadioState(): radioState=10
09-27 11:57:55.020  1199  1204 I AT      : AT> AT+CPIN? (RIL_CMD_READER_3, tid:488544730448)
09-27 11:57:55.024  1199  1240 I AT      : AT< +CPIN: READY (RIL_CMD_READER_3, tid:488544730448)
09-27 11:57:55.024  1199  1240 I AT      : AT< OK (RIL_CMD_READER_3, tid:488544730448)
09-27 11:57:55.024  1199  1204 D RIL-DSBP: DynamicSBP-detectSBPId-0: SIM is ready, start to query IMSI
09-27 11:57:55.024  1199  1204 D RilUtils: prop vendor.gsm.ril.uicc.mccmnc, readMccMnc N/A, ret 2
09-27 11:57:55.024  1199  1204 D RIL-DSBP: DynamicSBP-detectSBPId-0: rerty to query MCC/MNC
09-27 11:57:55.024  1199  1204 D RIL-DSBP: executeDynamicSBP request timed callback executeDynamicSBP to RIL_CMD_PROXY_1
09-27 11:57:55.024  1199  1204 D RIL-DSBP: executeDynamicSBP-0: Retry it later...
09-27 11:57:55.071  1199  1204 I RIL     : getRadioState(): radioState=10
09-27 11:57:55.071  1199  1204 I AT      : AT> AT+CPIN? (RIL_CMD_READER_3, tid:488544730448)
09-27 11:57:55.075  1199  1240 I AT      : AT< +CPIN: READY (RIL_CMD_READER_3, tid:488544730448)
09-27 11:57:55.075  1199  1240 I AT      : AT< OK (RIL_CMD_READER_3, tid:488544730448)
09-27 11:57:55.075  1199  1204 D RilUtils: prop vendor.gsm.ril.uicc.mccmnc, readMccMnc N/A, ret 2
09-27 11:57:55.125  1199  1204 D RIL-DSBP: executeDynamicSBP-0: executionPhase=1
09-27 11:57:55.125  1199  1204 D RIL-DSBP: DynamicSBP-detectSBPId-0: start!!
09-27 11:57:55.125  1199  1204 I RIL     : getRadioState(): radioState=10
09-27 11:57:55.125  1199  1204 I AT      : AT> AT+CPIN? (RIL_CMD_READER_3, tid:488544730448)
09-27 11:57:55.128  1199  1240 I AT      : AT< +CPIN: READY (RIL_CMD_READER_3, tid:488544730448)
09-27 11:57:55.128  1199  1240 I AT      : AT< OK (RIL_CMD_READER_3, tid:488544730448)
09-27 11:57:55.128  1199  1204 D RIL-DSBP: DynamicSBP-detectSBPId-0: SIM is ready, start to query IMSI
09-27 11:57:55.128  1199  1204 D RilUtils: prop vendor.gsm.ril.uicc.mccmnc, readMccMnc N/A, ret 2
09-27 11:57:55.128  1199  1204 D RIL-DSBP: DynamicSBP-detectSBPId-0: rerty to query MCC/MNC
09-27 11:57:55.128  1199  1204 D RIL-DSBP: executeDynamicSBP request timed callback executeDynamicSBP to RIL_CMD_PROXY_1
09-27 11:57:55.129  1199  1204 D RIL-DSBP: executeDynamicSBP-0: Retry it later...
09-27 11:57:55.229  1199  1204 D RIL-DSBP: executeDynamicSBP-0: executionPhase=1
09-27 11:57:55.229  1199  1204 D RIL-DSBP: DynamicSBP-detectSBPId-0: start!!
09-27 11:57:55.229  1199  1204 I RIL     : getRadioState(): radioState=10
09-27 11:57:55.229  1199  1204 I AT      : AT> AT+CPIN? (RIL_CMD_READER_3, tid:488544730448)
09-27 11:57:55.235  1199  1240 I AT      : AT< +CPIN: READY (RIL_CMD_READER_3, tid:488544730448)
09-27 11:57:55.235  1199  1240 I AT      : AT< OK (RIL_CMD_READER_3, tid:488544730448)
09-27 11:57:55.235  1199  1204 D RIL-DSBP: DynamicSBP-detectSBPId-0: SIM is ready, start to query IMSI
09-27 11:57:55.235  1199  1204 D RilUtils: prop vendor.gsm.ril.uicc.mccmnc, readMccMnc N/A, ret 2
09-27 11:57:55.235  1199  1204 D RIL-DSBP: DynamicSBP-detectSBPId-0: rerty to query MCC/MNC
09-27 11:57:55.235  1199  1204 D RIL-DSBP: executeDynamicSBP request timed callback executeDynamicSBP to RIL_CMD_PROXY_1
09-27 11:57:55.235  1199  1204 D RIL-DSBP: executeDynamicSBP-0: Retry it later...
09-27 11:57:55.336  1199  1204 D RIL-DSBP: executeDynamicSBP-0: executionPhase=1
09-27 11:57:55.336  1199  1204 D RIL-DSBP: DynamicSBP-detectSBPId-0: start!!
09-27 11:57:55.336  1199  1204 I RIL     : getRadioState(): radioState=10
09-27 11:57:55.336  1199  1204 I AT      : AT> AT+CPIN? (RIL_CMD_READER_3, tid:488544730448)
09-27 11:57:55.339  1199  1240 I AT      : AT< +CPIN: READY (RIL_CMD_READER_3, tid:488544730448)
09-27 11:57:55.340  1199  1240 I AT      : AT< OK (RIL_CMD_READER_3, tid:488544730448)
09-27 11:57:55.340  1199  1204 D RIL-DSBP: DynamicSBP-detectSBPId-0: SIM is ready, start to query IMSI
09-27 11:57:55.340  1199  1204 D RilUtils: prop vendor.gsm.ril.uicc.mccmnc, readMccMnc N/A, ret 2
09-27 11:57:55.340  1199  1204 D RIL-DSBP: DynamicSBP-detectSBPId-0: rerty to query MCC/MNC
09-27 11:57:55.340  1199  1204 D RIL-DSBP: executeDynamicSBP request timed callback executeDynamicSBP to RIL_CMD_PROXY_1
09-27 11:57:55.340  1199  1204 D RIL-DSBP: executeDynamicSBP-0: Retry it later...
09-27 11:57:55.441  1199  1204 D RIL-DSBP: executeDynamicSBP-0: executionPhase=1
09-27 11:57:55.441  1199  1204 D RIL-DSBP: DynamicSBP-detectSBPId-0: start!!
09-27 11:57:55.441  1199  1204 I RIL     : getRadioState(): radioState=10
09-27 11:57:55.441  1199  1204 I AT      : AT> AT+CPIN? (RIL_CMD_READER_3, tid:488544730448)
09-27 11:57:55.445  1199  1240 I AT      : AT< +CPIN: READY (RIL_CMD_READER_3, tid:488544730448)
09-27 11:57:55.445  1199  1240 I AT      : AT< OK (RIL_CMD_READER_3, tid:488544730448)
09-27 11:57:55.445  1199  1204 D RIL-DSBP: DynamicSBP-detectSBPId-0: SIM is ready, start to query IMSI
09-27 11:57:55.446  1199  1204 D RilUtils: prop vendor.gsm.ril.uicc.mccmnc, readMccMnc N/A, ret 2
09-27 11:57:55.446  1199  1204 D RIL-DSBP: DynamicSBP-detectSBPId-0: rerty to query MCC/MNC
09-27 11:57:55.446  1199  1204 D RIL-DSBP: executeDynamicSBP request timed callback executeDynamicSBP to RIL_CMD_PROXY_1
09-27 11:57:55.446  1199  1204 D RIL-DSBP: executeDynamicSBP-0: Retry it later...
09-27 11:57:55.546  1199  1204 D RIL-DSBP: executeDynamicSBP-0: executionPhase=1
09-27 11:57:55.546  1199  1204 D RIL-DSBP: DynamicSBP-detectSBPId-0: start!!
09-27 11:57:55.546  1199  1204 I RIL     : getRadioState(): radioState=10
09-27 11:57:55.546  1199  1204 I AT      : AT> AT+CPIN? (RIL_CMD_READER_3, tid:488544730448)
09-27 11:57:55.550  1199  1240 I AT      : AT< +CPIN: READY (RIL_CMD_READER_3, tid:488544730448)
09-27 11:57:55.550  1199  1240 I AT      : AT< OK (RIL_CMD_READER_3, tid:488544730448)
09-27 11:57:55.552  1199  1204 D RIL-DSBP: DynamicSBP-detectSBPId-0: SIM is ready, start to query IMSI
09-27 11:57:55.552  1199  1204 D RilUtils: prop vendor.gsm.ril.uicc.mccmnc, readMccMnc N/A, ret 2
09-27 11:57:55.553  1199  1204 D RIL-DSBP: DynamicSBP-detectSBPId-0: rerty to query MCC/MNC
09-27 11:57:55.553  1199  1204 D RIL-DSBP: executeDynamicSBP request timed callback executeDynamicSBP to RIL_CMD_PROXY_1
09-27 11:57:55.553  1199  1204 D RIL-DSBP: executeDynamicSBP-0: Retry it later...
09-27 11:57:55.576  1199  1204 I RIL     : getRadioState(): radioState=10
09-27 11:57:55.576  1199  1204 I AT      : AT> AT+CPIN? (RIL_CMD_READER_3, tid:488544730448)
09-27 11:57:55.579  1199  1240 I AT      : AT< +CPIN: READY (RIL_CMD_READER_3, tid:488544730448)
09-27 11:57:55.580  1199  1240 I AT      : AT< OK (RIL_CMD_READER_3, tid:488544730448)
09-27 11:57:55.580  1199  1204 D RilUtils: prop vendor.gsm.ril.uicc.mccmnc, readMccMnc N/A, ret 2
09-27 11:57:55.653  1199  1204 D RIL-DSBP: executeDynamicSBP-0: executionPhase=1
09-27 11:57:55.653  1199  1204 D RIL-DSBP: DynamicSBP-detectSBPId-0: start!!
09-27 11:57:55.653  1199  1204 I RIL     : getRadioState(): radioState=10
09-27 11:57:55.653  1199  1204 I AT      : AT> AT+CPIN? (RIL_CMD_READER_3, tid:488544730448)
09-27 11:57:55.659  1199  1240 I AT      : AT< +CPIN: READY (RIL_CMD_READER_3, tid:488544730448)
09-27 11:57:55.659  1199  1240 I AT      : AT< OK (RIL_CMD_READER_3, tid:488544730448)
09-27 11:57:55.660  1199  1204 D RIL-DSBP: DynamicSBP-detectSBPId-0: SIM is ready, start to query IMSI
09-27 11:57:55.660  1199  1204 D RilUtils: prop vendor.gsm.ril.uicc.mccmnc, readMccMnc N/A, ret 2
09-27 11:57:55.660  1199  1204 D RIL-DSBP: DynamicSBP-detectSBPId-0: rerty to query MCC/MNC
09-27 11:57:55.660  1199  1204 D RIL-DSBP: executeDynamicSBP request timed callback executeDynamicSBP to RIL_CMD_PROXY_1
09-27 11:57:55.660  1199  1204 D RIL-DSBP: executeDynamicSBP-0: Retry it later...
09-27 11:57:55.760  1199  1204 D RIL-DSBP: executeDynamicSBP-0: executionPhase=1
09-27 11:57:55.760  1199  1204 D RIL-DSBP: DynamicSBP-detectSBPId-0: start!!
09-27 11:57:55.760  1199  1204 I RIL     : getRadioState(): radioState=10
09-27 11:57:55.761  1199  1204 I AT      : AT> AT+CPIN? (RIL_CMD_READER_3, tid:488544730448)
09-27 11:57:55.764  1199  1240 I AT      : AT< +CPIN: READY (RIL_CMD_READER_3, tid:488544730448)
09-27 11:57:55.764  1199  1240 I AT      : AT< OK (RIL_CMD_READER_3, tid:488544730448)
09-27 11:57:55.765  1199  1204 D RIL-DSBP: DynamicSBP-detectSBPId-0: SIM is ready, start to query IMSI
09-27 11:57:55.765  1199  1204 D RilUtils: prop vendor.gsm.ril.uicc.mccmnc, readMccMnc N/A, ret 2
09-27 11:57:55.765  1199  1204 D RIL-DSBP: DynamicSBP-detectSBPId-0: rerty to query MCC/MNC
09-27 11:57:55.765  1199  1204 D RIL-DSBP: executeDynamicSBP request timed callback executeDynamicSBP to RIL_CMD_PROXY_1
09-27 11:57:55.765  1199  1204 D RIL-DSBP: executeDynamicSBP-0: Retry it later...
09-27 11:57:55.865  1199  1204 D RIL-DSBP: executeDynamicSBP-0: executionPhase=1
09-27 11:57:55.865  1199  1204 D RIL-DSBP: DynamicSBP-detectSBPId-0: start!!
09-27 11:57:55.865  1199  1204 I RIL     : getRadioState(): radioState=10
09-27 11:57:55.865  1199  1204 I AT      : AT> AT+CPIN? (RIL_CMD_READER_3, tid:488544730448)
09-27 11:57:55.869  1199  1240 I AT      : AT< +CPIN: READY (RIL_CMD_READER_3, tid:488544730448)
09-27 11:57:55.869  1199  1240 I AT      : AT< OK (RIL_CMD_READER_3, tid:488544730448)
09-27 11:57:55.870  1199  1204 D RIL-DSBP: DynamicSBP-detectSBPId-0: SIM is ready, start to query IMSI
09-27 11:57:55.870  1199  1204 D RilUtils: prop vendor.gsm.ril.uicc.mccmnc, readMccMnc N/A, ret 2
09-27 11:57:55.870  1199  1204 D RIL-DSBP: DynamicSBP-detectSBPId-0: rerty to query MCC/MNC
09-27 11:57:55.870  1199  1204 D RIL-DSBP: executeDynamicSBP request timed callback executeDynamicSBP to RIL_CMD_PROXY_1
09-27 11:57:55.870  1199  1204 D RIL-DSBP: executeDynamicSBP-0: Retry it later...
09-27 11:57:55.970  1199  1204 D RIL-DSBP: executeDynamicSBP-0: executionPhase=1
09-27 11:57:55.971  1199  1204 D RIL-DSBP: DynamicSBP-detectSBPId-0: start!!
09-27 11:57:55.971  1199  1204 I RIL     : getRadioState(): radioState=10
09-27 11:57:55.971  1199  1204 I AT      : AT> AT+CPIN? (RIL_CMD_READER_3, tid:488544730448)
09-27 11:57:55.974  1199  1240 I AT      : AT< +CPIN: READY (RIL_CMD_READER_3, tid:488544730448)
09-27 11:57:55.974  1199  1240 I AT      : AT< OK (RIL_CMD_READER_3, tid:488544730448)
09-27 11:57:55.974  1199  1204 D RIL-DSBP: DynamicSBP-detectSBPId-0: SIM is ready, start to query IMSI
09-27 11:57:55.974  1199  1204 D RilUtils: prop vendor.gsm.ril.uicc.mccmnc, readMccMnc N/A, ret 2
09-27 11:57:55.974  1199  1204 D RIL-DSBP: DynamicSBP-detectSBPId-0: rerty to query MCC/MNC
09-27 11:57:55.974  1199  1204 D RIL-DSBP: executeDynamicSBP request timed callback executeDynamicSBP to RIL_CMD_PROXY_1
09-27 11:57:55.974  1199  1204 D RIL-DSBP: executeDynamicSBP-0: Retry it later...
09-27 11:57:56.075  1199  1204 D RIL-DSBP: executeDynamicSBP-0: executionPhase=1
09-27 11:57:56.075  1199  1204 D RIL-DSBP: DynamicSBP-detectSBPId-0: start!!
09-27 11:57:56.075  1199  1204 I RIL     : getRadioState(): radioState=10
09-27 11:57:56.075  1199  1204 I AT      : AT> AT+CPIN? (RIL_CMD_READER_3, tid:488544730448)
09-27 11:57:56.078  1199  1240 I AT      : AT< +CPIN: READY (RIL_CMD_READER_3, tid:488544730448)
09-27 11:57:56.079  1199  1240 I AT      : AT< OK (RIL_CMD_READER_3, tid:488544730448)
09-27 11:57:56.079  1199  1204 D RIL-DSBP: DynamicSBP-detectSBPId-0: SIM is ready, start to query IMSI
09-27 11:57:56.080  1199  1204 D RilUtils: prop vendor.gsm.ril.uicc.mccmnc, readMccMnc N/A, ret 2
09-27 11:57:56.080  1199  1204 D RIL-DSBP: DynamicSBP-detectSBPId-0: rerty to query MCC/MNC
09-27 11:57:56.080  1199  1204 D RIL-DSBP: executeDynamicSBP request timed callback executeDynamicSBP to RIL_CMD_PROXY_1
09-27 11:57:56.080  1199  1204 D RIL-DSBP: executeDynamicSBP-0: Retry it later...
09-27 11:57:56.081  1199  1204 I RIL     : getRadioState(): radioState=10
09-27 11:57:56.081  1199  1204 I AT      : AT> AT+CPIN? (RIL_CMD_READER_3, tid:488544730448)
09-27 11:57:56.085  1199  1240 I AT      : AT< +CPIN: READY (RIL_CMD_READER_3, tid:488544730448)
09-27 11:57:56.085  1199  1240 I AT      : AT< OK (RIL_CMD_READER_3, tid:488544730448)
09-27 11:57:56.085  1199  1204 D RilUtils: prop vendor.gsm.ril.uicc.mccmnc, readMccMnc N/A, ret 2
09-27 11:57:56.182  1199  1204 D RIL-DSBP: executeDynamicSBP-0: executionPhase=1
09-27 11:57:56.182  1199  1204 D RIL-DSBP: DynamicSBP-detectSBPId-0: start!!
09-27 11:57:56.182  1199  1204 I RIL     : getRadioState(): radioState=10
09-27 11:57:56.182  1199  1204 I AT      : AT> AT+CPIN? (RIL_CMD_READER_3, tid:488544730448)
09-27 11:57:56.185  1199  1240 I AT      : AT< +CPIN: READY (RIL_CMD_READER_3, tid:488544730448)
09-27 11:57:56.186  1199  1240 I AT      : AT< OK (RIL_CMD_READER_3, tid:488544730448)
09-27 11:57:56.186  1199  1204 D RIL-DSBP: DynamicSBP-detectSBPId-0: SIM is ready, start to query IMSI
09-27 11:57:56.186  1199  1204 D RilUtils: prop vendor.gsm.ril.uicc.mccmnc, readMccMnc N/A, ret 2
09-27 11:57:56.186  1199  1204 D RIL-DSBP: DynamicSBP-detectSBPId-0: rerty to query MCC/MNC
09-27 11:57:56.186  1199  1204 D RIL-DSBP: executeDynamicSBP request timed callback executeDynamicSBP to RIL_CMD_PROXY_1
09-27 11:57:56.186  1199  1204 D RIL-DSBP: executeDynamicSBP-0: Retry it later...
09-27 11:57:56.287  1199  1204 D RIL-DSBP: executeDynamicSBP-0: executionPhase=1
09-27 11:57:56.287  1199  1204 D RIL-DSBP: DynamicSBP-detectSBPId-0: start!!
09-27 11:57:56.287  1199  1204 I RIL     : getRadioState(): radioState=10
09-27 11:57:56.287  1199  1204 I AT      : AT> AT+CPIN? (RIL_CMD_READER_3, tid:488544730448)
09-27 11:57:56.290  1199  1240 I AT      : AT< +CPIN: READY (RIL_CMD_READER_3, tid:488544730448)
09-27 11:57:56.290  1199  1240 I AT      : AT< OK (RIL_CMD_READER_3, tid:488544730448)
09-27 11:57:56.291  1199  1204 D RIL-DSBP: DynamicSBP-detectSBPId-0: SIM is ready, start to query IMSI
09-27 11:57:56.291  1199  1204 D RilUtils: prop vendor.gsm.ril.uicc.mccmnc, readMccMnc N/A, ret 2
09-27 11:57:56.291  1199  1204 D RIL-DSBP: DynamicSBP-detectSBPId-0: rerty to query MCC/MNC
09-27 11:57:56.291  1199  1204 D RIL-DSBP: executeDynamicSBP request timed callback executeDynamicSBP to RIL_CMD_PROXY_1
09-27 11:57:56.291  1199  1204 D RIL-DSBP: executeDynamicSBP-0: Retry it later...
09-27 11:57:56.392  1199  1204 D RIL-DSBP: executeDynamicSBP-0: executionPhase=1
09-27 11:57:56.392  1199  1204 D RIL-DSBP: DynamicSBP-detectSBPId-0: start!!
09-27 11:57:56.392  1199  1204 I RIL     : getRadioState(): radioState=10
09-27 11:57:56.392  1199  1204 I AT      : AT> AT+CPIN? (RIL_CMD_READER_3, tid:488544730448)
09-27 11:57:56.395  1199  1240 I AT      : AT< +CPIN: READY (RIL_CMD_READER_3, tid:488544730448)
09-27 11:57:56.396  1199  1240 I AT      : AT< OK (RIL_CMD_READER_3, tid:488544730448)
09-27 11:57:56.396  1199  1204 D RIL-DSBP: DynamicSBP-detectSBPId-0: SIM is ready, start to query IMSI
09-27 11:57:56.396  1199  1204 D RilUtils: prop vendor.gsm.ril.uicc.mccmnc, readMccMnc N/A, ret 2
09-27 11:57:56.396  1199  1204 D RIL-DSBP: DynamicSBP-detectSBPId-0: rerty to query MCC/MNC
09-27 11:57:56.396  1199  1204 D RIL-DSBP: executeDynamicSBP request timed callback executeDynamicSBP to RIL_CMD_PROXY_1
09-27 11:57:56.396  1199  1204 D RIL-DSBP: executeDynamicSBP-0: Retry it later...
09-27 11:57:56.497  1199  1204 D RIL-DSBP: executeDynamicSBP-0: executionPhase=1
09-27 11:57:56.497  1199  1204 D RIL-DSBP: DynamicSBP-detectSBPId-0: start!!
09-27 11:57:56.497  1199  1204 I RIL     : getRadioState(): radioState=10
09-27 11:57:56.497  1199  1204 I AT      : AT> AT+CPIN? (RIL_CMD_READER_3, tid:488544730448)
09-27 11:57:56.500  1199  1240 I AT      : AT< +CPIN: READY (RIL_CMD_READER_3, tid:488544730448)
09-27 11:57:56.500  1199  1240 I AT      : AT< OK (RIL_CMD_READER_3, tid:488544730448)
09-27 11:57:56.500  1199  1204 D RIL-DSBP: DynamicSBP-detectSBPId-0: SIM is ready, start to query IMSI
09-27 11:57:56.500  1199  1204 D RilUtils: prop vendor.gsm.ril.uicc.mccmnc, readMccMnc N/A, ret 2
09-27 11:57:56.500  1199  1204 D RIL-DSBP: DynamicSBP-detectSBPId-0: rerty to query MCC/MNC
09-27 11:57:56.500  1199  1204 D RIL-DSBP: executeDynamicSBP request timed callback executeDynamicSBP to RIL_CMD_PROXY_1
09-27 11:57:56.501  1199  1204 D RIL-DSBP: executeDynamicSBP-0: Retry it later...
09-27 11:57:56.585  1199  1204 I RIL     : getRadioState(): radioState=10
09-27 11:57:56.585  1199  1204 I AT      : AT> AT+CPIN? (RIL_CMD_READER_3, tid:488544730448)
09-27 11:57:56.588  1199  1240 I AT      : AT< +CPIN: READY (RIL_CMD_READER_3, tid:488544730448)
09-27 11:57:56.589  1199  1240 I AT      : AT< OK (RIL_CMD_READER_3, tid:488544730448)
09-27 11:57:56.589  1199  1204 D RilUtils: prop vendor.gsm.ril.uicc.mccmnc, readMccMnc N/A, ret 2
09-27 11:57:56.601  1199  1204 D RIL-DSBP: executeDynamicSBP-0: executionPhase=1
09-27 11:57:56.601  1199  1204 D RIL-DSBP: DynamicSBP-detectSBPId-0: start!!
09-27 11:57:56.601  1199  1204 I RIL     : getRadioState(): radioState=10
09-27 11:57:56.601  1199  1204 I AT      : AT> AT+CPIN? (RIL_CMD_READER_3, tid:488544730448)
09-27 11:57:56.605  1199  1240 I AT      : AT< +CPIN: READY (RIL_CMD_READER_3, tid:488544730448)
09-27 11:57:56.605  1199  1240 I AT      : AT< OK (RIL_CMD_READER_3, tid:488544730448)
09-27 11:57:56.605  1199  1204 D RIL-DSBP: DynamicSBP-detectSBPId-0: SIM is ready, start to query IMSI
09-27 11:57:56.605  1199  1204 D RilUtils: prop vendor.gsm.ril.uicc.mccmnc, readMccMnc N/A, ret 2
09-27 11:57:56.605  1199  1204 D RIL-DSBP: DynamicSBP-detectSBPId-0: rerty to query MCC/MNC
09-27 11:57:56.605  1199  1204 D RIL-DSBP: executeDynamicSBP request timed callback executeDynamicSBP to RIL_CMD_PROXY_1
09-27 11:57:56.605  1199  1204 D RIL-DSBP: executeDynamicSBP-0: Retry it later...
09-27 11:57:56.707  1199  1204 D RIL-DSBP: executeDynamicSBP-0: executionPhase=1
09-27 11:57:56.707  1199  1204 D RIL-DSBP: DynamicSBP-detectSBPId-0: start!!
09-27 11:57:56.707  1199  1204 I RIL     : getRadioState(): radioState=10
09-27 11:57:56.707  1199  1204 I AT      : AT> AT+CPIN? (RIL_CMD_READER_3, tid:488544730448)
09-27 11:57:56.710  1199  1240 I AT      : AT< +CPIN: READY (RIL_CMD_READER_3, tid:488544730448)
09-27 11:57:56.710  1199  1240 I AT      : AT< OK (RIL_CMD_READER_3, tid:488544730448)
09-27 11:57:56.710  1199  1204 D RIL-DSBP: DynamicSBP-detectSBPId-0: SIM is ready, start to query IMSI
09-27 11:57:56.710  1199  1204 D RilUtils: prop vendor.gsm.ril.uicc.mccmnc, readMccMnc N/A, ret 2
09-27 11:57:56.710  1199  1204 D RIL-DSBP: DynamicSBP-detectSBPId-0: rerty to query MCC/MNC
09-27 11:57:56.711  1199  1204 D RIL-DSBP: executeDynamicSBP request timed callback executeDynamicSBP to RIL_CMD_PROXY_1
09-27 11:57:56.711  1199  1204 D RIL-DSBP: executeDynamicSBP-0: Retry it later...
09-27 11:57:56.811  1199  1204 D RIL-DSBP: executeDynamicSBP-0: executionPhase=1
09-27 11:57:56.811  1199  1204 D RIL-DSBP: DynamicSBP-detectSBPId-0: start!!
09-27 11:57:56.811  1199  1204 I RIL     : getRadioState(): radioState=10
09-27 11:57:56.811  1199  1204 I AT      : AT> AT+CPIN? (RIL_CMD_READER_3, tid:488544730448)
09-27 11:57:56.814  1199  1240 I AT      : AT< +CPIN: READY (RIL_CMD_READER_3, tid:488544730448)
09-27 11:57:56.815  1199  1240 I AT      : AT< OK (RIL_CMD_READER_3, tid:488544730448)
09-27 11:57:56.815  1199  1204 D RIL-DSBP: DynamicSBP-detectSBPId-0: SIM is ready, start to query IMSI
09-27 11:57:56.815  1199  1204 D RilUtils: prop vendor.gsm.ril.uicc.mccmnc, readMccMnc N/A, ret 2
09-27 11:57:56.815  1199  1204 D RIL-DSBP: DynamicSBP-detectSBPId-0: rerty to query MCC/MNC
09-27 11:57:56.815  1199  1204 D RIL-DSBP: executeDynamicSBP request timed callback executeDynamicSBP to RIL_CMD_PROXY_1
09-27 11:57:56.815  1199  1204 D RIL-DSBP: executeDynamicSBP-0: Retry it later...
09-27 11:57:56.916  1199  1204 D RIL-DSBP: executeDynamicSBP-0: executionPhase=1
09-27 11:57:56.916  1199  1204 D RIL-DSBP: DynamicSBP-detectSBPId-0: start!!
09-27 11:57:56.916  1199  1204 I RIL     : getRadioState(): radioState=10
09-27 11:57:56.916  1199  1204 I AT      : AT> AT+CPIN? (RIL_CMD_READER_3, tid:488544730448)
09-27 11:57:56.919  1199  1240 I AT      : AT< +CPIN: READY (RIL_CMD_READER_3, tid:488544730448)
09-27 11:57:56.920  1199  1240 I AT      : AT< OK (RIL_CMD_READER_3, tid:488544730448)
09-27 11:57:56.920  1199  1204 D RIL-DSBP: DynamicSBP-detectSBPId-0: SIM is ready, start to query IMSI
09-27 11:57:56.920  1199  1204 D RilUtils: prop vendor.gsm.ril.uicc.mccmnc, readMccMnc N/A, ret 2
09-27 11:57:56.920  1199  1204 D RIL-DSBP: DynamicSBP-detectSBPId-0: rerty to query MCC/MNC
09-27 11:57:56.920  1199  1204 D RIL-DSBP: executeDynamicSBP request timed callback executeDynamicSBP to RIL_CMD_PROXY_1
09-27 11:57:56.921  1199  1204 D RIL-DSBP: executeDynamicSBP-0: Retry it later...
09-27 11:57:57.021  1199  1204 D RIL-DSBP: executeDynamicSBP-0: executionPhase=1
09-27 11:57:57.021  1199  1204 D RIL-DSBP: DynamicSBP-detectSBPId-0: start!!
09-27 11:57:57.021  1199  1204 I RIL     : getRadioState(): radioState=10
09-27 11:57:57.021  1199  1204 I AT      : AT> AT+CPIN? (RIL_CMD_READER_3, tid:488544730448)
09-27 11:57:57.024  1199  1240 I AT      : AT< +CPIN: READY (RIL_CMD_READER_3, tid:488544730448)
09-27 11:57:57.025  1199  1240 I AT      : AT< OK (RIL_CMD_READER_3, tid:488544730448)
09-27 11:57:57.025  1199  1204 D RIL-DSBP: DynamicSBP-detectSBPId-0: SIM is ready, start to query IMSI
09-27 11:57:57.025  1199  1204 D RilUtils: prop vendor.gsm.ril.uicc.mccmnc, readMccMnc N/A, ret 2
09-27 11:57:57.025  1199  1204 D RIL-DSBP: DynamicSBP-detectSBPId-0: rerty to query MCC/MNC
09-27 11:57:57.025  1199  1204 D RIL-DSBP: executeDynamicSBP request timed callback executeDynamicSBP to RIL_CMD_PROXY_1
09-27 11:57:57.025  1199  1204 D RIL-DSBP: executeDynamicSBP-0: Retry it later...
09-27 11:57:57.089  1199  1204 I RIL     : getRadioState(): radioState=10
09-27 11:57:57.089  1199  1204 I AT      : AT> AT+CPIN? (RIL_CMD_READER_3, tid:488544730448)
09-27 11:57:57.092  1199  1240 I AT      : AT< +CPIN: READY (RIL_CMD_READER_3, tid:488544730448)
09-27 11:57:57.093  1199  1240 I AT      : AT< OK (RIL_CMD_READER_3, tid:488544730448)
09-27 11:57:57.093  1199  1204 D RilUtils: prop vendor.gsm.ril.uicc.mccmnc, readMccMnc N/A, ret 2
09-27 11:57:57.125  1199  1204 D RIL-DSBP: executeDynamicSBP-0: executionPhase=1
09-27 11:57:57.125  1199  1204 D RIL-DSBP: DynamicSBP-detectSBPId-0: start!!
09-27 11:57:57.125  1199  1204 I RIL     : getRadioState(): radioState=10
09-27 11:57:57.126  1199  1204 I AT      : AT> AT+CPIN? (RIL_CMD_READER_3, tid:488544730448)
09-27 11:57:57.129  1199  1240 I AT      : AT< +CPIN: READY (RIL_CMD_READER_3, tid:488544730448)
09-27 11:57:57.129  1199  1240 I AT      : AT< OK (RIL_CMD_READER_3, tid:488544730448)
09-27 11:57:57.129  1199  1204 D RIL-DSBP: DynamicSBP-detectSBPId-0: SIM is ready, start to query IMSI
09-27 11:57:57.129  1199  1204 D RilUtils: prop vendor.gsm.ril.uicc.mccmnc, readMccMnc N/A, ret 2
09-27 11:57:57.129  1199  1204 D RIL-DSBP: DynamicSBP-detectSBPId-0: rerty to query MCC/MNC
09-27 11:57:57.129  1199  1204 D RIL-DSBP: executeDynamicSBP request timed callback executeDynamicSBP to RIL_CMD_PROXY_1
09-27 11:57:57.130  1199  1204 D RIL-DSBP: executeDynamicSBP-0: Retry it later...
09-27 11:57:57.164  1199  1237 I AT      : AT< +ECSQ: 99,99,1,1,1,1,1,0,32767,-1 (RIL_URC_READER, tid:0)
09-27 11:57:57.165  1199  1237 E RIL-NW  : Recevice an invalid value from modem for <rxlevel>
09-27 11:57:57.231  1199  1204 D RIL-DSBP: executeDynamicSBP-0: executionPhase=1
09-27 11:57:57.231  1199  1204 D RIL-DSBP: DynamicSBP-detectSBPId-0: start!!
09-27 11:57:57.231  1199  1204 I RIL     : getRadioState(): radioState=10
09-27 11:57:57.231  1199  1204 I AT      : AT> AT+CPIN? (RIL_CMD_READER_3, tid:488544730448)
09-27 11:57:57.234  1199  1240 I AT      : AT< +CPIN: READY (RIL_CMD_READER_3, tid:488544730448)
09-27 11:57:57.234  1199  1240 I AT      : AT< OK (RIL_CMD_READER_3, tid:488544730448)
09-27 11:57:57.234  1199  1204 D RIL-DSBP: DynamicSBP-detectSBPId-0: SIM is ready, start to query IMSI
09-27 11:57:57.234  1199  1204 D RilUtils: prop vendor.gsm.ril.uicc.mccmnc, readMccMnc N/A, ret 2
09-27 11:57:57.234  1199  1204 D RIL-DSBP: DynamicSBP-detectSBPId-0: rerty to query MCC/MNC
09-27 11:57:57.234  1199  1204 D RIL-DSBP: executeDynamicSBP request timed callback executeDynamicSBP to RIL_CMD_PROXY_1
09-27 11:57:57.235  1199  1204 D RIL-DSBP: executeDynamicSBP-0: Retry it later...
09-27 11:57:57.335  1199  1204 D RIL-DSBP: executeDynamicSBP-0: executionPhase=1
09-27 11:57:57.335  1199  1204 D RIL-DSBP: DynamicSBP-detectSBPId-0: start!!
09-27 11:57:57.335  1199  1204 I RIL     : getRadioState(): radioState=10
09-27 11:57:57.335  1199  1204 I AT      : AT> AT+CPIN? (RIL_CMD_READER_3, tid:488544730448)
09-27 11:57:57.338  1199  1240 I AT      : AT< +CPIN: READY (RIL_CMD_READER_3, tid:488544730448)
09-27 11:57:57.340  1199  1240 I AT      : AT< OK (RIL_CMD_READER_3, tid:488544730448)
09-27 11:57:57.342  1199  1204 D RIL-DSBP: DynamicSBP-detectSBPId-0: SIM is ready, start to query IMSI
09-27 11:57:57.342  1199  1204 D RilUtils: prop vendor.gsm.ril.uicc.mccmnc, readMccMnc N/A, ret 2
09-27 11:57:57.342  1199  1204 D RIL-DSBP: DynamicSBP-detectSBPId-0: rerty to query MCC/MNC
09-27 11:57:57.342  1199  1204 D RIL-DSBP: executeDynamicSBP request timed callback executeDynamicSBP to RIL_CMD_PROXY_1
09-27 11:57:57.342  1199  1204 D RIL-DSBP: executeDynamicSBP-0: Retry it later...
09-27 11:57:57.442  1199  1204 D RIL-DSBP: executeDynamicSBP-0: executionPhase=1
09-27 11:57:57.443  1199  1204 D RIL-DSBP: DynamicSBP-detectSBPId-0: start!!
09-27 11:57:57.443  1199  1204 I RIL     : getRadioState(): radioState=10
09-27 11:57:57.443  1199  1204 I AT      : AT> AT+CPIN? (RIL_CMD_READER_3, tid:488544730448)
09-27 11:57:57.445  1199  1240 I AT      : AT< +CPIN: READY (RIL_CMD_READER_3, tid:488544730448)
09-27 11:57:57.446  1199  1240 I AT      : AT< OK (RIL_CMD_READER_3, tid:488544730448)
09-27 11:57:57.446  1199  1204 D RIL-DSBP: DynamicSBP-detectSBPId-0: SIM is ready, start to query IMSI
09-27 11:57:57.446  1199  1204 D RilUtils: prop vendor.gsm.ril.uicc.mccmnc, readMccMnc N/A, ret 2
09-27 11:57:57.446  1199  1204 D RIL-DSBP: DynamicSBP-detectSBPId-0: rerty to query MCC/MNC
09-27 11:57:57.446  1199  1204 D RIL-DSBP: executeDynamicSBP request timed callback executeDynamicSBP to RIL_CMD_PROXY_1
09-27 11:57:57.446  1199  1204 D RIL-DSBP: executeDynamicSBP-0: Retry it later...
09-27 11:57:57.546  1199  1204 D RIL-DSBP: executeDynamicSBP-0: executionPhase=1
09-27 11:57:57.547  1199  1204 D RIL-DSBP: DynamicSBP-detectSBPId-0: start!!
09-27 11:57:57.547  1199  1204 I RIL     : getRadioState(): radioState=10
09-27 11:57:57.547  1199  1204 I AT      : AT> AT+CPIN? (RIL_CMD_READER_3, tid:488544730448)
09-27 11:57:57.549  1199  1240 I AT      : AT< +CPIN: READY (RIL_CMD_READER_3, tid:488544730448)
09-27 11:57:57.550  1199  1240 I AT      : AT< OK (RIL_CMD_READER_3, tid:488544730448)
09-27 11:57:57.550  1199  1204 D RIL-DSBP: DynamicSBP-detectSBPId-0: SIM is ready, start to query IMSI
09-27 11:57:57.550  1199  1204 D RilUtils: prop vendor.gsm.ril.uicc.mccmnc, readMccMnc N/A, ret 2
09-27 11:57:57.550  1199  1204 D RIL-DSBP: DynamicSBP-detectSBPId-0: rerty to query MCC/MNC
09-27 11:57:57.550  1199  1204 D RIL-DSBP: executeDynamicSBP request timed callback executeDynamicSBP to RIL_CMD_PROXY_1
09-27 11:57:57.550  1199  1204 D RIL-DSBP: executeDynamicSBP-0: Retry it later...
09-27 11:57:57.593  1199  1204 I RIL     : getRadioState(): radioState=10
09-27 11:57:57.594  1199  1204 I AT      : AT> AT+CPIN? (RIL_CMD_READER_3, tid:488544730448)
09-27 11:57:57.596  1199  1240 I AT      : AT< +CPIN: READY (RIL_CMD_READER_3, tid:488544730448)
09-27 11:57:57.597  1199  1240 I AT      : AT< OK (RIL_CMD_READER_3, tid:488544730448)
09-27 11:57:57.597  1199  1204 D RilUtils: prop vendor.gsm.ril.uicc.mccmnc, readMccMnc N/A, ret 2
09-27 11:57:57.650  1199  1204 D RIL-DSBP: executeDynamicSBP-0: executionPhase=1
09-27 11:57:57.650  1199  1204 D RIL-DSBP: DynamicSBP-detectSBPId-0: start!!
09-27 11:57:57.650  1199  1204 I RIL     : getRadioState(): radioState=10
09-27 11:57:57.650  1199  1204 I AT      : AT> AT+CPIN? (RIL_CMD_READER_3, tid:488544730448)
09-27 11:57:57.653  1199  1240 I AT      : AT< +CPIN: READY (RIL_CMD_READER_3, tid:488544730448)
09-27 11:57:57.653  1199  1240 I AT      : AT< OK (RIL_CMD_READER_3, tid:488544730448)
09-27 11:57:57.654  1199  1204 D RIL-DSBP: DynamicSBP-detectSBPId-0: SIM is ready, start to query IMSI
09-27 11:57:57.654  1199  1204 D RilUtils: prop vendor.gsm.ril.uicc.mccmnc, readMccMnc N/A, ret 2
09-27 11:57:57.654  1199  1204 D RIL-DSBP: DynamicSBP-detectSBPId-0: rerty to query MCC/MNC
09-27 11:57:57.654  1199  1204 D RIL-DSBP: executeDynamicSBP request timed callback executeDynamicSBP to RIL_CMD_PROXY_1
09-27 11:57:57.654  1199  1204 D RIL-DSBP: executeDynamicSBP-0: Retry it later...
09-27 11:57:57.754  1199  1204 D RIL-DSBP: executeDynamicSBP-0: executionPhase=1
09-27 11:57:57.754  1199  1204 D RIL-DSBP: DynamicSBP-detectSBPId-0: start!!
09-27 11:57:57.754  1199  1204 I RIL     : getRadioState(): radioState=10
09-27 11:57:57.754  1199  1204 I AT      : AT> AT+CPIN? (RIL_CMD_READER_3, tid:488544730448)
09-27 11:57:57.759  1199  1240 I AT      : AT< +CPIN: READY (RIL_CMD_READER_3, tid:488544730448)
09-27 11:57:57.759  1199  1240 I AT      : AT< OK (RIL_CMD_READER_3, tid:488544730448)
09-27 11:57:57.759  1199  1204 D RIL-DSBP: DynamicSBP-detectSBPId-0: SIM is ready, start to query IMSI
09-27 11:57:57.760  1199  1204 D RilUtils: prop vendor.gsm.ril.uicc.mccmnc, readMccMnc N/A, ret 2
09-27 11:57:57.760  1199  1204 D RIL-DSBP: DynamicSBP-detectSBPId-0: rerty to query MCC/MNC
09-27 11:57:57.760  1199  1204 D RIL-DSBP: executeDynamicSBP request timed callback executeDynamicSBP to RIL_CMD_PROXY_1
09-27 11:57:57.760  1199  1204 D RIL-DSBP: executeDynamicSBP-0: Retry it later...
09-27 11:57:57.861  1199  1204 D RIL-DSBP: executeDynamicSBP-0: executionPhase=1
09-27 11:57:57.861  1199  1204 D RIL-DSBP: DynamicSBP-detectSBPId-0: start!!
09-27 11:57:57.861  1199  1204 I RIL     : getRadioState(): radioState=10
09-27 11:57:57.861  1199  1204 I AT      : AT> AT+CPIN? (RIL_CMD_READER_3, tid:488544730448)
09-27 11:57:57.865  1199  1240 I AT      : AT< +CPIN: READY (RIL_CMD_READER_3, tid:488544730448)
09-27 11:57:57.865  1199  1240 I AT      : AT< OK (RIL_CMD_READER_3, tid:488544730448)
09-27 11:57:57.865  1199  1204 D RIL-DSBP: DynamicSBP-detectSBPId-0: SIM is ready, start to query IMSI
09-27 11:57:57.865  1199  1204 D RilUtils: prop vendor.gsm.ril.uicc.mccmnc, readMccMnc N/A, ret 2
09-27 11:57:57.865  1199  1204 D RIL-DSBP: DynamicSBP-detectSBPId-0: rerty to query MCC/MNC
09-27 11:57:57.865  1199  1204 D RIL-DSBP: executeDynamicSBP request timed callback executeDynamicSBP to RIL_CMD_PROXY_1
09-27 11:57:57.866  1199  1204 D RIL-DSBP: executeDynamicSBP-0: Retry it later...
09-27 11:57:57.966  1199  1204 D RIL-DSBP: executeDynamicSBP-0: executionPhase=1
09-27 11:57:57.966  1199  1204 D RIL-DSBP: DynamicSBP-detectSBPId-0: start!!
09-27 11:57:57.966  1199  1204 I RIL     : getRadioState(): radioState=10
09-27 11:57:57.966  1199  1204 I AT      : AT> AT+CPIN? (RIL_CMD_READER_3, tid:488544730448)
09-27 11:57:57.970  1199  1240 I AT      : AT< +CPIN: READY (RIL_CMD_READER_3, tid:488544730448)
09-27 11:57:57.970  1199  1240 I AT      : AT< OK (RIL_CMD_READER_3, tid:488544730448)
09-27 11:57:57.970  1199  1204 D RIL-DSBP: DynamicSBP-detectSBPId-0: SIM is ready, start to query IMSI
09-27 11:57:57.970  1199  1204 D RilUtils: prop vendor.gsm.ril.uicc.mccmnc, readMccMnc N/A, ret 2
09-27 11:57:57.970  1199  1204 D RIL-DSBP: DynamicSBP-detectSBPId-0: rerty to query MCC/MNC
09-27 11:57:57.970  1199  1204 D RIL-DSBP: executeDynamicSBP request timed callback executeDynamicSBP to RIL_CMD_PROXY_1
09-27 11:57:57.970  1199  1204 D RIL-DSBP: executeDynamicSBP-0: Retry it later...
09-27 11:57:58.071  1199  1204 D RIL-DSBP: executeDynamicSBP-0: executionPhase=1
09-27 11:57:58.071  1199  1204 D RIL-DSBP: DynamicSBP-detectSBPId-0: start!!
09-27 11:57:58.071  1199  1204 I RIL     : getRadioState(): radioState=10
09-27 11:57:58.071  1199  1204 I AT      : AT> AT+CPIN? (RIL_CMD_READER_3, tid:488544730448)
09-27 11:57:58.074  1199  1240 I AT      : AT< +CPIN: READY (RIL_CMD_READER_3, tid:488544730448)
09-27 11:57:58.075  1199  1240 I AT      : AT< OK (RIL_CMD_READER_3, tid:488544730448)
09-27 11:57:58.075  1199  1204 D RIL-DSBP: DynamicSBP-detectSBPId-0: SIM is ready, start to query IMSI
09-27 11:57:58.075  1199  1204 D RilUtils: prop vendor.gsm.ril.uicc.mccmnc, readMccMnc N/A, ret 2
09-27 11:57:58.075  1199  1204 D RIL-DSBP: DynamicSBP-detectSBPId-0: rerty to query MCC/MNC
09-27 11:57:58.075  1199  1204 D RIL-DSBP: executeDynamicSBP request timed callback executeDynamicSBP to RIL_CMD_PROXY_1
09-27 11:57:58.075  1199  1204 D RIL-DSBP: executeDynamicSBP-0: Retry it later...
09-27 11:57:58.099  1199  1204 I RIL     : getRadioState(): radioState=10
09-27 11:57:58.099  1199  1204 I AT      : AT> AT+CPIN? (RIL_CMD_READER_3, tid:488544730448)
09-27 11:57:58.102  1199  1240 I AT      : AT< +CPIN: READY (RIL_CMD_READER_3, tid:488544730448)
09-27 11:57:58.103  1199  1240 I AT      : AT< OK (RIL_CMD_READER_3, tid:488544730448)
09-27 11:57:58.103  1199  1204 D RilUtils: prop vendor.gsm.ril.uicc.mccmnc, readMccMnc N/A, ret 2
09-27 11:57:58.175  1199  1204 D RIL-DSBP: executeDynamicSBP-0: executionPhase=1
09-27 11:57:58.176  1199  1204 D RIL-DSBP: DynamicSBP-detectSBPId-0: start!!
09-27 11:57:58.176  1199  1204 I RIL     : getRadioState(): radioState=10
09-27 11:57:58.176  1199  1204 I AT      : AT> AT+CPIN? (RIL_CMD_READER_3, tid:488544730448)
09-27 11:57:58.179  1199  1240 I AT      : AT< +CPIN: READY (RIL_CMD_READER_3, tid:488544730448)
09-27 11:57:58.179  1199  1240 I AT      : AT< OK (RIL_CMD_READER_3, tid:488544730448)
09-27 11:57:58.179  1199  1204 D RIL-DSBP: DynamicSBP-detectSBPId-0: SIM is ready, start to query IMSI
09-27 11:57:58.179  1199  1204 D RilUtils: prop vendor.gsm.ril.uicc.mccmnc, readMccMnc N/A, ret 2
09-27 11:57:58.179  1199  1204 D RIL-DSBP: DynamicSBP-detectSBPId-0: rerty to query MCC/MNC
09-27 11:57:58.179  1199  1204 D RIL-DSBP: executeDynamicSBP request timed callback executeDynamicSBP to RIL_CMD_PROXY_1
09-27 11:57:58.179  1199  1204 D RIL-DSBP: executeDynamicSBP-0: Retry it later...
09-27 11:57:58.280  1199  1204 D RIL-DSBP: executeDynamicSBP-0: executionPhase=1
09-27 11:57:58.280  1199  1204 D RIL-DSBP: DynamicSBP-detectSBPId-0: start!!
09-27 11:57:58.280  1199  1204 I RIL     : getRadioState(): radioState=10
09-27 11:57:58.280  1199  1204 I AT      : AT> AT+CPIN? (RIL_CMD_READER_3, tid:488544730448)
09-27 11:57:58.286  1199  1240 I AT      : AT< +CPIN: READY (RIL_CMD_READER_3, tid:488544730448)
09-27 11:57:58.286  1199  1240 I AT      : AT< OK (RIL_CMD_READER_3, tid:488544730448)
09-27 11:57:58.288  1199  1204 D RIL-DSBP: DynamicSBP-detectSBPId-0: SIM is ready, start to query IMSI
09-27 11:57:58.288  1199  1204 D RilUtils: prop vendor.gsm.ril.uicc.mccmnc, readMccMnc N/A, ret 2
09-27 11:57:58.288  1199  1204 D RIL-DSBP: DynamicSBP-detectSBPId-0: rerty to query MCC/MNC
09-27 11:57:58.288  1199  1204 D RIL-DSBP: executeDynamicSBP request timed callback executeDynamicSBP to RIL_CMD_PROXY_1
09-27 11:57:58.288  1199  1204 D RIL-DSBP: executeDynamicSBP-0: Retry it later...
09-27 11:57:58.389  1199  1204 D RIL-DSBP: executeDynamicSBP-0: executionPhase=1
09-27 11:57:58.389  1199  1204 D RIL-DSBP: DynamicSBP-detectSBPId-0: start!!
09-27 11:57:58.389  1199  1204 I RIL     : getRadioState(): radioState=10
09-27 11:57:58.389  1199  1204 I AT      : AT> AT+CPIN? (RIL_CMD_READER_3, tid:488544730448)
09-27 11:57:58.392  1199  1240 I AT      : AT< +CPIN: READY (RIL_CMD_READER_3, tid:488544730448)
09-27 11:57:58.393  1199  1240 I AT      : AT< OK (RIL_CMD_READER_3, tid:488544730448)
09-27 11:57:58.393  1199  1204 D RIL-DSBP: DynamicSBP-detectSBPId-0: SIM is ready, start to query IMSI
09-27 11:57:58.393  1199  1204 D RilUtils: prop vendor.gsm.ril.uicc.mccmnc, readMccMnc N/A, ret 2
09-27 11:57:58.393  1199  1204 D RIL-DSBP: DynamicSBP-detectSBPId-0: rerty to query MCC/MNC
09-27 11:57:58.393  1199  1204 D RIL-DSBP: executeDynamicSBP request timed callback executeDynamicSBP to RIL_CMD_PROXY_1
09-27 11:57:58.393  1199  1204 D RIL-DSBP: executeDynamicSBP-0: Retry it later...
09-27 11:57:58.494  1199  1204 D RIL-DSBP: executeDynamicSBP-0: executionPhase=1
09-27 11:57:58.494  1199  1204 D RIL-DSBP: DynamicSBP-detectSBPId-0: start!!
09-27 11:57:58.494  1199  1204 I RIL     : getRadioState(): radioState=10
09-27 11:57:58.494  1199  1204 I AT      : AT> AT+CPIN? (RIL_CMD_READER_3, tid:488544730448)
09-27 11:57:58.497  1199  1240 I AT      : AT< +CPIN: READY (RIL_CMD_READER_3, tid:488544730448)
09-27 11:57:58.498  1199  1240 I AT      : AT< OK (RIL_CMD_READER_3, tid:488544730448)
09-27 11:57:58.498  1199  1204 D RIL-DSBP: DynamicSBP-detectSBPId-0: SIM is ready, start to query IMSI
09-27 11:57:58.498  1199  1204 D RilUtils: prop vendor.gsm.ril.uicc.mccmnc, readMccMnc N/A, ret 2
09-27 11:57:58.498  1199  1204 D RIL-DSBP: DynamicSBP-detectSBPId-0: rerty to query MCC/MNC
09-27 11:57:58.498  1199  1204 D RIL-DSBP: executeDynamicSBP request timed callback executeDynamicSBP to RIL_CMD_PROXY_1
09-27 11:57:58.498  1199  1204 D RIL-DSBP: executeDynamicSBP-0: Retry it later...
09-27 11:57:58.599  1199  1204 D RIL-DSBP: executeDynamicSBP-0: executionPhase=1
09-27 11:57:58.599  1199  1204 D RIL-DSBP: DynamicSBP-detectSBPId-0: start!!
09-27 11:57:58.599  1199  1204 I RIL     : getRadioState(): radioState=10
09-27 11:57:58.599  1199  1204 I AT      : AT> AT+CPIN? (RIL_CMD_READER_3, tid:488544730448)
09-27 11:57:58.603  1199  1240 I AT      : AT< +CPIN: READY (RIL_CMD_READER_3, tid:488544730448)
09-27 11:57:58.603  1199  1240 I AT      : AT< OK (RIL_CMD_READER_3, tid:488544730448)
09-27 11:57:58.603  1199  1204 D RIL-DSBP: DynamicSBP-detectSBPId-0: SIM is ready, start to query IMSI
09-27 11:57:58.603  1199  1204 D RilUtils: prop vendor.gsm.ril.uicc.mccmnc, readMccMnc N/A, ret 2
09-27 11:57:58.603  1199  1204 D RIL-DSBP: DynamicSBP-detectSBPId-0: rerty to query MCC/MNC
09-27 11:57:58.603  1199  1204 D RIL-DSBP: executeDynamicSBP request timed callback executeDynamicSBP to RIL_CMD_PROXY_1
09-27 11:57:58.603  1199  1204 D RIL-DSBP: executeDynamicSBP-0: Retry it later...
09-27 11:57:58.603  1199  1204 I RIL     : getRadioState(): radioState=10
09-27 11:57:58.603  1199  1204 I AT      : AT> AT+CPIN? (RIL_CMD_READER_3, tid:488544730448)
09-27 11:57:58.608  1199  1240 I AT      : AT< +CPIN: READY (RIL_CMD_READER_3, tid:488544730448)
09-27 11:57:58.608  1199  1240 I AT      : AT< OK (RIL_CMD_READER_3, tid:488544730448)
09-27 11:57:58.608  1199  1204 D RilUtils: prop vendor.gsm.ril.uicc.mccmnc, readMccMnc N/A, ret 2
09-27 11:57:58.704  1199  1204 D RIL-DSBP: executeDynamicSBP-0: executionPhase=1
09-27 11:57:58.704  1199  1204 D RIL-DSBP: DynamicSBP-detectSBPId-0: start!!
09-27 11:57:58.704  1199  1204 I RIL     : getRadioState(): radioState=10
09-27 11:57:58.704  1199  1204 I AT      : AT> AT+CPIN? (RIL_CMD_READER_3, tid:488544730448)
09-27 11:57:58.709  1199  1240 I AT      : AT< +CPIN: READY (RIL_CMD_READER_3, tid:488544730448)
09-27 11:57:58.709  1199  1240 I AT      : AT< OK (RIL_CMD_READER_3, tid:488544730448)
09-27 11:57:58.709  1199  1204 D RIL-DSBP: DynamicSBP-detectSBPId-0: SIM is ready, start to query IMSI
09-27 11:57:58.709  1199  1204 D RilUtils: prop vendor.gsm.ril.uicc.mccmnc, readMccMnc N/A, ret 2
09-27 11:57:58.709  1199  1204 D RIL-DSBP: DynamicSBP-detectSBPId-0: rerty to query MCC/MNC
09-27 11:57:58.709  1199  1204 D RIL-DSBP: executeDynamicSBP request timed callback executeDynamicSBP to RIL_CMD_PROXY_1
09-27 11:57:58.709  1199  1204 D RIL-DSBP: executeDynamicSBP-0: Retry it later...
09-27 11:57:58.778  1199  1243 I AT      : AT< +ECSQ: 40,99,-281,1,1,1,1,0,32767,-1 (RIL_URC2_READER, tid:0)
09-27 11:57:58.781  1800  1800 D SubscriptionController: [getSubId]- numSubIds == 0, return null slotIndex=1
09-27 11:57:58.783  1800  1800 D SubscriptionController: [getSubId]- numSubIds == 0, return null slotIndex=1
09-27 11:57:58.811  1199  1204 D RIL-DSBP: executeDynamicSBP-0: executionPhase=1
09-27 11:57:58.811  1199  1204 D RIL-DSBP: DynamicSBP-detectSBPId-0: start!!
09-27 11:57:58.811  1199  1204 I RIL     : getRadioState(): radioState=10
09-27 11:57:58.811  1199  1204 I AT      : AT> AT+CPIN? (RIL_CMD_READER_3, tid:488544730448)
09-27 11:57:58.814  1199  1240 I AT      : AT< +CPIN: READY (RIL_CMD_READER_3, tid:488544730448)
09-27 11:57:58.814  1199  1240 I AT      : AT< OK (RIL_CMD_READER_3, tid:488544730448)
09-27 11:57:58.815  1199  1204 D RIL-DSBP: DynamicSBP-detectSBPId-0: SIM is ready, start to query IMSI
09-27 11:57:58.815  1199  1204 D RilUtils: prop vendor.gsm.ril.uicc.mccmnc, readMccMnc N/A, ret 2
09-27 11:57:58.815  1199  1204 D RIL-DSBP: DynamicSBP-detectSBPId-0: rerty to query MCC/MNC
09-27 11:57:58.815  1199  1204 D RIL-DSBP: executeDynamicSBP request timed callback executeDynamicSBP to RIL_CMD_PROXY_1
09-27 11:57:58.815  1199  1204 D RIL-DSBP: executeDynamicSBP-0: Retry it later...
09-27 11:57:58.915  1199  1204 D RIL-DSBP: executeDynamicSBP-0: executionPhase=1
09-27 11:57:58.915  1199  1204 D RIL-DSBP: DynamicSBP-detectSBPId-0: start!!
09-27 11:57:58.915  1199  1204 I RIL     : getRadioState(): radioState=10
09-27 11:57:58.915  1199  1204 I AT      : AT> AT+CPIN? (RIL_CMD_READER_3, tid:488544730448)
09-27 11:57:58.918  1199  1240 I AT      : AT< +CPIN: READY (RIL_CMD_READER_3, tid:488544730448)
09-27 11:57:58.919  1199  1240 I AT      : AT< OK (RIL_CMD_READER_3, tid:488544730448)
09-27 11:57:58.919  1199  1204 D RIL-DSBP: DynamicSBP-detectSBPId-0: SIM is ready, start to query IMSI
09-27 11:57:58.919  1199  1204 D RilUtils: prop vendor.gsm.ril.uicc.mccmnc, readMccMnc N/A, ret 2
09-27 11:57:58.919  1199  1204 D RIL-DSBP: DynamicSBP-detectSBPId-0: rerty to query MCC/MNC
09-27 11:57:58.919  1199  1204 D RIL-DSBP: executeDynamicSBP request timed callback executeDynamicSBP to RIL_CMD_PROXY_1
09-27 11:57:58.919  1199  1204 D RIL-DSBP: executeDynamicSBP-0: Retry it later...
09-27 11:57:59.019  1199  1204 D RIL-DSBP: executeDynamicSBP-0: executionPhase=1
09-27 11:57:59.019  1199  1204 D RIL-DSBP: DynamicSBP-detectSBPId-0: start!!
09-27 11:57:59.019  1199  1204 I RIL     : getRadioState(): radioState=10
09-27 11:57:59.019  1199  1204 I AT      : AT> AT+CPIN? (RIL_CMD_READER_3, tid:488544730448)
09-27 11:57:59.022  1199  1240 I AT      : AT< +CPIN: READY (RIL_CMD_READER_3, tid:488544730448)
09-27 11:57:59.023  1199  1240 I AT      : AT< OK (RIL_CMD_READER_3, tid:488544730448)
09-27 11:57:59.023  1199  1204 D RIL-DSBP: DynamicSBP-detectSBPId-0: SIM is ready, start to query IMSI
09-27 11:57:59.023  1199  1204 D RilUtils: prop vendor.gsm.ril.uicc.mccmnc, readMccMnc N/A, ret 2
09-27 11:57:59.023  1199  1204 D RIL-DSBP: DynamicSBP-detectSBPId-0: rerty to query MCC/MNC
09-27 11:57:59.023  1199  1204 D RIL-DSBP: executeDynamicSBP request timed callback executeDynamicSBP to RIL_CMD_PROXY_1
09-27 11:57:59.023  1199  1204 D RIL-DSBP: executeDynamicSBP-0: Retry it later...
09-27 11:57:59.109  1199  1204 I RIL     : getRadioState(): radioState=10
09-27 11:57:59.109  1199  1204 I AT      : AT> AT+CPIN? (RIL_CMD_READER_3, tid:488544730448)
09-27 11:57:59.112  1199  1240 I AT      : AT< +CPIN: READY (RIL_CMD_READER_3, tid:488544730448)
09-27 11:57:59.113  1199  1240 I AT      : AT< OK (RIL_CMD_READER_3, tid:488544730448)
09-27 11:57:59.113  1199  1204 D RilUtils: prop vendor.gsm.ril.uicc.mccmnc, readMccMnc N/A, ret 2
09-27 11:57:59.123  1199  1204 D RIL-DSBP: executeDynamicSBP-0: executionPhase=1
09-27 11:57:59.123  1199  1204 D RIL-DSBP: DynamicSBP-detectSBPId-0: start!!
09-27 11:57:59.124  1199  1204 I RIL     : getRadioState(): radioState=10
09-27 11:57:59.124  1199  1204 I AT      : AT> AT+CPIN? (RIL_CMD_READER_3, tid:488544730448)
09-27 11:57:59.127  1199  1240 I AT      : AT< +CPIN: READY (RIL_CMD_READER_3, tid:488544730448)
09-27 11:57:59.127  1199  1240 I AT      : AT< OK (RIL_CMD_READER_3, tid:488544730448)
09-27 11:57:59.128  1199  1204 D RIL-DSBP: DynamicSBP-detectSBPId-0: SIM is ready, start to query IMSI
09-27 11:57:59.128  1199  1204 D RilUtils: prop vendor.gsm.ril.uicc.mccmnc, readMccMnc N/A, ret 2
09-27 11:57:59.128  1199  1204 D RIL-DSBP: DynamicSBP-detectSBPId-0: rerty to query MCC/MNC
09-27 11:57:59.128  1199  1204 D RIL-DSBP: executeDynamicSBP request timed callback executeDynamicSBP to RIL_CMD_PROXY_1
09-27 11:57:59.128  1199  1204 D RIL-DSBP: executeDynamicSBP-0: Retry it later...
09-27 11:57:59.228  1199  1204 D RIL-DSBP: executeDynamicSBP-0: executionPhase=1
09-27 11:57:59.228  1199  1204 D RIL-DSBP: DynamicSBP-detectSBPId-0: start!!
09-27 11:57:59.228  1199  1204 I RIL     : getRadioState(): radioState=10
09-27 11:57:59.228  1199  1204 I AT      : AT> AT+CPIN? (RIL_CMD_READER_3, tid:488544730448)
09-27 11:57:59.231  1199  1240 I AT      : AT< +CPIN: READY (RIL_CMD_READER_3, tid:488544730448)
09-27 11:57:59.232  1199  1240 I AT      : AT< OK (RIL_CMD_READER_3, tid:488544730448)
09-27 11:57:59.232  1199  1204 D RIL-DSBP: DynamicSBP-detectSBPId-0: SIM is ready, start to query IMSI
09-27 11:57:59.232  1199  1204 D RilUtils: prop vendor.gsm.ril.uicc.mccmnc, readMccMnc N/A, ret 2
09-27 11:57:59.232  1199  1204 D RIL-DSBP: DynamicSBP-detectSBPId-0: rerty to query MCC/MNC
09-27 11:57:59.232  1199  1204 D RIL-DSBP: executeDynamicSBP request timed callback executeDynamicSBP to RIL_CMD_PROXY_1
09-27 11:57:59.233  1199  1204 D RIL-DSBP: executeDynamicSBP-0: Retry it later...
09-27 11:57:59.332  1199  1204 D RIL-DSBP: executeDynamicSBP-0: executionPhase=1
09-27 11:57:59.332  1199  1204 D RIL-DSBP: DynamicSBP-detectSBPId-0: start!!
09-27 11:57:59.332  1199  1204 I RIL     : getRadioState(): radioState=10
09-27 11:57:59.332  1199  1204 I AT      : AT> AT+CPIN? (RIL_CMD_READER_3, tid:488544730448)
09-27 11:57:59.336  1199  1240 I AT      : AT< +CPIN: READY (RIL_CMD_READER_3, tid:488544730448)
09-27 11:57:59.336  1199  1240 I AT      : AT< OK (RIL_CMD_READER_3, tid:488544730448)
09-27 11:57:59.337  1199  1204 D RIL-DSBP: DynamicSBP-detectSBPId-0: SIM is ready, start to query IMSI
09-27 11:57:59.337  1199  1204 D RilUtils: prop vendor.gsm.ril.uicc.mccmnc, readMccMnc N/A, ret 2
09-27 11:57:59.337  1199  1204 D RIL-DSBP: DynamicSBP-detectSBPId-0: rerty to query MCC/MNC
09-27 11:57:59.337  1199  1204 D RIL-DSBP: executeDynamicSBP request timed callback executeDynamicSBP to RIL_CMD_PROXY_1
09-27 11:57:59.337  1199  1204 D RIL-DSBP: executeDynamicSBP-0: Retry it later...
09-27 11:57:59.438  1199  1204 D RIL-DSBP: executeDynamicSBP-0: executionPhase=1
09-27 11:57:59.438  1199  1204 D RIL-DSBP: DynamicSBP-detectSBPId-0: start!!
09-27 11:57:59.438  1199  1204 I RIL     : getRadioState(): radioState=10
09-27 11:57:59.438  1199  1204 I AT      : AT> AT+CPIN? (RIL_CMD_READER_3, tid:488544730448)
09-27 11:57:59.442  1199  1240 I AT      : AT< +CPIN: READY (RIL_CMD_READER_3, tid:488544730448)
09-27 11:57:59.443  1199  1240 I AT      : AT< OK (RIL_CMD_READER_3, tid:488544730448)
09-27 11:57:59.443  1199  1204 D RIL-DSBP: DynamicSBP-detectSBPId-0: SIM is ready, start to query IMSI
09-27 11:57:59.443  1199  1204 D RilUtils: prop vendor.gsm.ril.uicc.mccmnc, readMccMnc N/A, ret 2
09-27 11:57:59.443  1199  1204 D RIL-DSBP: DynamicSBP-detectSBPId-0: rerty to query MCC/MNC
09-27 11:57:59.443  1199  1204 D RIL-DSBP: executeDynamicSBP request timed callback executeDynamicSBP to RIL_CMD_PROXY_1
09-27 11:57:59.443  1199  1204 D RIL-DSBP: executeDynamicSBP-0: Retry it later...
09-27 11:57:59.543  1199  1204 D RIL-DSBP: executeDynamicSBP-0: executionPhase=1
09-27 11:57:59.544  1199  1204 D RIL-DSBP: DynamicSBP-detectSBPId-0: start!!
09-27 11:57:59.544  1199  1204 I RIL     : getRadioState(): radioState=10
09-27 11:57:59.544  1199  1204 I AT      : AT> AT+CPIN? (RIL_CMD_READER_3, tid:488544730448)
09-27 11:57:59.547  1199  1240 I AT      : AT< +CPIN: READY (RIL_CMD_READER_3, tid:488544730448)
09-27 11:57:59.547  1199  1240 I AT      : AT< OK (RIL_CMD_READER_3, tid:488544730448)
09-27 11:57:59.548  1199  1204 D RIL-DSBP: DynamicSBP-detectSBPId-0: SIM is ready, start to query IMSI
09-27 11:57:59.548  1199  1204 D RilUtils: prop vendor.gsm.ril.uicc.mccmnc, readMccMnc N/A, ret 2
09-27 11:57:59.548  1199  1204 D RIL-DSBP: DynamicSBP-detectSBPId-0: rerty to query MCC/MNC
09-27 11:57:59.548  1199  1204 D RIL-DSBP: executeDynamicSBP request timed callback executeDynamicSBP to RIL_CMD_PROXY_1
09-27 11:57:59.548  1199  1204 D RIL-DSBP: executeDynamicSBP-0: Retry it later...
09-27 11:57:59.614  1199  1204 I RIL     : getRadioState(): radioState=10
09-27 11:57:59.614  1199  1204 I AT      : AT> AT+CPIN? (RIL_CMD_READER_3, tid:488544730448)
09-27 11:57:59.617  1199  1240 I AT      : AT< +CPIN: READY (RIL_CMD_READER_3, tid:488544730448)
09-27 11:57:59.618  1199  1240 I AT      : AT< OK (RIL_CMD_READER_3, tid:488544730448)
09-27 11:57:59.618  1199  1204 D RilUtils: prop vendor.gsm.ril.uicc.mccmnc, readMccMnc N/A, ret 2
09-27 11:57:59.648  1199  1204 D RIL-DSBP: executeDynamicSBP-0: executionPhase=1
09-27 11:57:59.648  1199  1204 D RIL-DSBP: DynamicSBP-detectSBPId-0: start!!
09-27 11:57:59.648  1199  1204 I RIL     : getRadioState(): radioState=10
09-27 11:57:59.649  1199  1204 I AT      : AT> AT+CPIN? (RIL_CMD_READER_3, tid:488544730448)
09-27 11:57:59.652  1199  1240 I AT      : AT< +CPIN: READY (RIL_CMD_READER_3, tid:488544730448)
09-27 11:57:59.653  1199  1240 I AT      : AT< OK (RIL_CMD_READER_3, tid:488544730448)
09-27 11:57:59.653  1199  1204 D RIL-DSBP: DynamicSBP-detectSBPId-0: SIM is ready, start to query IMSI
09-27 11:57:59.653  1199  1204 D RilUtils: prop vendor.gsm.ril.uicc.mccmnc, readMccMnc N/A, ret 2
09-27 11:57:59.653  1199  1204 D RIL-DSBP: DynamicSBP-detectSBPId-0: rerty to query MCC/MNC
09-27 11:57:59.653  1199  1204 D RIL-DSBP: executeDynamicSBP request timed callback executeDynamicSBP to RIL_CMD_PROXY_1
09-27 11:57:59.653  1199  1204 D RIL-DSBP: executeDynamicSBP-0: Retry it later...
09-27 11:57:59.723  1199  1243 I AT      : AT< +ECSQ: 99,99,1,1,1,1,1,0,32767,-1 (RIL_URC2_READER, tid:0)
09-27 11:57:59.723  1199  1243 E RIL-NW  : Recevice an invalid value from modem for <rxlevel>
09-27 11:57:59.727  1199  1237 I AT      : AT< +ECSQ: 41,99,-279,1,1,1,1,0,32767,-1 (RIL_URC_READER, tid:0)
09-27 11:57:59.753  1199  1204 D RIL-DSBP: executeDynamicSBP-0: executionPhase=1
09-27 11:57:59.753  1199  1204 D RIL-DSBP: DynamicSBP-detectSBPId-0: start!!
09-27 11:57:59.753  1199  1204 I RIL     : getRadioState(): radioState=10
09-27 11:57:59.754  1199  1204 I AT      : AT> AT+CPIN? (RIL_CMD_READER_3, tid:488544730448)
09-27 11:57:59.757  1199  1240 I AT      : AT< +CPIN: READY (RIL_CMD_READER_3, tid:488544730448)
09-27 11:57:59.757  1199  1240 I AT      : AT< OK (RIL_CMD_READER_3, tid:488544730448)
09-27 11:57:59.757  1199  1204 D RIL-DSBP: DynamicSBP-detectSBPId-0: SIM is ready, start to query IMSI
09-27 11:57:59.758  1199  1204 D RilUtils: prop vendor.gsm.ril.uicc.mccmnc, readMccMnc N/A, ret 2
09-27 11:57:59.758  1199  1204 D RIL-DSBP: DynamicSBP-detectSBPId-0: rerty to query MCC/MNC
09-27 11:57:59.758  1199  1204 D RIL-DSBP: executeDynamicSBP request timed callback executeDynamicSBP to RIL_CMD_PROXY_1
09-27 11:57:59.758  1199  1204 D RIL-DSBP: executeDynamicSBP-0: Retry it later...
09-27 11:57:59.858  1199  1204 D RIL-DSBP: executeDynamicSBP-0: executionPhase=1
09-27 11:57:59.859  1199  1204 D RIL-DSBP: DynamicSBP-detectSBPId-0: start!!
09-27 11:57:59.859  1199  1204 I RIL     : getRadioState(): radioState=10
09-27 11:57:59.859  1199  1204 I AT      : AT> AT+CPIN? (RIL_CMD_READER_3, tid:488544730448)
09-27 11:57:59.863  1199  1240 I AT      : AT< +CPIN: READY (RIL_CMD_READER_3, tid:488544730448)
09-27 11:57:59.863  1199  1240 I AT      : AT< OK (RIL_CMD_READER_3, tid:488544730448)
09-27 11:57:59.863  1199  1204 D RIL-DSBP: DynamicSBP-detectSBPId-0: SIM is ready, start to query IMSI
09-27 11:57:59.863  1199  1204 D RilUtils: prop vendor.gsm.ril.uicc.mccmnc, readMccMnc N/A, ret 2
09-27 11:57:59.863  1199  1204 D RIL-DSBP: DynamicSBP-detectSBPId-0: rerty to query MCC/MNC
09-27 11:57:59.864  1199  1204 D RIL-DSBP: executeDynamicSBP request timed callback executeDynamicSBP to RIL_CMD_PROXY_1
09-27 11:57:59.864  1199  1204 D RIL-DSBP: executeDynamicSBP-0: Retry it later...
09-27 11:57:59.965  1199  1204 D RIL-DSBP: executeDynamicSBP-0: executionPhase=1
09-27 11:57:59.965  1199  1204 D RIL-DSBP: DynamicSBP-detectSBPId-0: start!!
09-27 11:57:59.965  1199  1204 I RIL     : getRadioState(): radioState=10
09-27 11:57:59.965  1199  1204 I AT      : AT> AT+CPIN? (RIL_CMD_READER_3, tid:488544730448)
09-27 11:57:59.968  1199  1240 I AT      : AT< +CPIN: READY (RIL_CMD_READER_3, tid:488544730448)
09-27 11:57:59.969  1199  1240 I AT      : AT< OK (RIL_CMD_READER_3, tid:488544730448)
09-27 11:57:59.969  1199  1204 D RIL-DSBP: DynamicSBP-detectSBPId-0: SIM is ready, start to query IMSI
09-27 11:57:59.969  1199  1204 D RilUtils: prop vendor.gsm.ril.uicc.mccmnc, readMccMnc N/A, ret 2
09-27 11:57:59.969  1199  1204 D RIL-DSBP: DynamicSBP-detectSBPId-0: rerty to query MCC/MNC
09-27 11:57:59.969  1199  1204 D RIL-DSBP: executeDynamicSBP request timed callback executeDynamicSBP to RIL_CMD_PROXY_1
09-27 11:57:59.969  1199  1204 D RIL-DSBP: executeDynamicSBP-0: Retry it later...
09-27 11:58:00.070  1199  1204 D RIL-DSBP: executeDynamicSBP-0: executionPhase=1
09-27 11:58:00.070  1199  1204 D RIL-DSBP: DynamicSBP-detectSBPId-0: start!!
09-27 11:58:00.070  1199  1204 I RIL     : getRadioState(): radioState=10
09-27 11:58:00.070  1199  1204 I AT      : AT> AT+CPIN? (RIL_CMD_READER_3, tid:488544730448)
09-27 11:58:00.073  1199  1240 I AT      : AT< +CPIN: READY (RIL_CMD_READER_3, tid:488544730448)
09-27 11:58:00.073  1199  1240 I AT      : AT< OK (RIL_CMD_READER_3, tid:488544730448)
09-27 11:58:00.073  1199  1204 D RIL-DSBP: DynamicSBP-detectSBPId-0: SIM is ready, start to query IMSI
09-27 11:58:00.073  1199  1204 D RilUtils: prop vendor.gsm.ril.uicc.mccmnc, readMccMnc N/A, ret 2
09-27 11:58:00.073  1199  1204 D RIL-DSBP: DynamicSBP-detectSBPId-0: rerty to query MCC/MNC
09-27 11:58:00.073  1199  1204 D RIL-DSBP: executeDynamicSBP request timed callback executeDynamicSBP to RIL_CMD_PROXY_1
09-27 11:58:00.073  1199  1204 D RIL-DSBP: executeDynamicSBP-0: Retry it later...
09-27 11:58:00.119  1199  1204 I RIL     : getRadioState(): radioState=10
09-27 11:58:00.119  1199  1204 I AT      : AT> AT+CPIN? (RIL_CMD_READER_3, tid:488544730448)
09-27 11:58:00.123  1199  1240 I AT      : AT< +CPIN: READY (RIL_CMD_READER_3, tid:488544730448)
09-27 11:58:00.123  1199  1240 I AT      : AT< OK (RIL_CMD_READER_3, tid:488544730448)
09-27 11:58:00.123  1199  1204 D RilUtils: prop vendor.gsm.ril.uicc.mccmnc, readMccMnc N/A, ret 2
09-27 11:58:00.174  1199  1204 D RIL-DSBP: executeDynamicSBP-0: executionPhase=1
09-27 11:58:00.174  1199  1204 D RIL-DSBP: DynamicSBP-detectSBPId-0: start!!
09-27 11:58:00.174  1199  1204 I RIL     : getRadioState(): radioState=10
09-27 11:58:00.174  1199  1204 I AT      : AT> AT+CPIN? (RIL_CMD_READER_3, tid:488544730448)
09-27 11:58:00.177  1199  1240 I AT      : AT< +CPIN: READY (RIL_CMD_READER_3, tid:488544730448)
09-27 11:58:00.177  1199  1240 I AT      : AT< OK (RIL_CMD_READER_3, tid:488544730448)
09-27 11:58:00.177  1199  1204 D RIL-DSBP: DynamicSBP-detectSBPId-0: SIM is ready, start to query IMSI
09-27 11:58:00.177  1199  1204 D RilUtils: prop vendor.gsm.ril.uicc.mccmnc, readMccMnc N/A, ret 2
09-27 11:58:00.177  1199  1204 D RIL-DSBP: DynamicSBP-detectSBPId-0: rerty to query MCC/MNC
09-27 11:58:00.177  1199  1204 D RIL-DSBP: executeDynamicSBP request timed callback executeDynamicSBP to RIL_CMD_PROXY_1
09-27 11:58:00.177  1199  1204 D RIL-DSBP: executeDynamicSBP-0: Retry it later...
09-27 11:58:00.278  1199  1204 D RIL-DSBP: executeDynamicSBP-0: executionPhase=1
09-27 11:58:00.278  1199  1204 D RIL-DSBP: DynamicSBP-detectSBPId-0: start!!
09-27 11:58:00.278  1199  1204 I RIL     : getRadioState(): radioState=10
09-27 11:58:00.278  1199  1204 I AT      : AT> AT+CPIN? (RIL_CMD_READER_3, tid:488544730448)
09-27 11:58:00.281  1199  1240 I AT      : AT< +CPIN: READY (RIL_CMD_READER_3, tid:488544730448)
09-27 11:58:00.281  1199  1240 I AT      : AT< OK (RIL_CMD_READER_3, tid:488544730448)
09-27 11:58:00.281  1199  1204 D RIL-DSBP: DynamicSBP-detectSBPId-0: SIM is ready, start to query IMSI
09-27 11:58:00.281  1199  1204 D RilUtils: prop vendor.gsm.ril.uicc.mccmnc, readMccMnc N/A, ret 2
09-27 11:58:00.281  1199  1204 D RIL-DSBP: DynamicSBP-detectSBPId-0: rerty to query MCC/MNC
09-27 11:58:00.282  1199  1204 D RIL-DSBP: executeDynamicSBP request timed callback executeDynamicSBP to RIL_CMD_PROXY_1
09-27 11:58:00.282  1199  1204 D RIL-DSBP: executeDynamicSBP-0: Retry it later...
09-27 11:58:00.382  1199  1204 D RIL-DSBP: executeDynamicSBP-0: executionPhase=1
09-27 11:58:00.382  1199  1204 D RIL-DSBP: DynamicSBP-detectSBPId-0: start!!
09-27 11:58:00.382  1199  1204 I RIL     : getRadioState(): radioState=10
09-27 11:58:00.382  1199  1204 I AT      : AT> AT+CPIN? (RIL_CMD_READER_3, tid:488544730448)
09-27 11:58:00.386  1199  1240 I AT      : AT< +CPIN: READY (RIL_CMD_READER_3, tid:488544730448)
09-27 11:58:00.386  1199  1240 I AT      : AT< OK (RIL_CMD_READER_3, tid:488544730448)
09-27 11:58:00.387  1199  1204 D RIL-DSBP: DynamicSBP-detectSBPId-0: SIM is ready, start to query IMSI
09-27 11:58:00.387  1199  1204 D RilUtils: prop vendor.gsm.ril.uicc.mccmnc, readMccMnc N/A, ret 2
09-27 11:58:00.387  1199  1204 D RIL-DSBP: DynamicSBP-detectSBPId-0: rerty to query MCC/MNC
09-27 11:58:00.387  1199  1204 D RIL-DSBP: executeDynamicSBP request timed callback executeDynamicSBP to RIL_CMD_PROXY_1
09-27 11:58:00.387  1199  1204 D RIL-DSBP: executeDynamicSBP-0: Retry it later...
09-27 11:58:00.489  1199  1204 D RIL-DSBP: executeDynamicSBP-0: executionPhase=1
09-27 11:58:00.489  1199  1204 D RIL-DSBP: DynamicSBP-detectSBPId-0: start!!
09-27 11:58:00.489  1199  1204 I RIL     : getRadioState(): radioState=10
09-27 11:58:00.489  1199  1204 I AT      : AT> AT+CPIN? (RIL_CMD_READER_3, tid:488544730448)
09-27 11:58:00.493  1199  1240 I AT      : AT< +CPIN: READY (RIL_CMD_READER_3, tid:488544730448)
09-27 11:58:00.493  1199  1240 I AT      : AT< OK (RIL_CMD_READER_3, tid:488544730448)
09-27 11:58:00.494  1199  1204 D RIL-DSBP: DynamicSBP-detectSBPId-0: SIM is ready, start to query IMSI
09-27 11:58:00.494  1199  1204 D RilUtils: prop vendor.gsm.ril.uicc.mccmnc, readMccMnc N/A, ret 2
09-27 11:58:00.494  1199  1204 D RIL-DSBP: DynamicSBP-detectSBPId-0: rerty to query MCC/MNC
09-27 11:58:00.494  1199  1204 D RIL-DSBP: executeDynamicSBP request timed callback executeDynamicSBP to RIL_CMD_PROXY_1
09-27 11:58:00.494  1199  1204 D RIL-DSBP: executeDynamicSBP-0: Retry it later...
09-27 11:58:00.594  1199  1204 D RIL-DSBP: executeDynamicSBP-0: executionPhase=1
09-27 11:58:00.595  1199  1204 D RIL-DSBP: DynamicSBP-detectSBPId-0: start!!
09-27 11:58:00.595  1199  1204 I RIL     : getRadioState(): radioState=10
09-27 11:58:00.595  1199  1204 I AT      : AT> AT+CPIN? (RIL_CMD_READER_3, tid:488544730448)
09-27 11:58:00.602  1199  1240 I AT      : AT< +CPIN: READY (RIL_CMD_READER_3, tid:488544730448)
09-27 11:58:00.602  1199  1240 I AT      : AT< OK (RIL_CMD_READER_3, tid:488544730448)
09-27 11:58:00.602  1199  1204 D RIL-DSBP: DynamicSBP-detectSBPId-0: SIM is ready, start to query IMSI
09-27 11:58:00.602  1199  1204 D RilUtils: prop vendor.gsm.ril.uicc.mccmnc, readMccMnc N/A, ret 2
09-27 11:58:00.602  1199  1204 D RIL-DSBP: DynamicSBP-detectSBPId-0: rerty to query MCC/MNC
09-27 11:58:00.602  1199  1204 D RIL-DSBP: executeDynamicSBP request timed callback executeDynamicSBP to RIL_CMD_PROXY_1
09-27 11:58:00.602  1199  1204 D RIL-DSBP: executeDynamicSBP-0: Retry it later...
09-27 11:58:00.624  1199  1204 I RIL     : getRadioState(): radioState=10
09-27 11:58:00.624  1199  1204 I AT      : AT> AT+CPIN? (RIL_CMD_READER_3, tid:488544730448)
09-27 11:58:00.627  1199  1240 I AT      : AT< +CPIN: READY (RIL_CMD_READER_3, tid:488544730448)
09-27 11:58:00.628  1199  1240 I AT      : AT< OK (RIL_CMD_READER_3, tid:488544730448)
09-27 11:58:00.628  1199  1204 D RilUtils: prop vendor.gsm.ril.uicc.mccmnc, readMccMnc N/A, ret 2
09-27 11:58:00.703  1199  1204 D RIL-DSBP: executeDynamicSBP-0: executionPhase=1
09-27 11:58:00.703  1199  1204 D RIL-DSBP: DynamicSBP-detectSBPId-0: start!!
09-27 11:58:00.703  1199  1204 I RIL     : getRadioState(): radioState=10
09-27 11:58:00.703  1199  1204 I AT      : AT> AT+CPIN? (RIL_CMD_READER_3, tid:488544730448)
09-27 11:58:00.706  1199  1240 I AT      : AT< +CPIN: READY (RIL_CMD_READER_3, tid:488544730448)
09-27 11:58:00.707  1199  1240 I AT      : AT< OK (RIL_CMD_READER_3, tid:488544730448)
09-27 11:58:00.707  1199  1204 D RIL-DSBP: DynamicSBP-detectSBPId-0: SIM is ready, start to query IMSI
09-27 11:58:00.707  1199  1204 D RilUtils: prop vendor.gsm.ril.uicc.mccmnc, readMccMnc N/A, ret 2
09-27 11:58:00.707  1199  1204 D RIL-DSBP: DynamicSBP-detectSBPId-0: rerty to query MCC/MNC
09-27 11:58:00.707  1199  1204 D RIL-DSBP: executeDynamicSBP request timed callback executeDynamicSBP to RIL_CMD_PROXY_1
09-27 11:58:00.707  1199  1204 D RIL-DSBP: executeDynamicSBP-0: Retry it later...
09-27 11:58:00.808  1199  1204 D RIL-DSBP: executeDynamicSBP-0: executionPhase=1
09-27 11:58:00.808  1199  1204 D RIL-DSBP: DynamicSBP-detectSBPId-0: start!!
09-27 11:58:00.808  1199  1204 I RIL     : getRadioState(): radioState=10
09-27 11:58:00.808  1199  1204 I AT      : AT> AT+CPIN? (RIL_CMD_READER_3, tid:488544730448)
09-27 11:58:00.811  1199  1240 I AT      : AT< +CPIN: READY (RIL_CMD_READER_3, tid:488544730448)
09-27 11:58:00.811  1199  1240 I AT      : AT< OK (RIL_CMD_READER_3, tid:488544730448)
09-27 11:58:00.811  1199  1204 D RIL-DSBP: DynamicSBP-detectSBPId-0: SIM is ready, start to query IMSI
09-27 11:58:00.811  1199  1204 D RilUtils: prop vendor.gsm.ril.uicc.mccmnc, readMccMnc N/A, ret 2
09-27 11:58:00.811  1199  1204 D RIL-DSBP: DynamicSBP-detectSBPId-0: rerty to query MCC/MNC
09-27 11:58:00.811  1199  1204 D RIL-DSBP: executeDynamicSBP request timed callback executeDynamicSBP to RIL_CMD_PROXY_1
09-27 11:58:00.812  1199  1204 D RIL-DSBP: executeDynamicSBP-0: Retry it later...
09-27 11:58:00.912  1199  1204 D RIL-DSBP: executeDynamicSBP-0: executionPhase=1
09-27 11:58:00.912  1199  1204 D RIL-DSBP: DynamicSBP-detectSBPId-0: start!!
09-27 11:58:00.912  1199  1204 I RIL     : getRadioState(): radioState=10
09-27 11:58:00.912  1199  1204 I AT      : AT> AT+CPIN? (RIL_CMD_READER_3, tid:488544730448)
09-27 11:58:00.916  1199  1240 I AT      : AT< +CPIN: READY (RIL_CMD_READER_3, tid:488544730448)
09-27 11:58:00.916  1199  1240 I AT      : AT< OK (RIL_CMD_READER_3, tid:488544730448)
09-27 11:58:00.917  1199  1204 D RIL-DSBP: DynamicSBP-detectSBPId-0: SIM is ready, start to query IMSI
09-27 11:58:00.917  1199  1204 D RilUtils: prop vendor.gsm.ril.uicc.mccmnc, readMccMnc N/A, ret 2
09-27 11:58:00.917  1199  1204 D RIL-DSBP: DynamicSBP-detectSBPId-0: rerty to query MCC/MNC
09-27 11:58:00.917  1199  1204 D RIL-DSBP: executeDynamicSBP request timed callback executeDynamicSBP to RIL_CMD_PROXY_1
09-27 11:58:00.917  1199  1204 D RIL-DSBP: executeDynamicSBP-0: Retry it later...
09-27 11:58:01.017  1199  1204 D RIL-DSBP: executeDynamicSBP-0: executionPhase=1
09-27 11:58:01.017  1199  1204 D RIL-DSBP: DynamicSBP-detectSBPId-0: start!!
09-27 11:58:01.018  1199  1204 I RIL     : getRadioState(): radioState=10
09-27 11:58:01.018  1199  1204 I AT      : AT> AT+CPIN? (RIL_CMD_READER_3, tid:488544730448)
09-27 11:58:01.021  1199  1240 I AT      : AT< +CPIN: READY (RIL_CMD_READER_3, tid:488544730448)
09-27 11:58:01.022  1199  1240 I AT      : AT< OK (RIL_CMD_READER_3, tid:488544730448)
09-27 11:58:01.022  1199  1204 D RIL-DSBP: DynamicSBP-detectSBPId-0: SIM is ready, start to query IMSI
09-27 11:58:01.022  1199  1204 D RilUtils: prop vendor.gsm.ril.uicc.mccmnc, readMccMnc N/A, ret 2
09-27 11:58:01.022  1199  1204 D RIL-DSBP: DynamicSBP-detectSBPId-0: rerty to query MCC/MNC
09-27 11:58:01.022  1199  1204 D RIL-DSBP: executeDynamicSBP request timed callback executeDynamicSBP to RIL_CMD_PROXY_1
09-27 11:58:01.023  1199  1204 D RIL-DSBP: executeDynamicSBP-0: Retry it later...
09-27 11:58:01.123  1199  1204 D RIL-DSBP: executeDynamicSBP-0: executionPhase=1
09-27 11:58:01.123  1199  1204 D RIL-DSBP: DynamicSBP-detectSBPId-0: start!!
09-27 11:58:01.123  1199  1204 I RIL     : getRadioState(): radioState=10
09-27 11:58:01.123  1199  1204 I AT      : AT> AT+CPIN? (RIL_CMD_READER_3, tid:488544730448)
09-27 11:58:01.127  1199  1240 I AT      : AT< +CPIN: READY (RIL_CMD_READER_3, tid:488544730448)
09-27 11:58:01.127  1199  1240 I AT      : AT< OK (RIL_CMD_READER_3, tid:488544730448)
09-27 11:58:01.127  1199  1204 D RIL-DSBP: DynamicSBP-detectSBPId-0: SIM is ready, start to query IMSI
09-27 11:58:01.127  1199  1204 D RilUtils: prop vendor.gsm.ril.uicc.mccmnc, readMccMnc N/A, ret 2
09-27 11:58:01.127  1199  1204 D RIL-DSBP: DynamicSBP-detectSBPId-0: rerty to query MCC/MNC
09-27 11:58:01.127  1199  1204 D RIL-DSBP: executeDynamicSBP request timed callback executeDynamicSBP to RIL_CMD_PROXY_1
09-27 11:58:01.127  1199  1204 D RIL-DSBP: executeDynamicSBP-0: Retry it later...
09-27 11:58:01.128  1199  1204 I RIL     : getRadioState(): radioState=10
09-27 11:58:01.129  1199  1204 I AT      : AT> AT+CPIN? (RIL_CMD_READER_3, tid:488544730448)
09-27 11:58:01.131  1199  1240 I AT      : AT< +CPIN: READY (RIL_CMD_READER_3, tid:488544730448)
09-27 11:58:01.132  1199  1240 I AT      : AT< OK (RIL_CMD_READER_3, tid:488544730448)
09-27 11:58:01.132  1199  1204 D RilUtils: prop vendor.gsm.ril.uicc.mccmnc, readMccMnc N/A, ret 2
09-27 11:58:01.228  1199  1204 D RIL-DSBP: executeDynamicSBP-0: executionPhase=1
09-27 11:58:01.228  1199  1204 D RIL-DSBP: DynamicSBP-detectSBPId-0: start!!
09-27 11:58:01.228  1199  1204 I RIL     : getRadioState(): radioState=10
09-27 11:58:01.228  1199  1204 I AT      : AT> AT+CPIN? (RIL_CMD_READER_3, tid:488544730448)
09-27 11:58:01.231  1199  1240 I AT      : AT< +CPIN: READY (RIL_CMD_READER_3, tid:488544730448)
09-27 11:58:01.232  1199  1240 I AT      : AT< OK (RIL_CMD_READER_3, tid:488544730448)
09-27 11:58:01.232  1199  1204 D RIL-DSBP: DynamicSBP-detectSBPId-0: SIM is ready, start to query IMSI
09-27 11:58:01.232  1199  1204 D RilUtils: prop vendor.gsm.ril.uicc.mccmnc, readMccMnc N/A, ret 2
09-27 11:58:01.232  1199  1204 D RIL-DSBP: DynamicSBP-detectSBPId-0: rerty to query MCC/MNC
09-27 11:58:01.232  1199  1204 D RIL-DSBP: executeDynamicSBP request timed callback executeDynamicSBP to RIL_CMD_PROXY_1
09-27 11:58:01.232  1199  1204 D RIL-DSBP: executeDynamicSBP-0: Retry it later...
09-27 11:58:01.332  1199  1204 D RIL-DSBP: executeDynamicSBP-0: executionPhase=1
09-27 11:58:01.332  1199  1204 D RIL-DSBP: DynamicSBP-detectSBPId-0: start!!
09-27 11:58:01.332  1199  1204 I RIL     : getRadioState(): radioState=10
09-27 11:58:01.332  1199  1204 I AT      : AT> AT+CPIN? (RIL_CMD_READER_3, tid:488544730448)
09-27 11:58:01.337  1199  1240 I AT      : AT< +CPIN: READY (RIL_CMD_READER_3, tid:488544730448)
09-27 11:58:01.338  1199  1240 I AT      : AT< OK (RIL_CMD_READER_3, tid:488544730448)
09-27 11:58:01.339  1199  1204 D RIL-DSBP: DynamicSBP-detectSBPId-0: SIM is ready, start to query IMSI
09-27 11:58:01.339  1199  1204 D RilUtils: prop vendor.gsm.ril.uicc.mccmnc, readMccMnc N/A, ret 2
09-27 11:58:01.339  1199  1204 D RIL-DSBP: DynamicSBP-detectSBPId-0: rerty to query MCC/MNC
09-27 11:58:01.339  1199  1204 D RIL-DSBP: executeDynamicSBP request timed callback executeDynamicSBP to RIL_CMD_PROXY_1
09-27 11:58:01.339  1199  1204 D RIL-DSBP: executeDynamicSBP-0: Retry it later...
09-27 11:58:01.440  1199  1204 D RIL-DSBP: executeDynamicSBP-0: executionPhase=1
09-27 11:58:01.440  1199  1204 D RIL-DSBP: DynamicSBP-detectSBPId-0: start!!
09-27 11:58:01.440  1199  1204 I RIL     : getRadioState(): radioState=10
09-27 11:58:01.440  1199  1204 I AT      : AT> AT+CPIN? (RIL_CMD_READER_3, tid:488544730448)
09-27 11:58:01.444  1199  1240 I AT      : AT< +CPIN: READY (RIL_CMD_READER_3, tid:488544730448)
09-27 11:58:01.444  1199  1240 I AT      : AT< OK (RIL_CMD_READER_3, tid:488544730448)
09-27 11:58:01.445  1199  1204 D RIL-DSBP: DynamicSBP-detectSBPId-0: SIM is ready, start to query IMSI
09-27 11:58:01.445  1199  1204 D RilUtils: prop vendor.gsm.ril.uicc.mccmnc, readMccMnc N/A, ret 2
09-27 11:58:01.445  1199  1204 D RIL-DSBP: DynamicSBP-detectSBPId-0: rerty to query MCC/MNC
09-27 11:58:01.445  1199  1204 D RIL-DSBP: executeDynamicSBP request timed callback executeDynamicSBP to RIL_CMD_PROXY_1
09-27 11:58:01.445  1199  1204 D RIL-DSBP: executeDynamicSBP-0: Retry it later...
09-27 11:58:01.545  1199  1204 D RIL-DSBP: executeDynamicSBP-0: executionPhase=1
09-27 11:58:01.545  1199  1204 D RIL-DSBP: DynamicSBP-detectSBPId-0: start!!
09-27 11:58:01.545  1199  1204 I RIL     : getRadioState(): radioState=10
09-27 11:58:01.545  1199  1204 I AT      : AT> AT+CPIN? (RIL_CMD_READER_3, tid:488544730448)
09-27 11:58:01.549  1199  1240 I AT      : AT< +CPIN: READY (RIL_CMD_READER_3, tid:488544730448)
09-27 11:58:01.550  1199  1240 I AT      : AT< OK (RIL_CMD_READER_3, tid:488544730448)
09-27 11:58:01.550  1199  1204 D RIL-DSBP: DynamicSBP-detectSBPId-0: SIM is ready, start to query IMSI
09-27 11:58:01.550  1199  1204 D RilUtils: prop vendor.gsm.ril.uicc.mccmnc, readMccMnc N/A, ret 2
09-27 11:58:01.550  1199  1204 D RIL-DSBP: DynamicSBP-detectSBPId-0: rerty to query MCC/MNC
09-27 11:58:01.550  1199  1204 D RIL-DSBP: executeDynamicSBP request timed callback executeDynamicSBP to RIL_CMD_PROXY_1
09-27 11:58:01.550  1199  1204 D RIL-DSBP: executeDynamicSBP-0: Retry it later...
09-27 11:58:01.633  1199  1204 I RIL     : getRadioState(): radioState=10
09-27 11:58:01.634  1199  1204 I AT      : AT> AT+CPIN? (RIL_CMD_READER_3, tid:488544730448)
09-27 11:58:01.637  1199  1240 I AT      : AT< +CPIN: READY (RIL_CMD_READER_3, tid:488544730448)
09-27 11:58:01.637  1199  1240 I AT      : AT< OK (RIL_CMD_READER_3, tid:488544730448)
09-27 11:58:01.637  1199  1204 D RilUtils: prop vendor.gsm.ril.uicc.mccmnc, readMccMnc N/A, ret 2
09-27 11:58:01.651  1199  1204 D RIL-DSBP: executeDynamicSBP-0: executionPhase=1
09-27 11:58:01.651  1199  1204 D RIL-DSBP: DynamicSBP-detectSBPId-0: start!!
09-27 11:58:01.651  1199  1204 I RIL     : getRadioState(): radioState=10
09-27 11:58:01.652  1199  1204 I AT      : AT> AT+CPIN? (RIL_CMD_READER_3, tid:488544730448)
09-27 11:58:01.655  1199  1240 I AT      : AT< +CPIN: READY (RIL_CMD_READER_3, tid:488544730448)
09-27 11:58:01.655  1199  1240 I AT      : AT< OK (RIL_CMD_READER_3, tid:488544730448)
09-27 11:58:01.655  1199  1204 D RIL-DSBP: DynamicSBP-detectSBPId-0: SIM is ready, start to query IMSI
09-27 11:58:01.655  1199  1204 D RilUtils: prop vendor.gsm.ril.uicc.mccmnc, readMccMnc N/A, ret 2
09-27 11:58:01.655  1199  1204 D RIL-DSBP: DynamicSBP-detectSBPId-0: rerty to query MCC/MNC
09-27 11:58:01.655  1199  1204 D RIL-DSBP: executeDynamicSBP request timed callback executeDynamicSBP to RIL_CMD_PROXY_1
09-27 11:58:01.655  1199  1204 D RIL-DSBP: executeDynamicSBP-0: Retry it later...
09-27 11:58:01.756  1199  1204 D RIL-DSBP: executeDynamicSBP-0: executionPhase=1
09-27 11:58:01.756  1199  1204 D RIL-DSBP: DynamicSBP-detectSBPId-0: start!!
09-27 11:58:01.756  1199  1204 I RIL     : getRadioState(): radioState=10
09-27 11:58:01.756  1199  1204 I AT      : AT> AT+CPIN? (RIL_CMD_READER_3, tid:488544730448)
09-27 11:58:01.759  1199  1240 I AT      : AT< +CPIN: READY (RIL_CMD_READER_3, tid:488544730448)
09-27 11:58:01.760  1199  1240 I AT      : AT< OK (RIL_CMD_READER_3, tid:488544730448)
09-27 11:58:01.760  1199  1204 D RIL-DSBP: DynamicSBP-detectSBPId-0: SIM is ready, start to query IMSI
09-27 11:58:01.760  1199  1204 D RilUtils: prop vendor.gsm.ril.uicc.mccmnc, readMccMnc N/A, ret 2
09-27 11:58:01.760  1199  1204 D RIL-DSBP: DynamicSBP-detectSBPId-0: rerty to query MCC/MNC
09-27 11:58:01.760  1199  1204 D RIL-DSBP: executeDynamicSBP request timed callback executeDynamicSBP to RIL_CMD_PROXY_1
09-27 11:58:01.760  1199  1204 D RIL-DSBP: executeDynamicSBP-0: Retry it later...
09-27 11:58:01.860  1199  1204 D RIL-DSBP: executeDynamicSBP-0: executionPhase=1
09-27 11:58:01.861  1199  1204 D RIL-DSBP: DynamicSBP-detectSBPId-0: start!!
09-27 11:58:01.861  1199  1204 I RIL     : getRadioState(): radioState=10
09-27 11:58:01.861  1199  1204 I AT      : AT> AT+CPIN? (RIL_CMD_READER_3, tid:488544730448)
09-27 11:58:01.864  1199  1240 I AT      : AT< +CPIN: READY (RIL_CMD_READER_3, tid:488544730448)
09-27 11:58:01.864  1199  1240 I AT      : AT< OK (RIL_CMD_READER_3, tid:488544730448)
09-27 11:58:01.865  1199  1204 D RIL-DSBP: DynamicSBP-detectSBPId-0: SIM is ready, start to query IMSI
09-27 11:58:01.865  1199  1204 D RilUtils: prop vendor.gsm.ril.uicc.mccmnc, readMccMnc N/A, ret 2
09-27 11:58:01.865  1199  1204 D RIL-DSBP: DynamicSBP-detectSBPId-0: rerty to query MCC/MNC
09-27 11:58:01.865  1199  1204 D RIL-DSBP: executeDynamicSBP request timed callback executeDynamicSBP to RIL_CMD_PROXY_1
09-27 11:58:01.865  1199  1204 D RIL-DSBP: executeDynamicSBP-0: Retry it later...
09-27 11:58:01.965  1199  1204 D RIL-DSBP: executeDynamicSBP-0: executionPhase=1
09-27 11:58:01.965  1199  1204 D RIL-DSBP: DynamicSBP-detectSBPId-0: start!!
09-27 11:58:01.965  1199  1204 I RIL     : getRadioState(): radioState=10
09-27 11:58:01.965  1199  1204 I AT      : AT> AT+CPIN? (RIL_CMD_READER_3, tid:488544730448)
09-27 11:58:01.968  1199  1240 I AT      : AT< +CPIN: READY (RIL_CMD_READER_3, tid:488544730448)
09-27 11:58:01.969  1199  1240 I AT      : AT< OK (RIL_CMD_READER_3, tid:488544730448)
09-27 11:58:01.969  1199  1204 D RIL-DSBP: DynamicSBP-detectSBPId-0: SIM is ready, start to query IMSI
09-27 11:58:01.969  1199  1204 D RilUtils: prop vendor.gsm.ril.uicc.mccmnc, readMccMnc N/A, ret 2
09-27 11:58:01.969  1199  1204 D RIL-DSBP: DynamicSBP-detectSBPId-0: rerty to query MCC/MNC
09-27 11:58:01.969  1199  1204 D RIL-DSBP: executeDynamicSBP request timed callback executeDynamicSBP to RIL_CMD_PROXY_1
09-27 11:58:01.969  1199  1204 D RIL-DSBP: executeDynamicSBP-0: Retry it later...
09-27 11:58:02.069  1199  1204 D RIL-DSBP: executeDynamicSBP-0: executionPhase=1
09-27 11:58:02.070  1199  1204 D RIL-DSBP: DynamicSBP-detectSBPId-0: start!!
09-27 11:58:02.070  1199  1204 I RIL     : getRadioState(): radioState=10
09-27 11:58:02.070  1199  1204 I AT      : AT> AT+CPIN? (RIL_CMD_READER_3, tid:488544730448)
09-27 11:58:02.073  1199  1240 I AT      : AT< +CPIN: READY (RIL_CMD_READER_3, tid:488544730448)
09-27 11:58:02.074  1199  1240 I AT      : AT< OK (RIL_CMD_READER_3, tid:488544730448)
09-27 11:58:02.074  1199  1204 D RIL-DSBP: DynamicSBP-detectSBPId-0: SIM is ready, start to query IMSI
09-27 11:58:02.074  1199  1204 D RilUtils: prop vendor.gsm.ril.uicc.mccmnc, readMccMnc N/A, ret 2
09-27 11:58:02.074  1199  1204 D RIL-DSBP: DynamicSBP-detectSBPId-0: rerty to query MCC/MNC
09-27 11:58:02.074  1199  1204 D RIL-DSBP: executeDynamicSBP request timed callback executeDynamicSBP to RIL_CMD_PROXY_1
09-27 11:58:02.074  1199  1204 D RIL-DSBP: executeDynamicSBP-0: Retry it later...
09-27 11:58:02.113  1199  1237 I AT      : AT< +ECSQ: 34,0,-307,1,1,1,1,0,32767,-1 (RIL_URC_READER, tid:0)
09-27 11:58:02.138  1199  1204 I RIL     : getRadioState(): radioState=10
09-27 11:58:02.138  1199  1204 I AT      : AT> AT+CPIN? (RIL_CMD_READER_3, tid:488544730448)
09-27 11:58:02.142  1199  1240 I AT      : AT< +CPIN: READY (RIL_CMD_READER_3, tid:488544730448)
09-27 11:58:02.142  1199  1240 I AT      : AT< OK (RIL_CMD_READER_3, tid:488544730448)
09-27 11:58:02.142  1199  1204 D RilUtils: prop vendor.gsm.ril.uicc.mccmnc, readMccMnc N/A, ret 2
09-27 11:58:02.174  1199  1204 D RIL-DSBP: executeDynamicSBP-0: executionPhase=1
09-27 11:58:02.174  1199  1204 D RIL-DSBP: DynamicSBP-detectSBPId-0: start!!
09-27 11:58:02.175  1199  1204 I RIL     : getRadioState(): radioState=10
09-27 11:58:02.175  1199  1204 I AT      : AT> AT+CPIN? (RIL_CMD_READER_3, tid:488544730448)
09-27 11:58:02.178  1199  1240 I AT      : AT< +CPIN: READY (RIL_CMD_READER_3, tid:488544730448)
09-27 11:58:02.178  1199  1240 I AT      : AT< OK (RIL_CMD_READER_3, tid:488544730448)
09-27 11:58:02.178  1199  1204 D RIL-DSBP: DynamicSBP-detectSBPId-0: SIM is ready, start to query IMSI
09-27 11:58:02.178  1199  1204 D RilUtils: prop vendor.gsm.ril.uicc.mccmnc, readMccMnc N/A, ret 2
09-27 11:58:02.178  1199  1204 D RIL-DSBP: DynamicSBP-detectSBPId-0: rerty to query MCC/MNC
09-27 11:58:02.178  1199  1204 D RIL-DSBP: executeDynamicSBP request timed callback executeDynamicSBP to RIL_CMD_PROXY_1
09-27 11:58:02.178  1199  1204 D RIL-DSBP: executeDynamicSBP-0: Retry it later...
09-27 11:58:02.279  1199  1204 D RIL-DSBP: executeDynamicSBP-0: executionPhase=1
09-27 11:58:02.279  1199  1204 D RIL-DSBP: DynamicSBP-detectSBPId-0: start!!
09-27 11:58:02.279  1199  1204 I RIL     : getRadioState(): radioState=10
09-27 11:58:02.279  1199  1204 I AT      : AT> AT+CPIN? (RIL_CMD_READER_3, tid:488544730448)
09-27 11:58:02.281  1199  1240 I AT      : AT< +CPIN: READY (RIL_CMD_READER_3, tid:488544730448)
09-27 11:58:02.282  1199  1240 I AT      : AT< OK (RIL_CMD_READER_3, tid:488544730448)
09-27 11:58:02.282  1199  1204 D RIL-DSBP: DynamicSBP-detectSBPId-0: SIM is ready, start to query IMSI
09-27 11:58:02.282  1199  1204 D RilUtils: prop vendor.gsm.ril.uicc.mccmnc, readMccMnc N/A, ret 2
09-27 11:58:02.282  1199  1204 D RIL-DSBP: DynamicSBP-detectSBPId-0: rerty to query MCC/MNC
09-27 11:58:02.282  1199  1204 D RIL-DSBP: executeDynamicSBP request timed callback executeDynamicSBP to RIL_CMD_PROXY_1
09-27 11:58:02.282  1199  1204 D RIL-DSBP: executeDynamicSBP-0: Retry it later...
09-27 11:58:02.382  1199  1204 D RIL-DSBP: executeDynamicSBP-0: executionPhase=1
09-27 11:58:02.382  1199  1204 D RIL-DSBP: DynamicSBP-detectSBPId-0: start!!
09-27 11:58:02.382  1199  1204 I RIL     : getRadioState(): radioState=10
09-27 11:58:02.382  1199  1204 I AT      : AT> AT+CPIN? (RIL_CMD_READER_3, tid:488544730448)
09-27 11:58:02.385  1199  1240 I AT      : AT< +CPIN: READY (RIL_CMD_READER_3, tid:488544730448)
09-27 11:58:02.385  1199  1240 I AT      : AT< OK (RIL_CMD_READER_3, tid:488544730448)
09-27 11:58:02.385  1199  1204 D RIL-DSBP: DynamicSBP-detectSBPId-0: SIM is ready, start to query IMSI
09-27 11:58:02.386  1199  1204 D RilUtils: prop vendor.gsm.ril.uicc.mccmnc, readMccMnc N/A, ret 2
09-27 11:58:02.386  1199  1204 D RIL-DSBP: DynamicSBP-detectSBPId-0: rerty to query MCC/MNC
09-27 11:58:02.386  1199  1204 D RIL-DSBP: executeDynamicSBP request timed callback executeDynamicSBP to RIL_CMD_PROXY_1
09-27 11:58:02.386  1199  1204 D RIL-DSBP: executeDynamicSBP-0: Retry it later...
09-27 11:58:02.486  1199  1204 D RIL-DSBP: executeDynamicSBP-0: executionPhase=1
09-27 11:58:02.486  1199  1204 D RIL-DSBP: DynamicSBP-detectSBPId-0: start!!
09-27 11:58:02.486  1199  1204 I RIL     : getRadioState(): radioState=10
09-27 11:58:02.486  1199  1204 I AT      : AT> AT+CPIN? (RIL_CMD_READER_3, tid:488544730448)
09-27 11:58:02.489  1199  1240 I AT      : AT< +CPIN: READY (RIL_CMD_READER_3, tid:488544730448)
09-27 11:58:02.490  1199  1240 I AT      : AT< OK (RIL_CMD_READER_3, tid:488544730448)
09-27 11:58:02.490  1199  1204 D RIL-DSBP: DynamicSBP-detectSBPId-0: SIM is ready, start to query IMSI
09-27 11:58:02.490  1199  1204 D RilUtils: prop vendor.gsm.ril.uicc.mccmnc, readMccMnc N/A, ret 2
09-27 11:58:02.490  1199  1204 D RIL-DSBP: DynamicSBP-detectSBPId-0: rerty to query MCC/MNC
09-27 11:58:02.490  1199  1204 D RIL-DSBP: executeDynamicSBP request timed callback executeDynamicSBP to RIL_CMD_PROXY_1
09-27 11:58:02.491  1199  1204 D RIL-DSBP: executeDynamicSBP-0: Retry it later...
09-27 11:58:02.545  1199  1237 I AT      : AT< +CREG=*** (RIL_URC_READER, tid:0)
09-27 11:58:02.545  1199  1237 D RIL-NW  : bCREGType3Support=1
09-27 11:58:02.550  1199  1237 I AT      : AT< +CGREG=*** (RIL_URC_READER, tid:0)
09-27 11:58:02.550  1199  1237 D RIL-NW  : bCREGType3Support=1
09-27 11:58:02.550  1199  1237 D RIL-NW  : onNetworkStateChanged request timed callback onPsStateChanged to RIL_CMD_PROXY_3
09-27 11:58:02.550  1199  1237 I AT      : AT< +PSBEARER: 2,0 (RIL_URC_READER, tid:0)
09-27 11:58:02.550  1199  1237 I AT      : AT< +CIEV: 3, 1 (RIL_URC_READER, tid:0)
09-27 11:58:02.550  1199  1237 E RIL     : Unhandled unsolicited result code: +CIEV: 3, 1
09-27 11:58:02.551  1199  1237 I AT      : AT< +EIMSESS: 0,0 (RIL_URC_READER, tid:0)
09-27 11:58:02.551  1199  1237 D RIL-NW  : onImsEmergencySupportR9: 0
09-27 11:58:02.551  1199  1202 I AT      : AT> AT+EOPS? (RIL_CMD_READER_1, tid:488546803024)
09-27 11:58:02.554  1310  1329 E RILC-RP : responseCsNetworkStateChangeInd: mtkRadioExService[0]->responseCsNetworkStateChangeInd == NULL
09-27 11:58:02.557  1199  1238 I AT      : AT< +EOPS: 0,2,"25099",3 (RIL_CMD_READER_1, tid:488546803024)
09-27 11:58:02.557  1199  1238 I AT      : AT< OK (RIL_CMD_READER_1, tid:488546803024)
09-27 11:58:02.557  1199  1202 D RIL-NW  : EOPS Get operator code 25099
09-27 11:58:02.557  1199  1202 D RIL-NW  : onPsStateChanged, data_reg_state:4, mcc_mnc:25099, rat:3
09-27 11:58:02.566  1800  1909 D RILJ    : Unsol response received; Sending ack to ril.cpp [SUB0]
09-27 11:58:02.567  1800  1909 D RILJ    : [UNSL]< UNSOL_RESPONSE_NETWORK_STATE_CHANGED [SUB0]
09-27 11:58:02.568  1800  2076 D NRM-C-0 : onNetworkStateChanged
09-27 11:58:02.569  1800  1800 D SST     : [0] pollState: modemTriggered=true
09-27 11:58:02.574  1800  1800 D RILJ    : [0369]> OPERATOR [SUB0]
09-27 11:58:02.576  1199  1202 I RILC-MTK: proxy id:1, proxyName: RIL_CMD_PROXY_3, OPERATOR pRI=0x71b070ff30 p=0x71b07edd80 execute on RIL_CMD_PROXY_3 using channel 1
09-27 11:58:02.576  1199  1202 I AT      : AT> AT+COPS? (RIL_CMD_READER_1, tid:488546803024)
09-27 11:58:02.578  1800  1909 D RILJ    : Unsol response received; Sending ack to ril.cpp [SUB0]
09-27 11:58:02.578  1800  1909 D RILJ    : [UNSL]< UNSOL_RESPONSE_NETWORK_STATE_CHANGED [SUB0]
09-27 11:58:02.578  1199  1238 I AT      : AT< +COPS: 0,2,"25099",3 (RIL_CMD_READER_1, tid:488546803024)
09-27 11:58:02.579  1199  1238 I AT      : AT< OK (RIL_CMD_READER_1, tid:488546803024)
09-27 11:58:02.579  1199  1202 D RIL-NW  : Get ril_nw_nitzName_mutex in the getOperatorNamesFromNumericCode
09-27 11:58:02.579  1199  1202 D RIL-NW  : getPLMNNameFromNumeric: s_mtk_spn_table longname = Beeline, shortname= Beeline
09-27 11:58:02.583  1800  2076 D RILJ    : [0371]> DATA_REGISTRATION_STATE [SUB0]
09-27 11:58:02.584  1310  1329 D RpNwSC  : [0]  OptrCache: Beeline,Beeline,25099
09-27 11:58:02.584  1310  1329 E RILC-RP : Calling responseFunction() for token 369
09-27 11:58:02.585  1800  1800 D RILJ    : [0370]> QUERY_NETWORK_SELECTION_MODE [SUB0]
09-27 11:58:02.585  1199  1202 I RILC-MTK: proxy id:1, proxyName: RIL_CMD_PROXY_3, DATA_REGISTRATION_STATE pRI=0x71b070ff60 p=0x71b0829280 execute on RIL_CMD_PROXY_3 using channel 1
09-27 11:58:02.585  1199  1202 I AT      : AT> AT+CGREG? (RIL_CMD_READER_1, tid:488546803024)
09-27 11:58:02.590  1199  1238 I AT      : AT< +CGREG=*** (RIL_CMD_READER_1, tid:488546803024)
09-27 11:58:02.590  1199  1238 I AT      : AT< OK (RIL_CMD_READER_1, tid:488546803024)
09-27 11:58:02.590  1199  1202 E RIL-NW  : The value in the field <act> is set to 0 when <stat>:4
09-27 11:58:02.590  1199  1202 D RIL-NW  : CGREG: n=3, stat=4, lac=**AA, cid=**EA, act=3, rac=1, cause_type=0, reject_cause=0
09-27 11:58:02.591  1199  1204 D RIL-DSBP: executeDynamicSBP-0: executionPhase=1
09-27 11:58:02.592  1199  1204 D RIL-DSBP: DynamicSBP-detectSBPId-0: start!!
09-27 11:58:02.592  1199  1204 I RIL     : getRadioState(): radioState=10
09-27 11:58:02.592  1199  1204 I AT      : AT> AT+CPIN? (RIL_CMD_READER_3, tid:488544730448)
09-27 11:58:02.593  1199  1202 I RILC-MTK: proxy id:1, proxyName: RIL_CMD_PROXY_3, QUERY_NETWORK_SELECTION_MODE pRI=0x71b070ff90 p=0x71b0829380 execute on RIL_CMD_PROXY_3 using channel 1
09-27 11:58:02.593  1199  1202 I AT      : AT> AT+COPS? (RIL_CMD_READER_1, tid:488546803024)
09-27 11:58:02.594  1199  1240 I AT      : AT< +CPIN: READY (RIL_CMD_READER_3, tid:488544730448)
09-27 11:58:02.595  1199  1240 I AT      : AT< OK (RIL_CMD_READER_3, tid:488544730448)
09-27 11:58:02.595  1199  1204 D RIL-DSBP: DynamicSBP-detectSBPId-0: SIM is ready, start to query IMSI
09-27 11:58:02.595  1199  1204 D RilUtils: prop vendor.gsm.ril.uicc.mccmnc, readMccMnc N/A, ret 2
09-27 11:58:02.595  1199  1204 D RIL-DSBP: DynamicSBP-detectSBPId-0: rerty to query MCC/MNC
09-27 11:58:02.595  1199  1204 D RIL-DSBP: executeDynamicSBP request timed callback executeDynamicSBP to RIL_CMD_PROXY_1
09-27 11:58:02.595  1199  1204 D RIL-DSBP: executeDynamicSBP-0: Retry it later...
09-27 11:58:02.595  1310  1329 D RpNwSC  : [0]  DataCache[GSM]: reg=4 lac=****FFFF cid=****FFFF rat=0 den=0 mdc=8
09-27 11:58:02.595  1310  1329 E RILC-RP : Calling responseFunction() for token 371
09-27 11:58:02.596  1310  1329 D RpNwPTU : [0]  SIM0 onServiceStateChanged: newSS: cs_reg=13, cs_rat=0, ps_reg=4, ps_rat=0, cdma_exist=0
09-27 11:58:02.596  1310  1329 D RpNwPTU : [0]  SIM0 Data service state changed: regState=4 radioTech=0
09-27 11:58:02.596  1310  1329 D RpCatController: [0] onServiceStateChanged: not in service
09-27 11:58:02.596  1310  1329 D RpCatController: [1] onServiceStateChanged: not in service
09-27 11:58:02.597  1199  1238 I AT      : AT< +COPS: 0,2,"25099",3 (RIL_CMD_READER_1, tid:488546803024)
09-27 11:58:02.597  1199  1238 I AT      : AT< OK (RIL_CMD_READER_1, tid:488546803024)
09-27 11:58:02.597  1310  1329 E RILC-RP : Calling responseFunction() for token 370
09-27 11:58:02.598  1800  2076 D RILJ    : [0373]> VOICE_REGISTRATION_STATE [SUB0]
09-27 11:58:02.598  1800  1909 D RILJ    : Unsol response received; Sending ack to ril.cpp [SUB0]
09-27 11:58:02.598  1800  1909 D RILJ    : [UNSL]< UNSOL_RESPONSE_NETWORK_STATE_CHANGED [SUB0]
09-27 11:58:02.599  1800  2076 D NRM-C-0 : onNetworkStateChanged
09-27 11:58:02.599  1800  2076 D NRM-C-0 : onNetworkStateChanged
09-27 11:58:02.599  1800  1800 D SST     : [0] pollState: modemTriggered=true
09-27 11:58:02.600  1800  1909 D RILJ    : [0369]< OPERATOR {Beeline, Beeline, 25099} [SUB0]
09-27 11:58:02.601  1800  1800 D RILJ    : [0374]> OPERATOR [SUB0]
09-27 11:58:02.601  1199  1202 I RILC-MTK: proxy id:1, proxyName: RIL_CMD_PROXY_3, VOICE_REGISTRATION_STATE pRI=0x71b070ffc0 p=0x71b0829500 execute on RIL_CMD_PROXY_3 using channel 1
09-27 11:58:02.601  1199  1202 I AT      : AT> AT+CREG? (RIL_CMD_READER_1, tid:488546803024)
09-27 11:58:02.604  1800  1909 D RILJ    : Unsol response received; Sending ack to ril.cpp [SUB0]
09-27 11:58:02.604  1800  1909 D RILJ    : [UNSL]< UNSOL_RESPONSE_NETWORK_STATE_CHANGED [SUB0]
09-27 11:58:02.604  1199  1238 I AT      : AT< +CREG=*** (RIL_CMD_READER_1, tid:488546803024)
09-27 11:58:02.604  1199  1238 I AT      : AT< OK (RIL_CMD_READER_1, tid:488546803024)
09-27 11:58:02.604  1199  1202 D RIL-NW  : CREG: n=3, stat=1, lac=**AA, cid=**EA, act=3, cause_type=0, reject_cause=0
09-27 11:58:02.604  1800  1800 D RILJ    : [0376]> QUERY_NETWORK_SELECTION_MODE [SUB0]
09-27 11:58:02.604  1800  1909 D RILJ    : [0371]< DATA_REGISTRATION_STATE {.base = {.regState = UNKNOWN, .rat = 0, .reasonDataDenied = 0, .maxDataCalls = 8, .cellIdentity = {.cellInfoType = NONE, .cellIdentityGsm = [], .cellIdentityWcdma = [], .cellIdentityCdma = [], .cellIdentityLte = [], .cellIdentityTdscdma = []}}, .vopsInfo = {.noinit = {}}, .nrIndicators = {.isEndcAvailable = false, .isDcNrRestricted = false, .isNrAvailable = false}} [SUB0]
09-27 11:58:02.604  1199  1202 I RILC-MTK: proxy id:1, proxyName: RIL_CMD_PROXY_3, OPERATOR pRI=0x71b070fff0 p=0x71b0829580 execute on RIL_CMD_PROXY_3 using channel 1
09-27 11:58:02.604  1199  1202 I AT      : AT> AT+COPS? (RIL_CMD_READER_1, tid:488546803024)
09-27 11:58:02.604  1800  1800 D SST     : [0] pollState: modemTriggered=true
09-27 11:58:02.605  1310  1329 D RpNwSC  : [0]  VoiceCache[GSM]: reg=1 lac=**AA cid=**EA rat=16 css=0 sid=* nid=* roam=1 css=0
09-27 11:58:02.605  1800  2107 D NRM-C-0 : onRequestNetworkRegistrationInfoComplete result: 0, info: NetworkRegistrationInfo{ domain=PS transportType=WWAN registrationState=UNKNOWN roamingType=NOT_ROAMING accessNetworkTechnology=UNKNOWN rejectCause=0 emergencyEnabled=false availableServices=[] cellIdentity=null voiceSpecificInfo=null dataSpecificInfo=android.telephony.DataSpecificRegistrationInfo :{ maxDataCalls = 8 isDcNrRestricted = false isNrAvailable = false isEnDcAvailable = false LteVopsSupportInfo :  mVopsSupport = 1 mEmcBearerSupport = 1 mIsUsingCarrierAggregation = false } nrState=NONE}
09-27 11:58:02.605  1800  1909 D RILJ    : Unsol response received; Sending ack to ril.cpp [SUB0]
09-27 11:58:02.605  1800  1909 D RILJ    : [UNSL]< UNSOL_RESPONSE_NETWORK_STATE_CHANGED [SUB0]
09-27 11:58:02.606  1310  1329 E RILC-RP : Calling responseFunction() for token 373
09-27 11:58:02.606  1800  1800 D RILJ    : [0378]> OPERATOR [SUB0]
09-27 11:58:02.606  1800  1909 D RILJ    : [0370]< QUERY_NETWORK_SELECTION_MODE {0} [SUB0]
09-27 11:58:02.606  1310  1329 D RpNwPTU : [0]  SIM0 onServiceStateChanged: newSS: cs_reg=1, cs_rat=16, ps_reg=4, ps_rat=0, cdma_exist=0
09-27 11:58:02.606  1310  1329 D RpNwPTU : [0]  SIM0 Voice service state changed: regState=1 radioTech=16
09-27 11:58:02.607  1199  1238 I AT      : AT< +COPS: 0,2,"25099",3 (RIL_CMD_READER_1, tid:488546803024)
09-27 11:58:02.607  1199  1238 I AT      : AT< OK (RIL_CMD_READER_1, tid:488546803024)
09-27 11:58:02.607  1199  1202 D RIL-NW  : Get ril_nw_nitzName_mutex in the getOperatorNamesFromNumericCode
09-27 11:58:02.607  1199  1202 D RIL-NW  : getPLMNNameFromNumeric: s_mtk_spn_table longname = Beeline, shortname= Beeline
09-27 11:58:02.608  1800  1800 D RILJ    : [0380]> QUERY_NETWORK_SELECTION_MODE [SUB0]
09-27 11:58:02.608  1800  1800 D SST     : [0] EVENT_POLL_STATE_NETWORK_SELECTION_MODE
09-27 11:58:02.609  1310  1329 D RpCatController: [0] onServiceStateChanged: not in service
09-27 11:58:02.609  1199  1202 I RILC-MTK: proxy id:1, proxyName: RIL_CMD_PROXY_3, QUERY_NETWORK_SELECTION_MODE pRI=0x71b0710020 p=0x71b0829700 execute on RIL_CMD_PROXY_3 using channel 1
09-27 11:58:02.609  1199  1202 I AT      : AT> AT+COPS? (RIL_CMD_READER_1, tid:488546803024)
09-27 11:58:02.610  1800  2107 D NRM-C-0 : onRequestNetworkRegistrationInfoComplete result: 0, info: NetworkRegistrationInfo{ domain=CS transportType=WWAN registrationState=HOME roamingType=NOT_ROAMING accessNetworkTechnology=GSM rejectCause=0 emergencyEnabled=false availableServices=[VOICE,SMS,VIDEO] cellIdentity=CellIdentityGsm:{ mLac=42922 mCid=36586 mArfcn=2147483647 mBsic=0x7fffffff mMcc=250 mMnc=99 mAlphaLong=Beeline mAlphaShort=Beeline} voiceSpecificInfo=VoiceSpecificRegistrationInfo { mCssSupported=false mRoamingIndicator=1 mSystemIsInPrl=0 mDefaultRoamingIndicator=0} dataSpecificInfo=null nrState=NONE}
09-27 11:58:02.610  1310  1329 D RpCatController: [1] onServiceStateChanged: not in service
09-27 11:58:02.611  1800  1909 D RILJ    : [0373]< VOICE_REGISTRATION_STATE {.regState = REG_HOME, .rat = 16, .cssSupported = false, .roamingIndicator = 1, .systemIsInPrl = 0, .defaultRoamingIndicator = 0, .reasonForDenial = 0, .cellIdentity = {.cellInfoType = GSM, .cellIdentityGsm = [{.base = {.mcc = 250, .mnc = 99, .lac = 42922, .cid = 36586, .arfcn = -1, .bsic = -1}, .operatorNames = {.alphaLong = Beeline, .alphaShort = Beeline}}], .cellIdentityWcdma = [], .cellIdentityCdma = [], .cellIdentityLte = [], .cellIdentityTdscdma = []}} [SUB0]
09-27 11:58:02.611  1310  1329 D RpNwSC  : [0]  OptrCache: Beeline,Beeline,25099
09-27 11:58:02.611  1310  1329 E RILC-RP : Calling responseFunction() for token 374
09-27 11:58:02.611  1800  2076 D RILJ    : [0377]> DATA_REGISTRATION_STATE [SUB0]
09-27 11:58:02.612  1800  1909 D RILJ    : [0374]< OPERATOR {Beeline, Beeline, 25099} [SUB0]
09-27 11:58:02.612  1199  1238 I AT      : AT< +COPS: 0,2,"25099",3 (RIL_CMD_READER_1, tid:488546803024)
09-27 11:58:02.612  1199  1238 I AT      : AT< OK (RIL_CMD_READER_1, tid:488546803024)
09-27 11:58:02.613  1199  1202 I RILC-MTK: proxy id:1, proxyName: RIL_CMD_PROXY_3, OPERATOR pRI=0x71b070f4b0 p=0x71b0829a80 execute on RIL_CMD_PROXY_3 using channel 1
09-27 11:58:02.613  1199  1202 I AT      : AT> AT+COPS? (RIL_CMD_READER_1, tid:488546803024)
09-27 11:58:02.613  1310  1329 E RILC-RP : Calling responseFunction() for token 376
09-27 11:58:02.613  1800  2076 D RILJ    : [0381]> VOICE_REGISTRATION_STATE [SUB0]
09-27 11:58:02.613  1800  2076 D NRM-C-0 : onNetworkStateChanged
09-27 11:58:02.613  1800  2076 D NRM-C-0 : onNetworkStateChanged
09-27 11:58:02.613  1800  1800 D SST     : [0] pollState: modemTriggered=true
09-27 11:58:02.615  1800  2076 D RILJ    : [0382]> DATA_REGISTRATION_STATE [SUB0]
09-27 11:58:02.616  1199  1238 I AT      : AT< +COPS: 0,2,"25099",3 (RIL_CMD_READER_1, tid:488546803024)
09-27 11:58:02.617  1199  1238 I AT      : AT< OK (RIL_CMD_READER_1, tid:488546803024)
09-27 11:58:02.617  1199  1202 D RIL-NW  : Get ril_nw_nitzName_mutex in the getOperatorNamesFromNumericCode
09-27 11:58:02.617  1199  1202 D RIL-NW  : getPLMNNameFromNumeric: s_mtk_spn_table longname = Beeline, shortname= Beeline
09-27 11:58:02.617  1800  2076 D RILJ    : [0384]> VOICE_REGISTRATION_STATE [SUB0]
09-27 11:58:02.618  1800  1909 D RILJ    : [0376]< QUERY_NETWORK_SELECTION_MODE {0} [SUB0]
09-27 11:58:02.618  1199  1202 I RILC-MTK: proxy id:1, proxyName: RIL_CMD_PROXY_3, QUERY_NETWORK_SELECTION_MODE pRI=0x71b070f810 p=0x71b07edd00 execute on RIL_CMD_PROXY_3 using channel 1
09-27 11:58:02.618  1199  1202 I AT      : AT> AT+COPS? (RIL_CMD_READER_1, tid:488546803024)
09-27 11:58:02.618  1310  1329 D RpNwSC  : [0]  OptrCache: Beeline,Beeline,25099
09-27 11:58:02.618  1310  1329 E RILC-RP : Calling responseFunction() for token 378
09-27 11:58:02.619  1800  1800 D RILJ    : [0383]> OPERATOR [SUB0]
09-27 11:58:02.619  1800  1909 D RILJ    : [0378]< OPERATOR {Beeline, Beeline, 25099} [SUB0]
09-27 11:58:02.620  1800  1800 D RILJ    : [0385]> QUERY_NETWORK_SELECTION_MODE [SUB0]
09-27 11:58:02.621  1800  1800 D SST     : [0] pollState: modemTriggered=true
09-27 11:58:02.621  1800  2076 D RILJ    : [0386]> DATA_REGISTRATION_STATE [SUB0]
09-27 11:58:02.622  1199  1238 I AT      : AT< +COPS: 0,2,"25099",3 (RIL_CMD_READER_1, tid:488546803024)
09-27 11:58:02.622  1199  1238 I AT      : AT< OK (RIL_CMD_READER_1, tid:488546803024)
09-27 11:58:02.622  1199  1202 I RILC-MTK: proxy id:1, proxyName: RIL_CMD_PROXY_3, DATA_REGISTRATION_STATE pRI=0x71b070f960 p=0x71b07edf00 execute on RIL_CMD_PROXY_3 using channel 1
09-27 11:58:02.622  1199  1202 I AT      : AT> AT+CGREG? (RIL_CMD_READER_1, tid:488546803024)
09-27 11:58:02.623  1310  1329 E RILC-RP : Calling responseFunction() for token 380
09-27 11:58:02.623  1800  1800 D RILJ    : [0387]> OPERATOR [SUB0]
09-27 11:58:02.623  1800  1909 D RILJ    : [0380]< QUERY_NETWORK_SELECTION_MODE {0} [SUB0]
09-27 11:58:02.625  1199  1238 I AT      : AT< +CGREG=*** (RIL_CMD_READER_1, tid:488546803024)
09-27 11:58:02.625  1199  1238 I AT      : AT< OK (RIL_CMD_READER_1, tid:488546803024)
09-27 11:58:02.625  1800  2076 D RILJ    : [0388]> VOICE_REGISTRATION_STATE [SUB0]
09-27 11:58:02.625  1199  1202 E RIL-NW  : The value in the field <act> is set to 0 when <stat>:4
09-27 11:58:02.625  1199  1202 D RIL-NW  : CGREG: n=3, stat=4, lac=**AA, cid=**EA, act=3, rac=1, cause_type=0, reject_cause=0
09-27 11:58:02.625  1199  1202 I RILC-MTK: proxy id:1, proxyName: RIL_CMD_PROXY_3, VOICE_REGISTRATION_STATE pRI=0x71b070f990 p=0x71b0829000 execute on RIL_CMD_PROXY_3 using channel 1
09-27 11:58:02.625  1199  1202 I AT      : AT> AT+CREG? (RIL_CMD_READER_1, tid:488546803024)
09-27 11:58:02.626  1310  1329 D RpNwSC  : [0]  DataCache[GSM]: reg=4 lac=****FFFF cid=****FFFF rat=0 den=0 mdc=8
09-27 11:58:02.626  1310  1329 E RILC-RP : Calling responseFunction() for token 377
09-27 11:58:02.627  1800  1800 D RILJ    : [0389]> QUERY_NETWORK_SELECTION_MODE [SUB0]
09-27 11:58:02.627  1800  1800 D SST     : [0] EVENT_POLL_STATE_NETWORK_SELECTION_MODE
09-27 11:58:02.628  1800  1800 D SST     : [0] EVENT_POLL_STATE_NETWORK_SELECTION_MODE
09-27 11:58:02.628  1800  1909 D RILJ    : [0377]< DATA_REGISTRATION_STATE {.base = {.regState = UNKNOWN, .rat = 0, .reasonDataDenied = 0, .maxDataCalls = 8, .cellIdentity = {.cellInfoType = NONE, .cellIdentityGsm = [], .cellIdentityWcdma = [], .cellIdentityCdma = [], .cellIdentityLte = [], .cellIdentityTdscdma = []}}, .vopsInfo = {.noinit = {}}, .nrIndicators = {.isEndcAvailable = false, .isDcNrRestricted = false, .isNrAvailable = false}} [SUB0]
09-27 11:58:02.628  1800  2107 D NRM-C-0 : onRequestNetworkRegistrationInfoComplete result: 0, info: NetworkRegistrationInfo{ domain=PS transportType=WWAN registrationState=UNKNOWN roamingType=NOT_ROAMING accessNetworkTechnology=UNKNOWN rejectCause=0 emergencyEnabled=false availableServices=[] cellIdentity=null voiceSpecificInfo=null dataSpecificInfo=android.telephony.DataSpecificRegistrationInfo :{ maxDataCalls = 8 isDcNrRestricted = false isNrAvailable = false isEnDcAvailable = false LteVopsSupportInfo :  mVopsSupport = 1 mEmcBearerSupport = 1 mIsUsingCarrierAggregation = false } nrState=NONE}
09-27 11:58:02.628  1199  1238 I AT      : AT< +CREG=*** (RIL_CMD_READER_1, tid:488546803024)
09-27 11:58:02.629  1199  1238 I AT      : AT< OK (RIL_CMD_READER_1, tid:488546803024)
09-27 11:58:02.629  1199  1202 D RIL-NW  : CREG: n=3, stat=1, lac=**AA, cid=**EA, act=3, cause_type=0, reject_cause=0
09-27 11:58:02.629  1199  1202 I RILC-MTK: proxy id:1, proxyName: RIL_CMD_PROXY_3, DATA_REGISTRATION_STATE pRI=0x71b070fba0 p=0x71b0829400 execute on RIL_CMD_PROXY_3 using channel 1
09-27 11:58:02.629  1199  1202 I AT      : AT> AT+CGREG? (RIL_CMD_READER_1, tid:488546803024)
09-27 11:58:02.629  1310  1329 D RpNwSC  : [0]  VoiceCache[GSM]: reg=1 lac=**AA cid=**EA rat=16 css=0 sid=* nid=* roam=1 css=0
09-27 11:58:02.629  1310  1329 E RILC-RP : Calling responseFunction() for token 381
09-27 11:58:02.630  1800  2076 D RILJ    : [0390]> DATA_REGISTRATION_STATE [SUB0]
09-27 11:58:02.630  1800  1909 D RILJ    : [0381]< VOICE_REGISTRATION_STATE {.regState = REG_HOME, .rat = 16, .cssSupported = false, .roamingIndicator = 1, .systemIsInPrl = 0, .defaultRoamingIndicator = 0, .reasonForDenial = 0, .cellIdentity = {.cellInfoType = GSM, .cellIdentityGsm = [{.base = {.mcc = 250, .mnc = 99, .lac = 42922, .cid = 36586, .arfcn = -1, .bsic = -1}, .operatorNames = {.alphaLong = Beeline, .alphaShort = Beeline}}], .cellIdentityWcdma = [], .cellIdentityCdma = [], .cellIdentityLte = [], .cellIdentityTdscdma = []}} [SUB0]
09-27 11:58:02.630  1800  2107 D NRM-C-0 : onRequestNetworkRegistrationInfoComplete result: 0, info: NetworkRegistrationInfo{ domain=CS transportType=WWAN registrationState=HOME roamingType=NOT_ROAMING accessNetworkTechnology=GSM rejectCause=0 emergencyEnabled=false availableServices=[VOICE,SMS,VIDEO] cellIdentity=CellIdentityGsm:{ mLac=42922 mCid=36586 mArfcn=2147483647 mBsic=0x7fffffff mMcc=250 mMnc=99 mAlphaLong=Beeline mAlphaShort=Beeline} voiceSpecificInfo=VoiceSpecificRegistrationInfo { mCssSupported=false mRoamingIndicator=1 mSystemIsInPrl=0 mDefaultRoamingIndicator=0} dataSpecificInfo=null nrState=NONE}
09-27 11:58:02.631  1199  1238 I AT      : AT< +CGREG=*** (RIL_CMD_READER_1, tid:488546803024)
09-27 11:58:02.631  1800  2076 D RILJ    : [0391]> VOICE_REGISTRATION_STATE [SUB0]
09-27 11:58:02.631  1199  1238 I AT      : AT< OK (RIL_CMD_READER_1, tid:488546803024)
09-27 11:58:02.631  1199  1202 E RIL-NW  : The value in the field <act> is set to 0 when <stat>:4
09-27 11:58:02.631  1199  1202 D RIL-NW  : CGREG: n=3, stat=4, lac=**AA, cid=**EA, act=3, rac=1, cause_type=0, reject_cause=0
09-27 11:58:02.632  1199  1202 I RILC-MTK: proxy id:1, proxyName: RIL_CMD_PROXY_3, VOICE_REGISTRATION_STATE pRI=0x71b070fd80 p=0x71b0829b00 execute on RIL_CMD_PROXY_3 using channel 1
09-27 11:58:02.632  1199  1202 I AT      : AT> AT+CREG? (RIL_CMD_READER_1, tid:488546803024)
09-27 11:58:02.632  1310  1329 D RpNwSC  : [0]  DataCache[GSM]: reg=4 lac=****FFFF cid=****FFFF rat=0 den=0 mdc=8
09-27 11:58:02.632  1310  1329 E RILC-RP : Calling responseFunction() for token 382
09-27 11:58:02.633  1800  2107 D NRM-C-0 : onRequestNetworkRegistrationInfoComplete result: 0, info: NetworkRegistrationInfo{ domain=PS transportType=WWAN registrationState=UNKNOWN roamingType=NOT_ROAMING accessNetworkTechnology=UNKNOWN rejectCause=0 emergencyEnabled=false availableServices=[] cellIdentity=null voiceSpecificInfo=null dataSpecificInfo=android.telephony.DataSpecificRegistrationInfo :{ maxDataCalls = 8 isDcNrRestricted = false isNrAvailable = false isEnDcAvailable = false LteVopsSupportInfo :  mVopsSupport = 1 mEmcBearerSupport = 1 mIsUsingCarrierAggregation = false } nrState=NONE}
09-27 11:58:02.634  1800  1909 D RILJ    : [0382]< DATA_REGISTRATION_STATE {.base = {.regState = UNKNOWN, .rat = 0, .reasonDataDenied = 0, .maxDataCalls = 8, .cellIdentity = {.cellInfoType = NONE, .cellIdentityGsm = [], .cellIdentityWcdma = [], .cellIdentityCdma = [], .cellIdentityLte = [], .cellIdentityTdscdma = []}}, .vopsInfo = {.noinit = {}}, .nrIndicators = {.isEndcAvailable = false, .isDcNrRestricted = false, .isNrAvailable = false}} [SUB0]
09-27 11:58:02.634  1199  1238 I AT      : AT< +CREG=*** (RIL_CMD_READER_1, tid:488546803024)
09-27 11:58:02.634  1199  1238 I AT      : AT< OK (RIL_CMD_READER_1, tid:488546803024)
09-27 11:58:02.634  1199  1202 D RIL-NW  : CREG: n=3, stat=1, lac=**AA, cid=**EA, act=3, cause_type=0, reject_cause=0
09-27 11:58:02.634  1199  1202 I RILC-MTK: proxy id:1, proxyName: RIL_CMD_PROXY_3, OPERATOR pRI=0x71b070ff30 p=0x71b0829d80 execute on RIL_CMD_PROXY_3 using channel 1
09-27 11:58:02.634  1199  1202 I AT      : AT> AT+COPS? (RIL_CMD_READER_1, tid:488546803024)
09-27 11:58:02.634  1310  1329 D RpNwSC  : [0]  VoiceCache[GSM]: reg=1 lac=**AA cid=**EA rat=16 css=0 sid=* nid=* roam=1 css=0
09-27 11:58:02.635  1310  1329 E RILC-RP : Calling responseFunction() for token 384
09-27 11:58:02.635  1800  1909 D RILJ    : [0384]< VOICE_REGISTRATION_STATE {.regState = REG_HOME, .rat = 16, .cssSupported = false, .roamingIndicator = 1, .systemIsInPrl = 0, .defaultRoamingIndicator = 0, .reasonForDenial = 0, .cellIdentity = {.cellInfoType = GSM, .cellIdentityGsm = [{.base = {.mcc = 250, .mnc = 99, .lac = 42922, .cid = 36586, .arfcn = -1, .bsic = -1}, .operatorNames = {.alphaLong = Beeline, .alphaShort = Beeline}}], .cellIdentityWcdma = [], .cellIdentityCdma = [], .cellIdentityLte = [], .cellIdentityTdscdma = []}} [SUB0]
09-27 11:58:02.635  1800  2107 D NRM-C-0 : onRequestNetworkRegistrationInfoComplete result: 0, info: NetworkRegistrationInfo{ domain=CS transportType=WWAN registrationState=HOME roamingType=NOT_ROAMING accessNetworkTechnology=GSM rejectCause=0 emergencyEnabled=false availableServices=[VOICE,SMS,VIDEO] cellIdentity=CellIdentityGsm:{ mLac=42922 mCid=36586 mArfcn=2147483647 mBsic=0x7fffffff mMcc=250 mMnc=99 mAlphaLong=Beeline mAlphaShort=Beeline} voiceSpecificInfo=VoiceSpecificRegistrationInfo { mCssSupported=false mRoamingIndicator=1 mSystemIsInPrl=0 mDefaultRoamingIndicator=0} dataSpecificInfo=null nrState=NONE}
09-27 11:58:02.636  1199  1238 I AT      : AT< +COPS: 0,2,"25099",3 (RIL_CMD_READER_1, tid:488546803024)
09-27 11:58:02.636  1199  1238 I AT      : AT< OK (RIL_CMD_READER_1, tid:488546803024)
09-27 11:58:02.636  1199  1202 D RIL-NW  : Get ril_nw_nitzName_mutex in the getOperatorNamesFromNumericCode
09-27 11:58:02.636  1199  1202 D RIL-NW  : getPLMNNameFromNumeric: s_mtk_spn_table longname = Beeline, shortname= Beeline
09-27 11:58:02.637  1199  1202 I RILC-MTK: proxy id:1, proxyName: RIL_CMD_PROXY_3, QUERY_NETWORK_SELECTION_MODE pRI=0x71b070ff60 p=0x71b0829e00 execute on RIL_CMD_PROXY_3 using channel 1
09-27 11:58:02.637  1199  1202 I AT      : AT> AT+COPS? (RIL_CMD_READER_1, tid:488546803024)
09-27 11:58:02.638  1310  1329 D RpNwSC  : [0]  OptrCache: Beeline,Beeline,25099
09-27 11:58:02.638  1310  1329 E RILC-RP : Calling responseFunction() for token 383
09-27 11:58:02.638  1800  1909 D RILJ    : [0383]< OPERATOR {Beeline, Beeline, 25099} [SUB0]
09-27 11:58:02.639  1199  1238 I AT      : AT< +COPS: 0,2,"25099",3 (RIL_CMD_READER_1, tid:488546803024)
09-27 11:58:02.639  1199  1238 I AT      : AT< OK (RIL_CMD_READER_1, tid:488546803024)
09-27 11:58:02.639  1199  1202 I RILC-MTK: proxy id:1, proxyName: RIL_CMD_PROXY_3, DATA_REGISTRATION_STATE pRI=0x71b0710050 p=0x71b0831000 execute on RIL_CMD_PROXY_3 using channel 1
09-27 11:58:02.639  1199  1202 I AT      : AT> AT+CGREG? (RIL_CMD_READER_1, tid:488546803024)
09-27 11:58:02.639  1310  1329 E RILC-RP : Calling responseFunction() for token 385
09-27 11:58:02.640  1800  1909 D RILJ    : [0385]< QUERY_NETWORK_SELECTION_MODE {0} [SUB0]
09-27 11:58:02.640  1800  1800 D SST     : [0] EVENT_POLL_STATE_NETWORK_SELECTION_MODE
09-27 11:58:02.641  1199  1238 I AT      : AT< +CGREG=*** (RIL_CMD_READER_1, tid:488546803024)
09-27 11:58:02.641  1199  1238 I AT      : AT< OK (RIL_CMD_READER_1, tid:488546803024)
09-27 11:58:02.641  1199  1202 E RIL-NW  : The value in the field <act> is set to 0 when <stat>:4
09-27 11:58:02.642  1199  1202 D RIL-NW  : CGREG: n=3, stat=4, lac=**AA, cid=**EA, act=3, rac=1, cause_type=0, reject_cause=0
09-27 11:58:02.642  1199  1202 I RILC-MTK: proxy id:1, proxyName: RIL_CMD_PROXY_3, OPERATOR pRI=0x71b0710080 p=0x71b07edd80 execute on RIL_CMD_PROXY_3 using channel 1
09-27 11:58:02.642  1199  1202 I AT      : AT> AT+COPS? (RIL_CMD_READER_1, tid:488546803024)
09-27 11:58:02.642  1199  1204 I RIL     : getRadioState(): radioState=10
09-27 11:58:02.642  1310  1329 D RpNwSC  : [0]  DataCache[GSM]: reg=4 lac=****FFFF cid=****FFFF rat=0 den=0 mdc=8
09-27 11:58:02.642  1199  1204 I AT      : AT> AT+CPIN? (RIL_CMD_READER_3, tid:488544730448)
09-27 11:58:02.643  1310  1329 E RILC-RP : Calling responseFunction() for token 386
09-27 11:58:02.644  1199  1238 I AT      : AT< +COPS: 0,2,"25099",3 (RIL_CMD_READER_1, tid:488546803024)
09-27 11:58:02.644  1800  2107 D NRM-C-0 : onRequestNetworkRegistrationInfoComplete result: 0, info: NetworkRegistrationInfo{ domain=PS transportType=WWAN registrationState=UNKNOWN roamingType=NOT_ROAMING accessNetworkTechnology=UNKNOWN rejectCause=0 emergencyEnabled=false availableServices=[] cellIdentity=null voiceSpecificInfo=null dataSpecificInfo=android.telephony.DataSpecificRegistrationInfo :{ maxDataCalls = 8 isDcNrRestricted = false isNrAvailable = false isEnDcAvailable = false LteVopsSupportInfo :  mVopsSupport = 1 mEmcBearerSupport = 1 mIsUsingCarrierAggregation = false } nrState=NONE}
09-27 11:58:02.644  1800  1909 D RILJ    : [0386]< DATA_REGISTRATION_STATE {.base = {.regState = UNKNOWN, .rat = 0, .reasonDataDenied = 0, .maxDataCalls = 8, .cellIdentity = {.cellInfoType = NONE, .cellIdentityGsm = [], .cellIdentityWcdma = [], .cellIdentityCdma = [], .cellIdentityLte = [], .cellIdentityTdscdma = []}}, .vopsInfo = {.noinit = {}}, .nrIndicators = {.isEndcAvailable = false, .isDcNrRestricted = false, .isNrAvailable = false}} [SUB0]
09-27 11:58:02.644  1199  1238 I AT      : AT< OK (RIL_CMD_READER_1, tid:488546803024)
09-27 11:58:02.644  1199  1202 D RIL-NW  : Get ril_nw_nitzName_mutex in the getOperatorNamesFromNumericCode
09-27 11:58:02.644  1199  1202 D RIL-NW  : getPLMNNameFromNumeric: s_mtk_spn_table longname = Beeline, shortname= Beeline
09-27 11:58:02.645  1199  1202 I RILC-MTK: proxy id:1, proxyName: RIL_CMD_PROXY_3, VOICE_REGISTRATION_STATE pRI=0x71b07100b0 p=0x71b0829080 execute on RIL_CMD_PROXY_3 using channel 1
09-27 11:58:02.645  1199  1202 I AT      : AT> AT+CREG? (RIL_CMD_READER_1, tid:488546803024)
09-27 11:58:02.645  1310  1329 D RpNwSC  : [0]  OptrCache: Beeline,Beeline,25099
09-27 11:58:02.645  1310  1329 E RILC-RP : Calling responseFunction() for token 387
09-27 11:58:02.646  1800  1909 D RILJ    : [0387]< OPERATOR {Beeline, Beeline, 25099} [SUB0]
09-27 11:58:02.646  1199  1240 I AT      : AT< +CPIN: READY (RIL_CMD_READER_3, tid:488544730448)
09-27 11:58:02.646  1199  1240 I AT      : AT< OK (RIL_CMD_READER_3, tid:488544730448)
09-27 11:58:02.646  1199  1204 D RilUtils: prop vendor.gsm.ril.uicc.mccmnc, readMccMnc N/A, ret 2
09-27 11:58:02.647  1199  1238 I AT      : AT< +CREG=*** (RIL_CMD_READER_1, tid:488546803024)
09-27 11:58:02.647  1199  1238 I AT      : AT< OK (RIL_CMD_READER_1, tid:488546803024)
09-27 11:58:02.647  1199  1202 D RIL-NW  : CREG: n=3, stat=1, lac=**AA, cid=**EA, act=3, cause_type=0, reject_cause=0
09-27 11:58:02.647  1199  1202 I RILC-MTK: proxy id:1, proxyName: RIL_CMD_PROXY_3, QUERY_NETWORK_SELECTION_MODE pRI=0x71b07100e0 p=0x71b0829280 execute on RIL_CMD_PROXY_3 using channel 1
09-27 11:58:02.647  1199  1202 I AT      : AT> AT+COPS? (RIL_CMD_READER_1, tid:488546803024)
09-27 11:58:02.648  1310  1329 D RpNwSC  : [0]  VoiceCache[GSM]: reg=1 lac=**AA cid=**EA rat=16 css=0 sid=* nid=* roam=1 css=0
09-27 11:58:02.648  1310  1329 E RILC-RP : Calling responseFunction() for token 388
09-27 11:58:02.649  1800  1909 D RILJ    : [0388]< VOICE_REGISTRATION_STATE {.regState = REG_HOME, .rat = 16, .cssSupported = false, .roamingIndicator = 1, .systemIsInPrl = 0, .defaultRoamingIndicator = 0, .reasonForDenial = 0, .cellIdentity = {.cellInfoType = GSM, .cellIdentityGsm = [{.base = {.mcc = 250, .mnc = 99, .lac = 42922, .cid = 36586, .arfcn = -1, .bsic = -1}, .operatorNames = {.alphaLong = Beeline, .alphaShort = Beeline}}], .cellIdentityWcdma = [], .cellIdentityCdma = [], .cellIdentityLte = [], .cellIdentityTdscdma = []}} [SUB0]
09-27 11:58:02.649  1800  2107 D NRM-C-0 : onRequestNetworkRegistrationInfoComplete result: 0, info: NetworkRegistrationInfo{ domain=CS transportType=WWAN registrationState=HOME roamingType=NOT_ROAMING accessNetworkTechnology=GSM rejectCause=0 emergencyEnabled=false availableServices=[VOICE,SMS,VIDEO] cellIdentity=CellIdentityGsm:{ mLac=42922 mCid=36586 mArfcn=2147483647 mBsic=0x7fffffff mMcc=250 mMnc=99 mAlphaLong=Beeline mAlphaShort=Beeline} voiceSpecificInfo=VoiceSpecificRegistrationInfo { mCssSupported=false mRoamingIndicator=1 mSystemIsInPrl=0 mDefaultRoamingIndicator=0} dataSpecificInfo=null nrState=NONE}
09-27 11:58:02.650  1199  1238 I AT      : AT< +COPS: 0,2,"25099",3 (RIL_CMD_READER_1, tid:488546803024)
09-27 11:58:02.650  1199  1238 I AT      : AT< OK (RIL_CMD_READER_1, tid:488546803024)
09-27 11:58:02.650  1199  1202 I RILC-MTK: proxy id:1, proxyName: RIL_CMD_PROXY_3, DATA_REGISTRATION_STATE pRI=0x71b070fdb0 p=0x71b0829380 execute on RIL_CMD_PROXY_3 using channel 1
09-27 11:58:02.650  1199  1202 I AT      : AT> AT+CGREG? (RIL_CMD_READER_1, tid:488546803024)
09-27 11:58:02.650  1310  1329 E RILC-RP : Calling responseFunction() for token 389
09-27 11:58:02.651  1800  1909 D RILJ    : [0389]< QUERY_NETWORK_SELECTION_MODE {0} [SUB0]
09-27 11:58:02.651  1800  1800 D SST     : [0] EVENT_POLL_STATE_NETWORK_SELECTION_MODE
09-27 11:58:02.652  1199  1238 I AT      : AT< +CGREG=*** (RIL_CMD_READER_1, tid:488546803024)
09-27 11:58:02.652  1199  1238 I AT      : AT< OK (RIL_CMD_READER_1, tid:488546803024)
09-27 11:58:02.652  1199  1202 E RIL-NW  : The value in the field <act> is set to 0 when <stat>:4
09-27 11:58:02.652  1199  1202 D RIL-NW  : CGREG: n=3, stat=4, lac=**AA, cid=**EA, act=3, rac=1, cause_type=0, reject_cause=0
09-27 11:58:02.652  1199  1202 I RILC-MTK: proxy id:1, proxyName: RIL_CMD_PROXY_3, VOICE_REGISTRATION_STATE pRI=0x71b070fea0 p=0x71b0831080 execute on RIL_CMD_PROXY_3 using channel 1
09-27 11:58:02.652  1199  1202 I AT      : AT> AT+CREG? (RIL_CMD_READER_1, tid:488546803024)
09-27 11:58:02.652  1310  1329 D RpNwSC  : [0]  DataCache[GSM]: reg=4 lac=****FFFF cid=****FFFF rat=0 den=0 mdc=8
09-27 11:58:02.653  1310  1329 E RILC-RP : Calling responseFunction() for token 390
09-27 11:58:02.653  1800  2107 D NRM-C-0 : onRequestNetworkRegistrationInfoComplete result: 0, info: NetworkRegistrationInfo{ domain=PS transportType=WWAN registrationState=UNKNOWN roamingType=NOT_ROAMING accessNetworkTechnology=UNKNOWN rejectCause=0 emergencyEnabled=false availableServices=[] cellIdentity=null voiceSpecificInfo=null dataSpecificInfo=android.telephony.DataSpecificRegistrationInfo :{ maxDataCalls = 8 isDcNrRestricted = false isNrAvailable = false isEnDcAvailable = false LteVopsSupportInfo :  mVopsSupport = 1 mEmcBearerSupport = 1 mIsUsingCarrierAggregation = false } nrState=NONE}
09-27 11:58:02.653  1800  1909 D RILJ    : [0390]< DATA_REGISTRATION_STATE {.base = {.regState = UNKNOWN, .rat = 0, .reasonDataDenied = 0, .maxDataCalls = 8, .cellIdentity = {.cellInfoType = NONE, .cellIdentityGsm = [], .cellIdentityWcdma = [], .cellIdentityCdma = [], .cellIdentityLte = [], .cellIdentityTdscdma = []}}, .vopsInfo = {.noinit = {}}, .nrIndicators = {.isEndcAvailable = false, .isDcNrRestricted = false, .isNrAvailable = false}} [SUB0]
09-27 11:58:02.653  1800  1800 D SST     : [0] handlePollStateResultMessage: PS cellular. NetworkRegistrationInfo{ domain=PS transportType=WWAN registrationState=UNKNOWN roamingType=NOT_ROAMING accessNetworkTechnology=UNKNOWN rejectCause=0 emergencyEnabled=false availableServices=[] cellIdentity=null voiceSpecificInfo=null dataSpecificInfo=android.telephony.DataSpecificRegistrationInfo :{ maxDataCalls = 8 isDcNrRestricted = false isNrAvailable = false isEnDcAvailable = false LteVopsSupportInfo :  mVopsSupport = 1 mEmcBearerSupport = 1 mIsUsingCarrierAggregation = false } nrState=NONE}
09-27 11:58:02.654  1800  1800 D SST     : [0] Could not set ServiceState channel number. CellIdentity null
09-27 11:58:02.654  1199  1238 I AT      : AT< +CREG=*** (RIL_CMD_READER_1, tid:488546803024)
09-27 11:58:02.654  1199  1238 I AT      : AT< OK (RIL_CMD_READER_1, tid:488546803024)
09-27 11:58:02.654  1199  1202 D RIL-NW  : CREG: n=3, stat=1, lac=**AA, cid=**EA, act=3, cause_type=0, reject_cause=0
09-27 11:58:02.655  1310  1329 D RpNwSC  : [0]  VoiceCache[GSM]: reg=1 lac=**AA cid=**EA rat=16 css=0 sid=* nid=* roam=1 css=0
09-27 11:58:02.655  1310  1329 E RILC-RP : Calling responseFunction() for token 391
09-27 11:58:02.655  1800  2107 D NRM-C-0 : onRequestNetworkRegistrationInfoComplete result: 0, info: NetworkRegistrationInfo{ domain=CS transportType=WWAN registrationState=HOME roamingType=NOT_ROAMING accessNetworkTechnology=GSM rejectCause=0 emergencyEnabled=false availableServices=[VOICE,SMS,VIDEO] cellIdentity=CellIdentityGsm:{ mLac=42922 mCid=36586 mArfcn=2147483647 mBsic=0x7fffffff mMcc=250 mMnc=99 mAlphaLong=Beeline mAlphaShort=Beeline} voiceSpecificInfo=VoiceSpecificRegistrationInfo { mCssSupported=false mRoamingIndicator=1 mSystemIsInPrl=0 mDefaultRoamingIndicator=0} dataSpecificInfo=null nrState=NONE}
09-27 11:58:02.655  1800  1909 D RILJ    : [0391]< VOICE_REGISTRATION_STATE {.regState = REG_HOME, .rat = 16, .cssSupported = false, .roamingIndicator = 1, .systemIsInPrl = 0, .defaultRoamingIndicator = 0, .reasonForDenial = 0, .cellIdentity = {.cellInfoType = GSM, .cellIdentityGsm = [{.base = {.mcc = 250, .mnc = 99, .lac = 42922, .cid = 36586, .arfcn = -1, .bsic = -1}, .operatorNames = {.alphaLong = Beeline, .alphaShort = Beeline}}], .cellIdentityWcdma = [], .cellIdentityCdma = [], .cellIdentityLte = [], .cellIdentityTdscdma = []}} [SUB0]
09-27 11:58:02.656  1800  1800 D SST     : [0] handlePollStateResultMessage: CS cellular. NetworkRegistrationInfo{ domain=CS transportType=WWAN registrationState=HOME roamingType=NOT_ROAMING accessNetworkTechnology=GSM rejectCause=0 emergencyEnabled=false availableServices=[VOICE,SMS,VIDEO] cellIdentity=CellIdentityGsm:{ mLac=42922 mCid=36586 mArfcn=2147483647 mBsic=0x7fffffff mMcc=250 mMnc=99 mAlphaLong=Beeline mAlphaShort=Beeline} voiceSpecificInfo=VoiceSpecificRegistrationInfo { mCssSupported=false mRoamingIndicator=1 mSystemIsInPrl=0 mDefaultRoamingIndicator=0} dataSpecificInfo=null nrState=NONE}
09-27 11:58:02.656  1800  1800 D SST     : [0] combinePsRegistrationStates: {mVoiceRegState=0(IN_SERVICE), mDataRegState=1(OUT_OF_SERVICE), mChannelNumber=2147483647, duplexMode()=0, mCellBandwidths=[], mVoiceOperatorAlphaLong=Beeline, mVoiceOperatorAlphaShort=Beeline, mDataOperatorAlphaLong=Beeline, mDataOperatorAlphaShort=Beeline, isManualNetworkSelection=false(automatic), getRilVoiceRadioTechnology=16(GSM), getRilDataRadioTechnology=0(Unknown), mCssIndicator=unsupported, mNetworkId=-1, mSystemId=-1, mCdmaRoamingIndicator=-1, mCdmaDefaultRoamingIndicator=-1, mIsEmergencyOnly=false, isUsingCarrierAggregation=false, mLteEarfcnRsrpBoost=0, mNetworkRegistrationInfos=[NetworkRegistrationInfo{ domain=PS transportType=WWAN registrationState=UNKNOWN roamingType=NOT_ROAMING accessNetworkTechnology=UNKNOWN rejectCause=0 emergencyEnabled=false availableServices=[] cellIdentity=null voiceSpecificInfo=null dataSpecificInfo=android.telephony.DataSpecificRegistrationInfo :{ maxDataCalls = 8 isDcNrRestricted = false isNrAvailable = false isEnDcAvailable = false LteVopsSupportInfo :  mVopsSupport = 1 mEmcBearerSupport = 1 mIsUsingCarrierAggregation = false } nrState=NONE}, NetworkRegistrationInfo{ domain=CS transportType=WWAN registrationState=HOME roamingType=NOT_ROAMING accessNetworkTechnology=GSM rejectCause=0 emergencyEnabled=false availableServices=[VOICE,SMS,VIDEO] cellIdentity=CellIdentityGsm:{ mLac=42922 mCid=36586 mArfcn=2147483647 mBsic=0x7fffffff mMcc=250 mMnc=99 mAlphaLong=Beeline mAlphaShort=Beeline} voiceSpecificInfo=VoiceSpecificRegistrationInfo { mCssSupported=false mRoamingIndicator=1 mSystemIsInPrl=0 mDefaultRoamingIndicator=0} dataSpecificInfo=null nrState=NONE}], mNrFrequencyRange=-1, mOperatorAlphaLongRaw=Beeline, mOperatorAlphaShortRaw=Beeline, mIsIwlanPreferred=false}
09-27 11:58:02.658  1800  1800 D SST     : [0] Poll ServiceState done:  oldSS=[{mVoiceRegState=1(OUT_OF_SERVICE), mDataRegState=1(OUT_OF_SERVICE), mChannelNumber=-1, duplexMode()=0, mCellBandwidths=[], mVoiceOperatorAlphaLong=, mVoiceOperatorAlphaShort=, mDataOperatorAlphaLong=, mDataOperatorAlphaShort=, isManualNetworkSelection=false(automatic), getRilVoiceRadioTechnology=0(Unknown), getRilDataRadioTechnology=0(Unknown), mCssIndicator=unsupported, mNetworkId=-1, mSystemId=-1, mCdmaRoamingIndicator=-1, mCdmaDefaultRoamingIndicator=-1, mIsEmergencyOnly=true, isUsingCarrierAggregation=false, mLteEarfcnRsrpBoost=0, mNetworkRegistrationInfos=[NetworkRegistrationInfo{ domain=CS transportType=WWAN registrationState=DENIED roamingType=NOT_ROAMING accessNetworkTechnology=UNKNOWN rejectCause=0 emergencyEnabled=true availableServices=[EMERGENCY] cellIdentity=null voiceSpecificInfo=VoiceSpecificRegistrationInfo { mCssSupported=false mRoamingIndicator=1 mSystemIsInPrl=0 mDefaultRoamingIndicator=0} dataSpecificInfo=null nrState=NONE}, NetworkRegistrationInfo{ domain=PS transportType=WWAN registrationState=DENIED roamingType=NOT_ROAMING accessNetworkTechnology=UNKNOWN rejectCause=11 emergencyEnabled=false availableServices=[] cellIdentity=null voiceSpecificInfo=null dataSpecificInfo=android.telephony.DataSpecificRegistrationInfo :{ maxDataCalls = 8 isDcNrRestricted = false isNrAvailable = false isEnDcAvailable = false LteVopsSupportInfo :  mVopsSupport = 1 mEmcBearerSupport = 1 mIsUsingCarrierAggregation = false } nrState=NONE}], mNrFrequencyRange=-1, mOperatorAlphaLongRaw=, mOperatorAlphaShortRaw=, mIsIwlanPreferred=false}] newSS=[{mVoiceRegState=0(IN_SERVICE), mDataRegState=1(OUT_OF_SERVICE), mChannelNumber=2147483647, duplexMode()=0, mCellBandwidths=[], mVoiceOperatorAlphaLong=Beeline, mVoiceOperatorAlphaShort=Beeline, mDataOperatorAlphaLong=Beeline, mDataOperatorAlphaShort=Beeline, isManualNetworkSelection=false(automatic), getRilVoiceRadioTechnology=16(GSM), getRilDataRadioTechnology=0(Unknown), mCssIndicator=unsupported, mNetworkId=-1, mSystemId=-1, mCdmaRoamingIndicator=-1, mCdmaDefaultRoamingIndicator=-1, mIsEmergencyOnly=false, isUsingCarrierAggregation=false, mLteEarfcnRsrpBoost=0, mNetworkRegistrationInfos=[NetworkRegistrationInfo{ domain=CS transportType=WWAN registrationState=HOME roamingType=NOT_ROAMING accessNetworkTechnology=GSM rejectCause=0 emergencyEnabled=false availableServices=[VOICE,SMS,VIDEO] cellIdentity=CellIdentityGsm:{ mLac=42922 mCid=36586 mArfcn=2147483647 mBsic=0x7fffffff mMcc=250 mMnc=99 mAlphaLong=Beeline mAlphaShort=Beeline} voiceSpecificInfo=VoiceSpecificRegistrationInfo { mCssSupported=false mRoamingIndicator=1 mSystemIsInPrl=0 mDefaultRoamingIndicator=0} dataSpecificInfo=null nrState=NONE}, NetworkRegistrationInfo{ domain=PS transportType=WWAN registrationState=UNKNOWN roamingType=NOT_ROAMING accessNetworkTechnology=UNKNOWN rejectCause=0 emergencyEnabled=false availableServices=[] cellIdentity=null voiceSpecificInfo=null dataSpecificInfo=android.telephony.DataSpecificRegistrationInfo :{ maxDataCalls = 8 isDcNrRestricted = false isNrAvailable = false isEnDcAvailable = false LteVopsSupportInfo :  mVopsSupport = 1 mEmcBearerSupport = 1 mIsUsingCarrierAggregation = false } nrState=NONE}], mNrFrequencyRange=-1, mOperatorAlphaLongRaw=Beeline, mOperatorAlphaShortRaw=Beeline, mIsIwlanPreferred=false}] oldMaxDataCalls=8 mNewMaxDataCalls=8 oldReasonDataDenied=11 mNewReasonDataDenied=0
09-27 11:58:02.658  1800  1800 D SST     : [0] pollStateDone: hasRegistered = true hasDeregistered = false hasDataAttached = {1=false} hasDataDetached = {1=false} hasDataRegStateChanged = {1=true} hasRilVoiceRadioTechnologyChanged = true hasRilDataRadioTechnologyChanged = {1=false} hasDataTransportPreferenceChanged = false hasChanged = true hasVoiceRoamingOn = false hasVoiceRoamingOff = false hasDataRoamingOn =false hasDataRoamingOff = false hasLocationChanged = true has4gHandoff = false hasMultiApnSupport = false hasLostMultiApnSupport = false hasCssIndicatorChanged = false hasNrFrequencyRangeChanged = false hasNrStateChanged = false hasAirplaneModeOnlChanged = false
09-27 11:58:02.659  1800  1800 D SST     : [0] RAT switched Unknown -> GSM at cell 36586
09-27 11:58:02.659  1800  1800 D SST     : handleNetworkAvailable: mNitzTimeZoneDetectionSuccessful=false, Setting mNitzTimeZoneDetectionSuccessful=false
09-27 11:58:02.661  1800  1800 D SST     : [0] updateSpnDisplayLegacy+
09-27 11:58:02.663  1800  1800 D SST     : [0] updateSpnDisplay: rawPlmn = Beeline
09-27 11:58:02.664  1800  1800 D SST     : [0] updateSpnDisplay: rawSpn = beeline
09-27 11:58:02.667  1800  1800 D SST     : [0] updateSpnDisplay: updateSpnDisplay: changed sending intent, rule=1, showPlmn='false', plmn='Beeline', showSpn='true', spn='beeline', dataSpn='beeline', subId='1'
09-27 11:58:02.669  1800  1800 D SubscriptionController: [setCarrierText]+ text:beeline subId:1
09-27 11:58:02.687  2333  2333 W MmTelFeatureConnection: create: binder is null! Slot Id: 0
09-27 11:58:02.691  1800  1800 D SubscriptionController: Active subscription info list changed. [{id=1, iccId=8970199251036491120 simSlotIndex=0 carrierId=1681 displayName=beeline carrierName=beeline nameSource=0 iconTint=-16746133 mNumber= dataRoaming=0 iconBitmap=android.graphics.Bitmap@788a93a mcc 250 mnc 99mCountryIso=ru isEmbedded false nativeAccessRules null cardString=8970199251036491120F cardId=0 isOpportunistic false mGroupUUID=null mIsGroupDisabled=false profileClass=-1 ehplmns = null hplmns = null subscriptionType=0 mGroupOwner=null carrierConfigAccessRules=null}]
09-27 11:58:02.692  1800  2157 D SubscriptionController: getSubscriptionProperty Query value = -1
09-27 11:58:02.695  1199  1204 D RIL-DSBP: executeDynamicSBP-0: executionPhase=1
09-27 11:58:02.695  1199  1204 D RIL-DSBP: DynamicSBP-detectSBPId-0: start!!
09-27 11:58:02.695  1199  1204 I RIL     : getRadioState(): radioState=10
09-27 11:58:02.695  1199  1204 I AT      : AT> AT+CPIN? (RIL_CMD_READER_3, tid:488544730448)
09-27 11:58:02.698  1800  1800 D SubscriptionController: notifySubscriptionInfoChanged:
09-27 11:58:02.698  1199  1240 I AT      : AT< +CPIN: READY (RIL_CMD_READER_3, tid:488544730448)
09-27 11:58:02.700  1199  1240 I AT      : AT< OK (RIL_CMD_READER_3, tid:488544730448)
09-27 11:58:02.700  1800  2114 D SubscriptionController: [getSubId]- numSubIds == 0, return null slotIndex=1
09-27 11:58:02.703  1199  1204 D RIL-DSBP: DynamicSBP-detectSBPId-0: SIM is ready, start to query IMSI
09-27 11:58:02.703  1199  1204 D RilUtils: prop vendor.gsm.ril.uicc.mccmnc, readMccMnc N/A, ret 2
09-27 11:58:02.703  1199  1204 D RIL-DSBP: DynamicSBP-detectSBPId-0: rerty to query MCC/MNC
09-27 11:58:02.703  1199  1204 D RIL-DSBP: executeDynamicSBP request timed callback executeDynamicSBP to RIL_CMD_PROXY_1
09-27 11:58:02.703  1199  1204 D RIL-DSBP: executeDynamicSBP-0: Retry it later...
09-27 11:58:02.703  1800  1800 D SST     : [0] updateSpnDisplayLegacy-
09-27 11:58:02.706  1800  1800 D LocaleTracker: Operator numeric changes to "25099"
09-27 11:58:02.706  1800  1800 D LocaleTracker: updateLocale: mcc = 250, country = ru
09-27 11:58:02.708  1800  1800 D SST     : updateTimeZoneFromNetworkCountryCode: no good zone for iso=ru lookupResult=CountryResult{zoneId='Europe/Moscow', allZonesHaveSameOffset=false, whenMillis=1790485082708}
09-27 11:58:02.710  1800  1800 D SST     : [0] Broadcasting ServiceState : {mVoiceRegState=0(IN_SERVICE), mDataRegState=1(OUT_OF_SERVICE), mChannelNumber=2147483647, duplexMode()=0, mCellBandwidths=[], mVoiceOperatorAlphaLong=Beeline, mVoiceOperatorAlphaShort=Beeline, mDataOperatorAlphaLong=Beeline, mDataOperatorAlphaShort=Beeline, isManualNetworkSelection=false(automatic), getRilVoiceRadioTechnology=16(GSM), getRilDataRadioTechnology=0(Unknown), mCssIndicator=unsupported, mNetworkId=-1, mSystemId=-1, mCdmaRoamingIndicator=-1, mCdmaDefaultRoamingIndicator=-1, mIsEmergencyOnly=false, isUsingCarrierAggregation=false, mLteEarfcnRsrpBoost=0, mNetworkRegistrationInfos=[NetworkRegistrationInfo{ domain=PS transportType=WWAN registrationState=UNKNOWN roamingType=NOT_ROAMING accessNetworkTechnology=UNKNOWN rejectCause=0 emergencyEnabled=false availableServices=[] cellIdentity=null voiceSpecificInfo=null dataSpecificInfo=android.telephony.DataSpecificRegistrationInfo :{ maxDataCalls = 8 isDcNrRestricted = false isNrAvailable = false isEnDcAvailable = false LteVopsSupportInfo :  mVopsSupport = 1 mEmcBearerSupport = 1 mIsUsingCarrierAggregation = false } nrState=NONE}, NetworkRegistrationInfo{ domain=CS transportType=WWAN registrationState=HOME roamingType=NOT_ROAMING accessNetworkTechnology=GSM rejectCause=0 emergencyEnabled=false availableServices=[VOICE,SMS,VIDEO] cellIdentity=CellIdentityGsm:{ mLac=42922 mCid=36586 mArfcn=2147483647 mBsic=0x7fffffff mMcc=250 mMnc=99 mAlphaLong=Beeline mAlphaShort=Beeline} voiceSpecificInfo=VoiceSpecificRegistrationInfo { mCssSupported=false mRoamingIndicator=1 mSystemIsInPrl=0 mDefaultRoamingIndicator=0} dataSpecificInfo=null nrState=NONE}], mNrFrequencyRange=-1, mOperatorAlphaLongRaw=Beeline, mOperatorAlphaShortRaw=Beeline, mIsIwlanPreferred=false}
09-27 11:58:02.711  1800  1800 D DefaultPhoneNotifier: nofityServiceState: mRegistry=com.android.internal.telephony.ITelephonyRegistry$Stub$Proxy@6e6cec0 ss={mVoiceRegState=0(IN_SERVICE), mDataRegState=1(OUT_OF_SERVICE), mChannelNumber=2147483647, duplexMode()=0, mCellBandwidths=[], mVoiceOperatorAlphaLong=Beeline, mVoiceOperatorAlphaShort=Beeline, mDataOperatorAlphaLong=Beeline, mDataOperatorAlphaShort=Beeline, isManualNetworkSelection=false(automatic), getRilVoiceRadioTechnology=16(GSM), getRilDataRadioTechnology=0(Unknown), mCssIndicator=unsupported, mNetworkId=-1, mSystemId=-1, mCdmaRoamingIndicator=-1, mCdmaDefaultRoamingIndicator=-1, mIsEmergencyOnly=false, isUsingCarrierAggregation=false, mLteEarfcnRsrpBoost=0, mNetworkRegistrationInfos=[NetworkRegistrationInfo{ domain=PS transportType=WWAN registrationState=UNKNOWN roamingType=NOT_ROAMING accessNetworkTechnology=UNKNOWN rejectCause=0 emergencyEnabled=false availableServices=[] cellIdentity=null voiceSpecificInfo=null dataSpecificInfo=android.telephony.DataSpecificRegistrationInfo :{ maxDataCalls = 8 isDcNrRestricted = false isNrAvailable = false isEnDcAvailable = false LteVopsSupportInfo :  mVopsSupport = 1 mEmcBearerSupport = 1 mIsUsingCarrierAggregation = false } nrState=NONE}, NetworkRegistrationInfo{ domain=CS transportType=WWAN registrationState=HOME roamingType=NOT_ROAMING accessNetworkTechnology=GSM rejectCause=0 emergencyEnabled=false availableServices=[VOICE,SMS,VIDEO] cellIdentity=CellIdentityGsm:{ mLac=42922 mCid=36586 mArfcn=2147483647 mBsic=0x7fffffff mMcc=250 mMnc=99 mAlphaLong=Beeline mAlphaShort=Beeline} voiceSpecificInfo=VoiceSpecificRegistrationInfo { mCssSupported=false mRoamingIndicator=1 mSystemIsInPrl=0 mDefaultRoamingIndicator=0} dataSpecificInfo=null nrState=NONE}], mNrFrequencyRange=-1, mOperatorAlphaLongRaw=Beeline, mOperatorAlphaShortRaw=Beeline, mIsIwlanPreferred=false} sender=Handler (com.android.internal.telephony.GsmCdmaPhone) {d360ee1} phondId=0 subId=1
09-27 11:58:02.725  1371  1950 E PHONE   : ServiceState.getRadioTechnology() DEPRECATED will be removed *******
09-27 11:58:02.737  1800  1800 D SST     : [0] notifyDataRegStateRilRadioTechnologyChanged: drs=1 rat=0
09-27 11:58:02.741  1800  1800 D SST     : [0] notifyVoiceRegStateRilRadioTechnologyChanged: vrs=0 rat=16
09-27 11:58:02.741  1371  1950 D TelephonyRegistry: notifyCellLocationForSubscriber: subId=1 cellLocation=Bundle[mParcelledData.dataSize=64]
09-27 11:58:02.744  1800  1800 I CSST    : PrefNetworkNotification: sendMessage() w/values: ,true,-1,false,true
09-27 11:58:02.747  1800  1800 I CSST    : canceling notifications: 1000
09-27 11:58:02.747  1800  1800 D CSST    : isPhoneRegisteredForWifiCalling: false
09-27 11:58:02.747  1800  1800 I CSST    : EmergencyNetworkNotification: sendMessage() w/values: ,true,-1,false,true
09-27 11:58:02.747  1800  1800 I CSST    : canceling notifications: 1001
09-27 11:58:02.747  1800  1800 I GsmCdmaPhone: syncClirSetting: clir_key0=-1
09-27 11:58:02.747  1800  1800 D SubscriptionController: [getSubId]- numSubIds == 0, return null slotIndex=1
09-27 11:58:02.750  1800  1800 D SubscriptionController: [getSubId]- numSubIds == 0, return null slotIndex=1
09-27 11:58:02.755  1800  1800 D SST     : [1] SubscriptionListener.onSubscriptionInfoChanged
09-27 11:58:02.755  1800  1800 D SubscriptionController: [getSubId]- numSubIds == 0, return null slotIndex=1
09-27 11:58:02.755  1800  1800 D SubscriptionController: [getSubId]- numSubIds == 0, return null slotIndex=1
09-27 11:58:02.760  1800  1800 W MmTelFeatureConnection: create: binder is null! Slot Id: 0
09-27 11:58:02.775  1800  1800 I chatty  : uid=1001(radio) com.android.phone identical 1 line
09-27 11:58:02.796  1800  1800 W MmTelFeatureConnection: create: binder is null! Slot Id: 0
09-27 11:58:02.797  1800  1800 D SubscriptionController: [getSubId]- numSubIds == 0, return null slotIndex=1
09-27 11:58:02.801  1800  1800 D SubscriptionController: [getSubId]- numSubIds == 0, return null slotIndex=1
09-27 11:58:02.803  1199  1204 D RIL-DSBP: executeDynamicSBP-0: executionPhase=1
09-27 11:58:02.803  1199  1204 D RIL-DSBP: DynamicSBP-detectSBPId-0: start!!
09-27 11:58:02.803  1199  1204 I RIL     : getRadioState(): radioState=10
09-27 11:58:02.803  1199  1204 I AT      : AT> AT+CPIN? (RIL_CMD_READER_3, tid:488544730448)
09-27 11:58:02.804  1800  1800 D SubscriptionController: [getSubId]- numSubIds == 0, return null slotIndex=1
09-27 11:58:02.804  1800  1800 D SubscriptionController: [getSubId]- numSubIds == 0, return null slotIndex=1
09-27 11:58:02.807  1199  1240 I AT      : AT< +CPIN: READY (RIL_CMD_READER_3, tid:488544730448)
09-27 11:58:02.807  1199  1240 I AT      : AT< OK (RIL_CMD_READER_3, tid:488544730448)
09-27 11:58:02.807  1199  1204 D RIL-DSBP: DynamicSBP-detectSBPId-0: SIM is ready, start to query IMSI
09-27 11:58:02.808  1199  1204 D RilUtils: prop vendor.gsm.ril.uicc.mccmnc, readMccMnc N/A, ret 2
09-27 11:58:02.808  1199  1204 D RIL-DSBP: DynamicSBP-detectSBPId-0: rerty to query MCC/MNC
09-27 11:58:02.808  1199  1204 D RIL-DSBP: executeDynamicSBP request timed callback executeDynamicSBP to RIL_CMD_PROXY_1
09-27 11:58:02.808  1199  1204 D RIL-DSBP: executeDynamicSBP-0: Retry it later...
09-27 11:58:02.809  1800  1800 D SST     : [0] SubscriptionListener.onSubscriptionInfoChanged
09-27 11:58:02.810  1800  1800 D LocaleTracker: updateLocale: mcc = 250, country = ru
09-27 11:58:02.812  1800  1800 D SST     : updateTimeZoneFromNetworkCountryCode: no good zone for iso=ru lookupResult=CountryResult{zoneId='Europe/Moscow', allZonesHaveSameOffset=false, whenMillis=1790485082812}
09-27 11:58:02.813  1800  1800 D LocaleTracker: Stopping LocaleTracker
09-27 11:58:02.823  1800  1800 W MmTelFeatureConnection: create: binder is null! Slot Id: 0
09-27 11:58:02.842  1800  1800 I chatty  : uid=1001(radio) com.android.phone identical 1 line
09-27 11:58:02.874  1800  1800 W MmTelFeatureConnection: create: binder is null! Slot Id: 0
09-27 11:58:02.875  1800  1800 D SubscriptionController: [getSubId]- numSubIds == 0, return null slotIndex=1
09-27 11:58:02.899  1800  1800 W MmTelFeatureConnection: create: binder is null! Slot Id: 0
09-27 11:58:02.907  1800  1800 W MmTelFeatureConnection: create: binder is null! Slot Id: 0
09-27 11:58:02.908  1199  1204 D RIL-DSBP: executeDynamicSBP-0: executionPhase=1
09-27 11:58:02.908  1199  1204 D RIL-DSBP: DynamicSBP-detectSBPId-0: start!!
09-27 11:58:02.908  1199  1204 I RIL     : getRadioState(): radioState=10
09-27 11:58:02.908  1199  1204 I AT      : AT> AT+CPIN? (RIL_CMD_READER_3, tid:488544730448)
09-27 11:58:02.911  1199  1240 I AT      : AT< +CPIN: READY (RIL_CMD_READER_3, tid:488544730448)
09-27 11:58:02.911  1199  1240 I AT      : AT< OK (RIL_CMD_READER_3, tid:488544730448)
09-27 11:58:02.911  1199  1204 D RIL-DSBP: DynamicSBP-detectSBPId-0: SIM is ready, start to query IMSI
09-27 11:58:02.912  1199  1204 D RilUtils: prop vendor.gsm.ril.uicc.mccmnc, readMccMnc N/A, ret 2
09-27 11:58:02.912  1199  1204 D RIL-DSBP: DynamicSBP-detectSBPId-0: rerty to query MCC/MNC
09-27 11:58:02.912  1199  1204 D RIL-DSBP: executeDynamicSBP request timed callback executeDynamicSBP to RIL_CMD_PROXY_1
09-27 11:58:02.912  1199  1204 D RIL-DSBP: executeDynamicSBP-0: Retry it later...
09-27 11:58:03.012  1199  1204 D RIL-DSBP: executeDynamicSBP-0: executionPhase=1
09-27 11:58:03.012  1199  1204 D RIL-DSBP: DynamicSBP-detectSBPId-0: start!!
09-27 11:58:03.012  1199  1204 I RIL     : getRadioState(): radioState=10
09-27 11:58:03.012  1199  1204 I AT      : AT> AT+CPIN? (RIL_CMD_READER_3, tid:488544730448)
09-27 11:58:03.016  1199  1240 I AT      : AT< +CPIN: READY (RIL_CMD_READER_3, tid:488544730448)
09-27 11:58:03.016  1199  1240 I AT      : AT< OK (RIL_CMD_READER_3, tid:488544730448)
09-27 11:58:03.017  1199  1204 D RIL-DSBP: DynamicSBP-detectSBPId-0: SIM is ready, start to query IMSI
09-27 11:58:03.017  1199  1204 D RilUtils: prop vendor.gsm.ril.uicc.mccmnc, readMccMnc N/A, ret 2
09-27 11:58:03.017  1199  1204 D RIL-DSBP: DynamicSBP-detectSBPId-0: rerty to query MCC/MNC
09-27 11:58:03.017  1199  1204 D RIL-DSBP: executeDynamicSBP request timed callback executeDynamicSBP to RIL_CMD_PROXY_1
09-27 11:58:03.017  1199  1204 D RIL-DSBP: executeDynamicSBP-0: Retry it later...
09-27 11:58:03.085  1199  1213 I RILC    : NUMBER:1
09-27 11:58:03.085  1199  1213 I RILC    : arg len:14
09-27 11:58:03.085  1199  1213 I RILC    : ARGS[0]:THERMAL,0,-1
09-27 11:58:03.085  1199  1213 I RILC-MTK: set request 2510 to protocal 1, proxyId=3
09-27 11:58:03.086  1199  1204 I RILC-MTK: proxy id:3, proxyName: RIL_CMD_PROXY_1, RIL_LOCAL_REQUEST_QUERY_MODEM_THERMAL pRI=0x71b070ff90 p=0x71b0831100 execute on RIL_CMD_PROXY_1 using channel 3
09-27 11:58:03.086  1199  1204 I RIL     : getRadioState(): radioState=10
09-27 11:58:03.086  1199  1204 I AT      : AT> AT+ETHERMAL (RIL_CMD_READER_3, tid:488544730448)
09-27 11:58:03.089  1199  1240 I AT      : AT< +ETHERMAL: 1, 32767,,, 163, 32767, 0 (RIL_CMD_READER_3, tid:488544730448)
09-27 11:58:03.089  1199  1240 I AT      : AT< OK (RIL_CMD_READER_3, tid:488544730448)
09-27 11:58:03.118  1199  1204 D RIL-DSBP: executeDynamicSBP-0: executionPhase=1
09-27 11:58:03.118  1199  1204 D RIL-DSBP: DynamicSBP-detectSBPId-0: start!!
09-27 11:58:03.118  1199  1204 I RIL     : getRadioState(): radioState=10
09-27 11:58:03.118  1199  1204 I AT      : AT> AT+CPIN? (RIL_CMD_READER_3, tid:488544730448)
09-27 11:58:03.121  1199  1240 I AT      : AT< +CPIN: READY (RIL_CMD_READER_3, tid:488544730448)
09-27 11:58:03.121  1199  1240 I AT      : AT< OK (RIL_CMD_READER_3, tid:488544730448)
09-27 11:58:03.121  1199  1204 D RIL-DSBP: DynamicSBP-detectSBPId-0: SIM is ready, start to query IMSI
09-27 11:58:03.121  1199  1204 D RilUtils: prop vendor.gsm.ril.uicc.mccmnc, readMccMnc N/A, ret 2
09-27 11:58:03.121  1199  1204 D RIL-DSBP: DynamicSBP-detectSBPId-0: rerty to query MCC/MNC
09-27 11:58:03.121  1199  1204 D RIL-DSBP: executeDynamicSBP request timed callback executeDynamicSBP to RIL_CMD_PROXY_1
09-27 11:58:03.121  1199  1204 D RIL-DSBP: executeDynamicSBP-0: Retry it later...
09-27 11:58:03.146  1199  1204 I RIL     : getRadioState(): radioState=10
09-27 11:58:03.146  1199  1204 I AT      : AT> AT+CPIN? (RIL_CMD_READER_3, tid:488544730448)
09-27 11:58:03.149  1199  1240 I AT      : AT< +CPIN: READY (RIL_CMD_READER_3, tid:488544730448)
09-27 11:58:03.149  1199  1240 I AT      : AT< OK (RIL_CMD_READER_3, tid:488544730448)
09-27 11:58:03.150  1199  1204 D RilUtils: prop vendor.gsm.ril.uicc.mccmnc, readMccMnc N/A, ret 2
09-27 11:58:03.222  1199  1204 D RIL-DSBP: executeDynamicSBP-0: executionPhase=1
09-27 11:58:03.222  1199  1204 D RIL-DSBP: DynamicSBP-detectSBPId-0: start!!
09-27 11:58:03.222  1199  1204 I RIL     : getRadioState(): radioState=10
09-27 11:58:03.222  1199  1204 I AT      : AT> AT+CPIN? (RIL_CMD_READER_3, tid:488544730448)
09-27 11:58:03.225  1199  1240 I AT      : AT< +CPIN: READY (RIL_CMD_READER_3, tid:488544730448)
09-27 11:58:03.225  1199  1240 I AT      : AT< OK (RIL_CMD_READER_3, tid:488544730448)
09-27 11:58:03.226  1199  1204 D RIL-DSBP: DynamicSBP-detectSBPId-0: SIM is ready, start to query IMSI
09-27 11:58:03.226  1199  1204 D RilUtils: prop vendor.gsm.ril.uicc.mccmnc, readMccMnc N/A, ret 2
09-27 11:58:03.226  1199  1204 D RIL-DSBP: DynamicSBP-detectSBPId-0: rerty to query MCC/MNC
09-27 11:58:03.226  1199  1204 D RIL-DSBP: executeDynamicSBP request timed callback executeDynamicSBP to RIL_CMD_PROXY_1
09-27 11:58:03.226  1199  1204 D RIL-DSBP: executeDynamicSBP-0: Retry it later...
09-27 11:58:03.326  1199  1204 D RIL-DSBP: executeDynamicSBP-0: executionPhase=1
09-27 11:58:03.326  1199  1204 D RIL-DSBP: DynamicSBP-detectSBPId-0: start!!
09-27 11:58:03.326  1199  1204 I RIL     : getRadioState(): radioState=10
09-27 11:58:03.326  1199  1204 I AT      : AT> AT+CPIN? (RIL_CMD_READER_3, tid:488544730448)
09-27 11:58:03.330  1199  1240 I AT      : AT< +CPIN: READY (RIL_CMD_READER_3, tid:488544730448)
09-27 11:58:03.330  1199  1240 I AT      : AT< OK (RIL_CMD_READER_3, tid:488544730448)
09-27 11:58:03.330  1199  1204 D RIL-DSBP: DynamicSBP-detectSBPId-0: SIM is ready, start to query IMSI
09-27 11:58:03.330  1199  1204 D RilUtils: prop vendor.gsm.ril.uicc.mccmnc, readMccMnc N/A, ret 2
09-27 11:58:03.330  1199  1204 D RIL-DSBP: DynamicSBP-detectSBPId-0: rerty to query MCC/MNC
09-27 11:58:03.330  1199  1204 D RIL-DSBP: executeDynamicSBP request timed callback executeDynamicSBP to RIL_CMD_PROXY_1
09-27 11:58:03.330  1199  1204 D RIL-DSBP: executeDynamicSBP-0: Retry it later...
09-27 11:58:03.432  1199  1204 D RIL-DSBP: executeDynamicSBP-0: executionPhase=1
09-27 11:58:03.432  1199  1204 D RIL-DSBP: DynamicSBP-detectSBPId-0: start!!
09-27 11:58:03.432  1199  1204 I RIL     : getRadioState(): radioState=10
09-27 11:58:03.432  1199  1204 I AT      : AT> AT+CPIN? (RIL_CMD_READER_3, tid:488544730448)
09-27 11:58:03.435  1199  1240 I AT      : AT< +CPIN: READY (RIL_CMD_READER_3, tid:488544730448)
09-27 11:58:03.435  1199  1240 I AT      : AT< OK (RIL_CMD_READER_3, tid:488544730448)
09-27 11:58:03.436  1199  1204 D RIL-DSBP: DynamicSBP-detectSBPId-0: SIM is ready, start to query IMSI
09-27 11:58:03.436  1199  1204 D RilUtils: prop vendor.gsm.ril.uicc.mccmnc, readMccMnc N/A, ret 2
09-27 11:58:03.436  1199  1204 D RIL-DSBP: DynamicSBP-detectSBPId-0: rerty to query MCC/MNC
09-27 11:58:03.436  1199  1204 D RIL-DSBP: executeDynamicSBP request timed callback executeDynamicSBP to RIL_CMD_PROXY_1
09-27 11:58:03.436  1199  1204 D RIL-DSBP: executeDynamicSBP-0: Retry it later...
09-27 11:58:03.536  1199  1204 D RIL-DSBP: executeDynamicSBP-0: executionPhase=1
09-27 11:58:03.536  1199  1204 D RIL-DSBP: DynamicSBP-detectSBPId-0: start!!
09-27 11:58:03.536  1199  1204 I RIL     : getRadioState(): radioState=10
09-27 11:58:03.536  1199  1204 I AT      : AT> AT+CPIN? (RIL_CMD_READER_3, tid:488544730448)
09-27 11:58:03.538  1199  1240 I AT      : AT< +CPIN: READY (RIL_CMD_READER_3, tid:488544730448)
09-27 11:58:03.540  1199  1240 I AT      : AT< OK (RIL_CMD_READER_3, tid:488544730448)
09-27 11:58:03.541  1199  1204 D RIL-DSBP: DynamicSBP-detectSBPId-0: SIM is ready, start to query IMSI
09-27 11:58:03.541  1199  1204 D RilUtils: prop vendor.gsm.ril.uicc.mccmnc, readMccMnc N/A, ret 2
09-27 11:58:03.541  1199  1204 D RIL-DSBP: DynamicSBP-detectSBPId-0: rerty to query MCC/MNC
09-27 11:58:03.541  1199  1204 D RIL-DSBP: executeDynamicSBP request timed callback executeDynamicSBP to RIL_CMD_PROXY_1
09-27 11:58:03.541  1199  1204 D RIL-DSBP: executeDynamicSBP-0: Retry it later...
09-27 11:58:03.641  1199  1204 D RIL-DSBP: executeDynamicSBP-0: executionPhase=1
09-27 11:58:03.641  1199  1204 D RIL-DSBP: DynamicSBP-detectSBPId-0: start!!
09-27 11:58:03.641  1199  1204 I RIL     : getRadioState(): radioState=10
09-27 11:58:03.641  1199  1204 I AT      : AT> AT+CPIN? (RIL_CMD_READER_3, tid:488544730448)
09-27 11:58:03.644  1199  1240 I AT      : AT< +CPIN: READY (RIL_CMD_READER_3, tid:488544730448)
09-27 11:58:03.644  1199  1240 I AT      : AT< OK (RIL_CMD_READER_3, tid:488544730448)
09-27 11:58:03.644  1199  1204 D RIL-DSBP: DynamicSBP-detectSBPId-0: SIM is ready, start to query IMSI
09-27 11:58:03.644  1199  1204 D RilUtils: prop vendor.gsm.ril.uicc.mccmnc, readMccMnc N/A, ret 2
09-27 11:58:03.644  1199  1204 D RIL-DSBP: DynamicSBP-detectSBPId-0: rerty to query MCC/MNC
09-27 11:58:03.645  1199  1204 D RIL-DSBP: executeDynamicSBP request timed callback executeDynamicSBP to RIL_CMD_PROXY_1
09-27 11:58:03.645  1199  1204 D RIL-DSBP: executeDynamicSBP-0: Retry it later...
09-27 11:58:03.650  1199  1204 I RIL     : getRadioState(): radioState=10
09-27 11:58:03.651  1199  1204 I AT      : AT> AT+CPIN? (RIL_CMD_READER_3, tid:488544730448)
09-27 11:58:03.653  1199  1240 I AT      : AT< +CPIN: READY (RIL_CMD_READER_3, tid:488544730448)
09-27 11:58:03.653  1199  1240 I AT      : AT< OK (RIL_CMD_READER_3, tid:488544730448)
09-27 11:58:03.653  1199  1204 D RilUtils: prop vendor.gsm.ril.uicc.mccmnc, readMccMnc N/A, ret 2
09-27 11:58:03.746  1199  1204 D RIL-DSBP: executeDynamicSBP-0: executionPhase=1
09-27 11:58:03.746  1199  1204 D RIL-DSBP: DynamicSBP-detectSBPId-0: start!!
09-27 11:58:03.746  1199  1204 I RIL     : getRadioState(): radioState=10
09-27 11:58:03.746  1199  1204 I AT      : AT> AT+CPIN? (RIL_CMD_READER_3, tid:488544730448)
09-27 11:58:03.748  1199  1240 I AT      : AT< +CPIN: READY (RIL_CMD_READER_3, tid:488544730448)
09-27 11:58:03.749  1199  1240 I AT      : AT< OK (RIL_CMD_READER_3, tid:488544730448)
09-27 11:58:03.749  1199  1204 D RIL-DSBP: DynamicSBP-detectSBPId-0: SIM is ready, start to query IMSI
09-27 11:58:03.749  1199  1204 D RilUtils: prop vendor.gsm.ril.uicc.mccmnc, readMccMnc N/A, ret 2
09-27 11:58:03.749  1199  1204 D RIL-DSBP: DynamicSBP-detectSBPId-0: rerty to query MCC/MNC
09-27 11:58:03.749  1199  1204 D RIL-DSBP: executeDynamicSBP request timed callback executeDynamicSBP to RIL_CMD_PROXY_1
09-27 11:58:03.749  1199  1204 D RIL-DSBP: executeDynamicSBP-0: Retry it later...
09-27 11:58:03.850  1199  1204 D RIL-DSBP: executeDynamicSBP-0: executionPhase=1
09-27 11:58:03.850  1199  1204 D RIL-DSBP: DynamicSBP-detectSBPId-0: start!!
09-27 11:58:03.850  1199  1204 I RIL     : getRadioState(): radioState=10
09-27 11:58:03.850  1199  1204 I AT      : AT> AT+CPIN? (RIL_CMD_READER_3, tid:488544730448)
09-27 11:58:03.852  1199  1240 I AT      : AT< +CPIN: READY (RIL_CMD_READER_3, tid:488544730448)
09-27 11:58:03.853  1199  1240 I AT      : AT< OK (RIL_CMD_READER_3, tid:488544730448)
09-27 11:58:03.853  1199  1204 D RIL-DSBP: DynamicSBP-detectSBPId-0: SIM is ready, start to query IMSI
09-27 11:58:03.853  1199  1204 D RilUtils: prop vendor.gsm.ril.uicc.mccmnc, readMccMnc N/A, ret 2
09-27 11:58:03.853  1199  1204 D RIL-DSBP: DynamicSBP-detectSBPId-0: rerty to query MCC/MNC
09-27 11:58:03.853  1199  1204 D RIL-DSBP: executeDynamicSBP request timed callback executeDynamicSBP to RIL_CMD_PROXY_1
09-27 11:58:03.853  1199  1204 D RIL-DSBP: executeDynamicSBP-0: Retry it later...
09-27 11:58:03.954  1199  1204 D RIL-DSBP: executeDynamicSBP-0: executionPhase=1
09-27 11:58:03.954  1199  1204 D RIL-DSBP: DynamicSBP-detectSBPId-0: start!!
09-27 11:58:03.954  1199  1204 I RIL     : getRadioState(): radioState=10
09-27 11:58:03.954  1199  1204 I AT      : AT> AT+CPIN? (RIL_CMD_READER_3, tid:488544730448)
09-27 11:58:03.957  1199  1240 I AT      : AT< +CPIN: READY (RIL_CMD_READER_3, tid:488544730448)
09-27 11:58:03.957  1199  1240 I AT      : AT< OK (RIL_CMD_READER_3, tid:488544730448)
09-27 11:58:03.957  1199  1204 D RIL-DSBP: DynamicSBP-detectSBPId-0: SIM is ready, start to query IMSI
09-27 11:58:03.957  1199  1204 D RilUtils: prop vendor.gsm.ril.uicc.mccmnc, readMccMnc N/A, ret 2
09-27 11:58:03.957  1199  1204 D RIL-DSBP: DynamicSBP-detectSBPId-0: rerty to query MCC/MNC
09-27 11:58:03.957  1199  1204 D RIL-DSBP: executeDynamicSBP request timed callback executeDynamicSBP to RIL_CMD_PROXY_1
09-27 11:58:03.958  1199  1204 D RIL-DSBP: executeDynamicSBP-0: Retry it later...
09-27 11:58:04.059  1199  1204 D RIL-DSBP: executeDynamicSBP-0: executionPhase=1
09-27 11:58:04.059  1199  1204 D RIL-DSBP: DynamicSBP-detectSBPId-0: start!!
09-27 11:58:04.059  1199  1204 I RIL     : getRadioState(): radioState=10
09-27 11:58:04.059  1199  1204 I AT      : AT> AT+CPIN? (RIL_CMD_READER_3, tid:488544730448)
09-27 11:58:04.061  1199  1240 I AT      : AT< +CPIN: READY (RIL_CMD_READER_3, tid:488544730448)
09-27 11:58:04.062  1199  1240 I AT      : AT< OK (RIL_CMD_READER_3, tid:488544730448)
09-27 11:58:04.062  1199  1204 D RIL-DSBP: DynamicSBP-detectSBPId-0: SIM is ready, start to query IMSI
09-27 11:58:04.062  1199  1204 D RilUtils: prop vendor.gsm.ril.uicc.mccmnc, readMccMnc N/A, ret 2
09-27 11:58:04.062  1199  1204 D RIL-DSBP: DynamicSBP-detectSBPId-0: rerty to query MCC/MNC
09-27 11:58:04.062  1199  1204 D RIL-DSBP: executeDynamicSBP request timed callback executeDynamicSBP to RIL_CMD_PROXY_1
09-27 11:58:04.062  1199  1204 D RIL-DSBP: executeDynamicSBP-0: Retry it later...
09-27 11:58:04.154  1199  1204 I RIL     : getRadioState(): radioState=10
09-27 11:58:04.154  1199  1204 I AT      : AT> AT+CPIN? (RIL_CMD_READER_3, tid:488544730448)
09-27 11:58:04.156  1199  1240 I AT      : AT< +CPIN: READY (RIL_CMD_READER_3, tid:488544730448)
09-27 11:58:04.156  1199  1240 I AT      : AT< OK (RIL_CMD_READER_3, tid:488544730448)
09-27 11:58:04.157  1199  1204 D RilUtils: prop vendor.gsm.ril.uicc.mccmnc, readMccMnc N/A, ret 2
09-27 11:58:04.162  1199  1204 D RIL-DSBP: executeDynamicSBP-0: executionPhase=1
09-27 11:58:04.162  1199  1204 D RIL-DSBP: DynamicSBP-detectSBPId-0: start!!
09-27 11:58:04.162  1199  1204 I RIL     : getRadioState(): radioState=10
09-27 11:58:04.162  1199  1204 I AT      : AT> AT+CPIN? (RIL_CMD_READER_3, tid:488544730448)
09-27 11:58:04.164  1199  1240 I AT      : AT< +CPIN: READY (RIL_CMD_READER_3, tid:488544730448)
09-27 11:58:04.165  1199  1240 I AT      : AT< OK (RIL_CMD_READER_3, tid:488544730448)
09-27 11:58:04.165  1199  1204 D RIL-DSBP: DynamicSBP-detectSBPId-0: SIM is ready, start to query IMSI
09-27 11:58:04.165  1199  1204 D RilUtils: prop vendor.gsm.ril.uicc.mccmnc, readMccMnc N/A, ret 2
09-27 11:58:04.165  1199  1204 D RIL-DSBP: DynamicSBP-detectSBPId-0: rerty to query MCC/MNC
09-27 11:58:04.165  1199  1204 D RIL-DSBP: executeDynamicSBP request timed callback executeDynamicSBP to RIL_CMD_PROXY_1
09-27 11:58:04.165  1199  1204 D RIL-DSBP: executeDynamicSBP-0: Retry it later...
09-27 11:58:04.265  1199  1204 D RIL-DSBP: executeDynamicSBP-0: executionPhase=1
09-27 11:58:04.266  1199  1204 D RIL-DSBP: DynamicSBP-detectSBPId-0: start!!
09-27 11:58:04.266  1199  1204 I RIL     : getRadioState(): radioState=10
09-27 11:58:04.266  1199  1204 I AT      : AT> AT+CPIN? (RIL_CMD_READER_3, tid:488544730448)
09-27 11:58:04.268  1199  1240 I AT      : AT< +CPIN: READY (RIL_CMD_READER_3, tid:488544730448)
09-27 11:58:04.268  1199  1240 I AT      : AT< OK (RIL_CMD_READER_3, tid:488544730448)
09-27 11:58:04.268  1199  1204 D RIL-DSBP: DynamicSBP-detectSBPId-0: SIM is ready, start to query IMSI
09-27 11:58:04.268  1199  1204 D RilUtils: prop vendor.gsm.ril.uicc.mccmnc, readMccMnc N/A, ret 2
09-27 11:58:04.268  1199  1204 D RIL-DSBP: DynamicSBP-detectSBPId-0: rerty to query MCC/MNC
09-27 11:58:04.269  1199  1204 D RIL-DSBP: executeDynamicSBP request timed callback executeDynamicSBP to RIL_CMD_PROXY_1
09-27 11:58:04.269  1199  1204 D RIL-DSBP: executeDynamicSBP-0: Retry it later...
09-27 11:58:04.369  1199  1204 D RIL-DSBP: executeDynamicSBP-0: executionPhase=1
09-27 11:58:04.369  1199  1204 D RIL-DSBP: DynamicSBP-detectSBPId-0: start!!
09-27 11:58:04.369  1199  1204 I RIL     : getRadioState(): radioState=10
09-27 11:58:04.369  1199  1204 I AT      : AT> AT+CPIN? (RIL_CMD_READER_3, tid:488544730448)
09-27 11:58:04.371  1199  1240 I AT      : AT< +CPIN: READY (RIL_CMD_READER_3, tid:488544730448)
09-27 11:58:04.372  1199  1240 I AT      : AT< OK (RIL_CMD_READER_3, tid:488544730448)
09-27 11:58:04.373  1199  1204 D RIL-DSBP: DynamicSBP-detectSBPId-0: SIM is ready, start to query IMSI
09-27 11:58:04.373  1199  1204 D RilUtils: prop vendor.gsm.ril.uicc.mccmnc, readMccMnc N/A, ret 2
09-27 11:58:04.373  1199  1204 D RIL-DSBP: DynamicSBP-detectSBPId-0: rerty to query MCC/MNC
09-27 11:58:04.373  1199  1204 D RIL-DSBP: executeDynamicSBP request timed callback executeDynamicSBP to RIL_CMD_PROXY_1
09-27 11:58:04.373  1199  1204 D RIL-DSBP: executeDynamicSBP-0: Retry it later...
09-27 11:58:04.474  1199  1204 D RIL-DSBP: executeDynamicSBP-0: executionPhase=1
09-27 11:58:04.474  1199  1204 D RIL-DSBP: DynamicSBP-detectSBPId-0: start!!
09-27 11:58:04.474  1199  1204 I RIL     : getRadioState(): radioState=10
09-27 11:58:04.474  1199  1204 I AT      : AT> AT+CPIN? (RIL_CMD_READER_3, tid:488544730448)
09-27 11:58:04.477  1199  1240 I AT      : AT< +CPIN: READY (RIL_CMD_READER_3, tid:488544730448)
09-27 11:58:04.478  1199  1240 I AT      : AT< OK (RIL_CMD_READER_3, tid:488544730448)
09-27 11:58:04.478  1199  1204 D RIL-DSBP: DynamicSBP-detectSBPId-0: SIM is ready, start to query IMSI
09-27 11:58:04.478  1199  1204 D RilUtils: prop vendor.gsm.ril.uicc.mccmnc, readMccMnc N/A, ret 2
09-27 11:58:04.478  1199  1204 D RIL-DSBP: DynamicSBP-detectSBPId-0: rerty to query MCC/MNC
09-27 11:58:04.478  1199  1204 D RIL-DSBP: executeDynamicSBP request timed callback executeDynamicSBP to RIL_CMD_PROXY_1
09-27 11:58:04.478  1199  1204 D RIL-DSBP: executeDynamicSBP-0: Retry it later...
09-27 11:58:04.579  1199  1204 D RIL-DSBP: executeDynamicSBP-0: executionPhase=1
09-27 11:58:04.579  1199  1204 D RIL-DSBP: DynamicSBP-detectSBPId-0: start!!
09-27 11:58:04.579  1199  1204 I RIL     : getRadioState(): radioState=10
09-27 11:58:04.579  1199  1204 I AT      : AT> AT+CPIN? (RIL_CMD_READER_3, tid:488544730448)
09-27 11:58:04.581  1199  1240 I AT      : AT< +CPIN: READY (RIL_CMD_READER_3, tid:488544730448)
09-27 11:58:04.582  1199  1240 I AT      : AT< OK (RIL_CMD_READER_3, tid:488544730448)
09-27 11:58:04.582  1199  1204 D RIL-DSBP: DynamicSBP-detectSBPId-0: SIM is ready, start to query IMSI
09-27 11:58:04.582  1199  1204 D RilUtils: prop vendor.gsm.ril.uicc.mccmnc, readMccMnc N/A, ret 2
09-27 11:58:04.582  1199  1204 D RIL-DSBP: DynamicSBP-detectSBPId-0: rerty to query MCC/MNC
09-27 11:58:04.582  1199  1204 D RIL-DSBP: executeDynamicSBP request timed callback executeDynamicSBP to RIL_CMD_PROXY_1
09-27 11:58:04.582  1199  1204 D RIL-DSBP: executeDynamicSBP-0: Retry it later...
09-27 11:58:04.657  1199  1204 I RIL     : getRadioState(): radioState=10
09-27 11:58:04.657  1199  1204 I AT      : AT> AT+CPIN? (RIL_CMD_READER_3, tid:488544730448)
09-27 11:58:04.661  1199  1240 I AT      : AT< +CPIN: READY (RIL_CMD_READER_3, tid:488544730448)
09-27 11:58:04.663  1199  1240 I AT      : AT< OK (RIL_CMD_READER_3, tid:488544730448)
09-27 11:58:04.663  1199  1204 D RilUtils: prop vendor.gsm.ril.uicc.mccmnc, readMccMnc N/A, ret 2
09-27 11:58:04.682  1199  1204 D RIL-DSBP: executeDynamicSBP-0: executionPhase=1
09-27 11:58:04.682  1199  1204 D RIL-DSBP: DynamicSBP-detectSBPId-0: start!!
09-27 11:58:04.682  1199  1204 I RIL     : getRadioState(): radioState=10
09-27 11:58:04.682  1199  1204 I AT      : AT> AT+CPIN? (RIL_CMD_READER_3, tid:488544730448)
09-27 11:58:04.686  1199  1240 I AT      : AT< +CPIN: READY (RIL_CMD_READER_3, tid:488544730448)
09-27 11:58:04.687  1199  1240 I AT      : AT< OK (RIL_CMD_READER_3, tid:488544730448)
09-27 11:58:04.687  1199  1204 D RIL-DSBP: DynamicSBP-detectSBPId-0: SIM is ready, start to query IMSI
09-27 11:58:04.687  1199  1204 D RilUtils: prop vendor.gsm.ril.uicc.mccmnc, readMccMnc N/A, ret 2
09-27 11:58:04.687  1199  1204 D RIL-DSBP: DynamicSBP-detectSBPId-0: rerty to query MCC/MNC
09-27 11:58:04.687  1199  1204 D RIL-DSBP: executeDynamicSBP request timed callback executeDynamicSBP to RIL_CMD_PROXY_1
09-27 11:58:04.687  1199  1204 D RIL-DSBP: executeDynamicSBP-0: Retry it later...
09-27 11:58:04.787  1199  1204 D RIL-DSBP: executeDynamicSBP-0: executionPhase=1
09-27 11:58:04.787  1199  1204 D RIL-DSBP: DynamicSBP-detectSBPId-0: start!!
09-27 11:58:04.787  1199  1204 I RIL     : getRadioState(): radioState=10
09-27 11:58:04.787  1199  1204 I AT      : AT> AT+CPIN? (RIL_CMD_READER_3, tid:488544730448)
09-27 11:58:04.789  1199  1240 I AT      : AT< +CPIN: READY (RIL_CMD_READER_3, tid:488544730448)
09-27 11:58:04.790  1199  1240 I AT      : AT< OK (RIL_CMD_READER_3, tid:488544730448)
09-27 11:58:04.790  1199  1204 D RIL-DSBP: DynamicSBP-detectSBPId-0: SIM is ready, start to query IMSI
09-27 11:58:04.790  1199  1204 D RilUtils: prop vendor.gsm.ril.uicc.mccmnc, readMccMnc N/A, ret 2
09-27 11:58:04.790  1199  1204 D RIL-DSBP: DynamicSBP-detectSBPId-0: rerty to query MCC/MNC
09-27 11:58:04.790  1199  1204 D RIL-DSBP: executeDynamicSBP request timed callback executeDynamicSBP to RIL_CMD_PROXY_1
09-27 11:58:04.790  1199  1204 D RIL-DSBP: executeDynamicSBP-0: Retry it later...
09-27 11:58:04.890  1199  1204 D RIL-DSBP: executeDynamicSBP-0: executionPhase=1
09-27 11:58:04.890  1199  1204 D RIL-DSBP: DynamicSBP-detectSBPId-0: start!!
09-27 11:58:04.890  1199  1204 I RIL     : getRadioState(): radioState=10
09-27 11:58:04.891  1199  1204 I AT      : AT> AT+CPIN? (RIL_CMD_READER_3, tid:488544730448)
09-27 11:58:04.893  1199  1240 I AT      : AT< +CPIN: READY (RIL_CMD_READER_3, tid:488544730448)
09-27 11:58:04.893  1199  1240 I AT      : AT< OK (RIL_CMD_READER_3, tid:488544730448)
09-27 11:58:04.893  1199  1204 D RIL-DSBP: DynamicSBP-detectSBPId-0: SIM is ready, start to query IMSI
09-27 11:58:04.893  1199  1204 D RilUtils: prop vendor.gsm.ril.uicc.mccmnc, readMccMnc N/A, ret 2
09-27 11:58:04.893  1199  1204 D RIL-DSBP: DynamicSBP-detectSBPId-0: rerty to query MCC/MNC
09-27 11:58:04.893  1199  1204 D RIL-DSBP: executeDynamicSBP request timed callback executeDynamicSBP to RIL_CMD_PROXY_1
09-27 11:58:04.893  1199  1204 D RIL-DSBP: executeDynamicSBP-0: Retry it later...
09-27 11:58:04.993  1199  1204 D RIL-DSBP: executeDynamicSBP-0: executionPhase=1
09-27 11:58:04.994  1199  1204 D RIL-DSBP: DynamicSBP-detectSBPId-0: start!!
09-27 11:58:04.994  1199  1204 I RIL     : getRadioState(): radioState=10
09-27 11:58:04.994  1199  1204 I AT      : AT> AT+CPIN? (RIL_CMD_READER_3, tid:488544730448)
09-27 11:58:04.996  1199  1240 I AT      : AT< +CPIN: READY (RIL_CMD_READER_3, tid:488544730448)
09-27 11:58:04.996  1199  1240 I AT      : AT< OK (RIL_CMD_READER_3, tid:488544730448)
09-27 11:58:04.996  1199  1204 D RIL-DSBP: DynamicSBP-detectSBPId-0: SIM is ready, start to query IMSI
09-27 11:58:04.996  1199  1204 D RilUtils: prop vendor.gsm.ril.uicc.mccmnc, readMccMnc N/A, ret 2
09-27 11:58:04.996  1199  1204 D RIL-DSBP: DynamicSBP-detectSBPId-0: rerty to query MCC/MNC
09-27 11:58:04.996  1199  1204 D RIL-DSBP: executeDynamicSBP request timed callback executeDynamicSBP to RIL_CMD_PROXY_1
09-27 11:58:04.996  1199  1204 D RIL-DSBP: executeDynamicSBP-0: Retry it later...
09-27 11:58:05.097  1199  1204 D RIL-DSBP: executeDynamicSBP-0: executionPhase=1
09-27 11:58:05.097  1199  1204 D RIL-DSBP: DynamicSBP-detectSBPId-0: start!!
09-27 11:58:05.097  1199  1204 I RIL     : getRadioState(): radioState=10
09-27 11:58:05.097  1199  1204 I AT      : AT> AT+CPIN? (RIL_CMD_READER_3, tid:488544730448)
09-27 11:58:05.099  1199  1240 I AT      : AT< +CPIN: READY (RIL_CMD_READER_3, tid:488544730448)
09-27 11:58:05.099  1199  1240 I AT      : AT< OK (RIL_CMD_READER_3, tid:488544730448)
09-27 11:58:05.099  1199  1204 D RIL-DSBP: DynamicSBP-detectSBPId-0: SIM is ready, start to query IMSI
09-27 11:58:05.099  1199  1204 D RilUtils: prop vendor.gsm.ril.uicc.mccmnc, readMccMnc N/A, ret 2
09-27 11:58:05.099  1199  1204 D RIL-DSBP: DynamicSBP-detectSBPId-0: rerty to query MCC/MNC
09-27 11:58:05.099  1199  1204 D RIL-DSBP: executeDynamicSBP request timed callback executeDynamicSBP to RIL_CMD_PROXY_1
09-27 11:58:05.099  1199  1204 D RIL-DSBP: executeDynamicSBP-0: Retry it later...
09-27 11:58:05.164  1199  1204 I RIL     : getRadioState(): radioState=10
09-27 11:58:05.164  1199  1204 I AT      : AT> AT+CPIN? (RIL_CMD_READER_3, tid:488544730448)
09-27 11:58:05.166  1199  1240 I AT      : AT< +CPIN: READY (RIL_CMD_READER_3, tid:488544730448)
09-27 11:58:05.166  1199  1240 I AT      : AT< OK (RIL_CMD_READER_3, tid:488544730448)
09-27 11:58:05.166  1199  1204 D RilUtils: prop vendor.gsm.ril.uicc.mccmnc, readMccMnc N/A, ret 2
09-27 11:58:05.200  1199  1204 D RIL-DSBP: executeDynamicSBP-0: executionPhase=1
09-27 11:58:05.200  1199  1204 D RIL-DSBP: DynamicSBP-detectSBPId-0: start!!
09-27 11:58:05.200  1199  1204 I RIL     : getRadioState(): radioState=10
09-27 11:58:05.200  1199  1204 I AT      : AT> AT+CPIN? (RIL_CMD_READER_3, tid:488544730448)
09-27 11:58:05.202  1199  1240 I AT      : AT< +CPIN: READY (RIL_CMD_READER_3, tid:488544730448)
09-27 11:58:05.204  1199  1240 I AT      : AT< OK (RIL_CMD_READER_3, tid:488544730448)
09-27 11:58:05.205  1199  1204 D RIL-DSBP: DynamicSBP-detectSBPId-0: SIM is ready, start to query IMSI
09-27 11:58:05.205  1199  1204 D RilUtils: prop vendor.gsm.ril.uicc.mccmnc, readMccMnc N/A, ret 2
09-27 11:58:05.206  1199  1204 D RIL-DSBP: DynamicSBP-detectSBPId-0: rerty to query MCC/MNC
09-27 11:58:05.206  1199  1204 D RIL-DSBP: executeDynamicSBP request timed callback executeDynamicSBP to RIL_CMD_PROXY_1
09-27 11:58:05.206  1199  1204 D RIL-DSBP: executeDynamicSBP-0: Retry it later...
09-27 11:58:05.308  1199  1204 D RIL-DSBP: executeDynamicSBP-0: executionPhase=1
09-27 11:58:05.308  1199  1204 D RIL-DSBP: DynamicSBP-detectSBPId-0: start!!
09-27 11:58:05.308  1199  1204 I RIL     : getRadioState(): radioState=10
09-27 11:58:05.308  1199  1204 I AT      : AT> AT+CPIN? (RIL_CMD_READER_3, tid:488544730448)
09-27 11:58:05.310  1199  1240 I AT      : AT< +CPIN: READY (RIL_CMD_READER_3, tid:488544730448)
09-27 11:58:05.311  1199  1240 I AT      : AT< OK (RIL_CMD_READER_3, tid:488544730448)
09-27 11:58:05.311  1199  1204 D RIL-DSBP: DynamicSBP-detectSBPId-0: SIM is ready, start to query IMSI
09-27 11:58:05.311  1199  1204 D RilUtils: prop vendor.gsm.ril.uicc.mccmnc, readMccMnc N/A, ret 2
09-27 11:58:05.311  1199  1204 D RIL-DSBP: DynamicSBP-detectSBPId-0: rerty to query MCC/MNC
09-27 11:58:05.311  1199  1204 D RIL-DSBP: executeDynamicSBP request timed callback executeDynamicSBP to RIL_CMD_PROXY_1
09-27 11:58:05.311  1199  1204 D RIL-DSBP: executeDynamicSBP-0: Retry it later...
09-27 11:58:05.411  1199  1204 D RIL-DSBP: executeDynamicSBP-0: executionPhase=1
09-27 11:58:05.411  1199  1204 D RIL-DSBP: DynamicSBP-detectSBPId-0: start!!
09-27 11:58:05.411  1199  1204 I RIL     : getRadioState(): radioState=10
09-27 11:58:05.411  1199  1204 I AT      : AT> AT+CPIN? (RIL_CMD_READER_3, tid:488544730448)
09-27 11:58:05.413  1199  1240 I AT      : AT< +CPIN: READY (RIL_CMD_READER_3, tid:488544730448)
09-27 11:58:05.414  1199  1240 I AT      : AT< OK (RIL_CMD_READER_3, tid:488544730448)
09-27 11:58:05.414  1199  1204 D RIL-DSBP: DynamicSBP-detectSBPId-0: SIM is ready, start to query IMSI
09-27 11:58:05.414  1199  1204 D RilUtils: prop vendor.gsm.ril.uicc.mccmnc, readMccMnc N/A, ret 2
09-27 11:58:05.414  1199  1204 D RIL-DSBP: DynamicSBP-detectSBPId-0: rerty to query MCC/MNC
09-27 11:58:05.414  1199  1204 D RIL-DSBP: executeDynamicSBP request timed callback executeDynamicSBP to RIL_CMD_PROXY_1
09-27 11:58:05.414  1199  1204 D RIL-DSBP: executeDynamicSBP-0: Retry it later...
09-27 11:58:05.516  1199  1204 D RIL-DSBP: executeDynamicSBP-0: executionPhase=1
09-27 11:58:05.516  1199  1204 D RIL-DSBP: DynamicSBP-detectSBPId-0: start!!
09-27 11:58:05.516  1199  1204 I RIL     : getRadioState(): radioState=10
09-27 11:58:05.516  1199  1204 I AT      : AT> AT+CPIN? (RIL_CMD_READER_3, tid:488544730448)
09-27 11:58:05.520  1199  1240 I AT      : AT< +CPIN: READY (RIL_CMD_READER_3, tid:488544730448)
09-27 11:58:05.520  1199  1240 I AT      : AT< OK (RIL_CMD_READER_3, tid:488544730448)
09-27 11:58:05.520  1199  1204 D RIL-DSBP: DynamicSBP-detectSBPId-0: SIM is ready, start to query IMSI
09-27 11:58:05.520  1199  1204 D RilUtils: prop vendor.gsm.ril.uicc.mccmnc, readMccMnc N/A, ret 2
09-27 11:58:05.520  1199  1204 D RIL-DSBP: DynamicSBP-detectSBPId-0: rerty to query MCC/MNC
09-27 11:58:05.520  1199  1204 D RIL-DSBP: executeDynamicSBP request timed callback executeDynamicSBP to RIL_CMD_PROXY_1
09-27 11:58:05.520  1199  1204 D RIL-DSBP: executeDynamicSBP-0: Retry it later...
09-27 11:58:05.620  1199  1204 D RIL-DSBP: executeDynamicSBP-0: executionPhase=1
09-27 11:58:05.620  1199  1204 D RIL-DSBP: DynamicSBP-detectSBPId-0: start!!
09-27 11:58:05.620  1199  1204 I RIL     : getRadioState(): radioState=10
09-27 11:58:05.620  1199  1204 I AT      : AT> AT+CPIN? (RIL_CMD_READER_3, tid:488544730448)
09-27 11:58:05.623  1199  1240 I AT      : AT< +CPIN: READY (RIL_CMD_READER_3, tid:488544730448)
09-27 11:58:05.623  1199  1240 I AT      : AT< OK (RIL_CMD_READER_3, tid:488544730448)
09-27 11:58:05.623  1199  1204 D RIL-DSBP: DynamicSBP-detectSBPId-0: SIM is ready, start to query IMSI
09-27 11:58:05.623  1199  1204 D RilUtils: prop vendor.gsm.ril.uicc.mccmnc, readMccMnc N/A, ret 2
09-27 11:58:05.623  1199  1204 D RIL-DSBP: DynamicSBP-detectSBPId-0: rerty to query MCC/MNC
09-27 11:58:05.623  1199  1204 D RIL-DSBP: executeDynamicSBP request timed callback executeDynamicSBP to RIL_CMD_PROXY_1
09-27 11:58:05.623  1199  1204 D RIL-DSBP: executeDynamicSBP-0: Retry it later...
09-27 11:58:05.669  1199  1204 I RIL     : getRadioState(): radioState=10
09-27 11:58:05.669  1199  1204 I AT      : AT> AT+CPIN? (RIL_CMD_READER_3, tid:488544730448)
09-27 11:58:05.672  1199  1240 I AT      : AT< +CPIN: READY (RIL_CMD_READER_3, tid:488544730448)
09-27 11:58:05.672  1199  1240 I AT      : AT< OK (RIL_CMD_READER_3, tid:488544730448)
09-27 11:58:05.672  1199  1204 D RilUtils: prop vendor.gsm.ril.uicc.mccmnc, readMccMnc N/A, ret 2
09-27 11:58:05.724  1199  1204 D RIL-DSBP: executeDynamicSBP-0: executionPhase=1
09-27 11:58:05.724  1199  1204 D RIL-DSBP: DynamicSBP-detectSBPId-0: start!!
09-27 11:58:05.724  1199  1204 I RIL     : getRadioState(): radioState=10
09-27 11:58:05.724  1199  1204 I AT      : AT> AT+CPIN? (RIL_CMD_READER_3, tid:488544730448)
09-27 11:58:05.727  1199  1240 I AT      : AT< +CPIN: READY (RIL_CMD_READER_3, tid:488544730448)
09-27 11:58:05.727  1199  1240 I AT      : AT< OK (RIL_CMD_READER_3, tid:488544730448)
09-27 11:58:05.727  1199  1204 D RIL-DSBP: DynamicSBP-detectSBPId-0: SIM is ready, start to query IMSI
09-27 11:58:05.727  1199  1204 D RilUtils: prop vendor.gsm.ril.uicc.mccmnc, readMccMnc N/A, ret 2
09-27 11:58:05.727  1199  1204 D RIL-DSBP: DynamicSBP-detectSBPId-0: rerty to query MCC/MNC
09-27 11:58:05.727  1199  1204 D RIL-DSBP: executeDynamicSBP request timed callback executeDynamicSBP to RIL_CMD_PROXY_1
09-27 11:58:05.727  1199  1204 D RIL-DSBP: executeDynamicSBP-0: Retry it later...
09-27 11:58:05.828  1199  1204 D RIL-DSBP: executeDynamicSBP-0: executionPhase=1
09-27 11:58:05.828  1199  1204 D RIL-DSBP: DynamicSBP-detectSBPId-0: start!!
09-27 11:58:05.828  1199  1204 I RIL     : getRadioState(): radioState=10
09-27 11:58:05.828  1199  1204 I AT      : AT> AT+CPIN? (RIL_CMD_READER_3, tid:488544730448)
09-27 11:58:05.838  1199  1240 I AT      : AT< +CPIN: READY (RIL_CMD_READER_3, tid:488544730448)
09-27 11:58:05.838  1199  1240 I AT      : AT< OK (RIL_CMD_READER_3, tid:488544730448)
09-27 11:58:05.839  1199  1204 D RIL-DSBP: DynamicSBP-detectSBPId-0: SIM is ready, start to query IMSI
09-27 11:58:05.839  1199  1204 D RilUtils: prop vendor.gsm.ril.uicc.mccmnc, readMccMnc N/A, ret 2
09-27 11:58:05.839  1199  1204 D RIL-DSBP: DynamicSBP-detectSBPId-0: rerty to query MCC/MNC
09-27 11:58:05.839  1199  1204 D RIL-DSBP: executeDynamicSBP request timed callback executeDynamicSBP to RIL_CMD_PROXY_1
09-27 11:58:05.840  1199  1204 D RIL-DSBP: executeDynamicSBP-0: Retry it later...
09-27 11:58:05.941  1199  1204 D RIL-DSBP: executeDynamicSBP-0: executionPhase=1
09-27 11:58:05.941  1199  1204 D RIL-DSBP: DynamicSBP-detectSBPId-0: start!!
09-27 11:58:05.941  1199  1204 I RIL     : getRadioState(): radioState=10
09-27 11:58:05.941  1199  1204 I AT      : AT> AT+CPIN? (RIL_CMD_READER_3, tid:488544730448)
09-27 11:58:05.943  1199  1240 I AT      : AT< +CPIN: READY (RIL_CMD_READER_3, tid:488544730448)
09-27 11:58:05.944  1199  1240 I AT      : AT< OK (RIL_CMD_READER_3, tid:488544730448)
09-27 11:58:05.944  1199  1204 D RIL-DSBP: DynamicSBP-detectSBPId-0: SIM is ready, start to query IMSI
09-27 11:58:05.944  1199  1204 D RilUtils: prop vendor.gsm.ril.uicc.mccmnc, readMccMnc N/A, ret 2
09-27 11:58:05.944  1199  1204 D RIL-DSBP: DynamicSBP-detectSBPId-0: rerty to query MCC/MNC
09-27 11:58:05.944  1199  1204 D RIL-DSBP: executeDynamicSBP request timed callback executeDynamicSBP to RIL_CMD_PROXY_1
09-27 11:58:05.944  1199  1204 D RIL-DSBP: executeDynamicSBP-0: Retry it later...
09-27 11:58:06.044  1199  1204 D RIL-DSBP: executeDynamicSBP-0: executionPhase=1
09-27 11:58:06.044  1199  1204 D RIL-DSBP: DynamicSBP-detectSBPId-0: start!!
09-27 11:58:06.044  1199  1204 I RIL     : getRadioState(): radioState=10
09-27 11:58:06.044  1199  1204 I AT      : AT> AT+CPIN? (RIL_CMD_READER_3, tid:488544730448)
09-27 11:58:06.047  1199  1240 I AT      : AT< +CPIN: READY (RIL_CMD_READER_3, tid:488544730448)
09-27 11:58:06.047  1199  1240 I AT      : AT< OK (RIL_CMD_READER_3, tid:488544730448)
09-27 11:58:06.047  1199  1204 D RIL-DSBP: DynamicSBP-detectSBPId-0: SIM is ready, start to query IMSI
09-27 11:58:06.047  1199  1204 D RilUtils: prop vendor.gsm.ril.uicc.mccmnc, readMccMnc N/A, ret 2
09-27 11:58:06.047  1199  1204 D RIL-DSBP: DynamicSBP-detectSBPId-0: rerty to query MCC/MNC
09-27 11:58:06.047  1199  1204 D RIL-DSBP: executeDynamicSBP request timed callback executeDynamicSBP to RIL_CMD_PROXY_1
09-27 11:58:06.048  1199  1204 D RIL-DSBP: executeDynamicSBP-0: Retry it later...
09-27 11:58:06.148  1199  1204 D RIL-DSBP: executeDynamicSBP-0: executionPhase=1
09-27 11:58:06.148  1199  1204 D RIL-DSBP: DynamicSBP-detectSBPId-0: start!!
09-27 11:58:06.148  1199  1204 I RIL     : getRadioState(): radioState=10
09-27 11:58:06.148  1199  1204 I AT      : AT> AT+CPIN? (RIL_CMD_READER_3, tid:488544730448)
09-27 11:58:06.150  1199  1240 I AT      : AT< +CPIN: READY (RIL_CMD_READER_3, tid:488544730448)
09-27 11:58:06.151  1199  1240 I AT      : AT< OK (RIL_CMD_READER_3, tid:488544730448)
09-27 11:58:06.151  1199  1204 D RIL-DSBP: DynamicSBP-detectSBPId-0: SIM is ready, start to query IMSI
09-27 11:58:06.151  1199  1204 D RilUtils: prop vendor.gsm.ril.uicc.mccmnc, readMccMnc N/A, ret 2
09-27 11:58:06.151  1199  1204 D RIL-DSBP: DynamicSBP-detectSBPId-0: rerty to query MCC/MNC
09-27 11:58:06.151  1199  1204 D RIL-DSBP: executeDynamicSBP request timed callback executeDynamicSBP to RIL_CMD_PROXY_1
09-27 11:58:06.151  1199  1204 D RIL-DSBP: executeDynamicSBP-0: Retry it later...
09-27 11:58:06.173  1199  1204 I RIL     : getRadioState(): radioState=10
09-27 11:58:06.173  1199  1204 I AT      : AT> AT+CPIN? (RIL_CMD_READER_3, tid:488544730448)
09-27 11:58:06.179  1199  1240 I AT      : AT< +CPIN: READY (RIL_CMD_READER_3, tid:488544730448)
09-27 11:58:06.179  1199  1240 I AT      : AT< OK (RIL_CMD_READER_3, tid:488544730448)
09-27 11:58:06.179  1199  1204 D RilUtils: prop vendor.gsm.ril.uicc.mccmnc, readMccMnc N/A, ret 2
09-27 11:58:06.251  1199  1204 D RIL-DSBP: executeDynamicSBP-0: executionPhase=1
09-27 11:58:06.251  1199  1204 D RIL-DSBP: DynamicSBP-detectSBPId-0: start!!
09-27 11:58:06.252  1199  1204 I RIL     : getRadioState(): radioState=10
09-27 11:58:06.252  1199  1204 I AT      : AT> AT+CPIN? (RIL_CMD_READER_3, tid:488544730448)
09-27 11:58:06.254  1199  1240 I AT      : AT< +CPIN: READY (RIL_CMD_READER_3, tid:488544730448)
09-27 11:58:06.264  1199  1240 I AT      : AT< OK (RIL_CMD_READER_3, tid:488544730448)
09-27 11:58:06.264  1199  1204 D RIL-DSBP: DynamicSBP-detectSBPId-0: SIM is ready, start to query IMSI
09-27 11:58:06.264  1199  1204 D RilUtils: prop vendor.gsm.ril.uicc.mccmnc, readMccMnc N/A, ret 2
09-27 11:58:06.264  1199  1204 D RIL-DSBP: DynamicSBP-detectSBPId-0: rerty to query MCC/MNC
09-27 11:58:06.264  1199  1204 D RIL-DSBP: executeDynamicSBP request timed callback executeDynamicSBP to RIL_CMD_PROXY_1
09-27 11:58:06.264  1199  1204 D RIL-DSBP: executeDynamicSBP-0: Retry it later...
09-27 11:58:06.311  1199  1243 I AT      : AT< +ECSQ: 40,99,-283,1,1,1,1,0,32767,-1 (RIL_URC2_READER, tid:0)
09-27 11:58:06.312  1199  1243 D RIL-NW  : The current signal is the same as previous, ignore
09-27 11:58:06.365  1199  1204 D RIL-DSBP: executeDynamicSBP-0: executionPhase=1
09-27 11:58:06.365  1199  1204 D RIL-DSBP: DynamicSBP-detectSBPId-0: start!!
09-27 11:58:06.365  1199  1204 I RIL     : getRadioState(): radioState=10
09-27 11:58:06.365  1199  1204 I AT      : AT> AT+CPIN? (RIL_CMD_READER_3, tid:488544730448)
09-27 11:58:06.368  1199  1240 I AT      : AT< +CPIN: READY (RIL_CMD_READER_3, tid:488544730448)
09-27 11:58:06.369  1199  1240 I AT      : AT< OK (RIL_CMD_READER_3, tid:488544730448)
09-27 11:58:06.369  1199  1204 D RIL-DSBP: DynamicSBP-detectSBPId-0: SIM is ready, start to query IMSI
09-27 11:58:06.369  1199  1204 D RilUtils: prop vendor.gsm.ril.uicc.mccmnc, readMccMnc N/A, ret 2
09-27 11:58:06.369  1199  1204 D RIL-DSBP: DynamicSBP-detectSBPId-0: rerty to query MCC/MNC
09-27 11:58:06.369  1199  1204 D RIL-DSBP: executeDynamicSBP request timed callback executeDynamicSBP to RIL_CMD_PROXY_1
09-27 11:58:06.369  1199  1204 D RIL-DSBP: executeDynamicSBP-0: Retry it later...
09-27 11:58:06.469  1199  1204 D RIL-DSBP: executeDynamicSBP-0: executionPhase=1
09-27 11:58:06.469  1199  1204 D RIL-DSBP: DynamicSBP-detectSBPId-0: start!!
09-27 11:58:06.469  1199  1204 I RIL     : getRadioState(): radioState=10
09-27 11:58:06.469  1199  1204 I AT      : AT> AT+CPIN? (RIL_CMD_READER_3, tid:488544730448)
09-27 11:58:06.472  1199  1240 I AT      : AT< +CPIN: READY (RIL_CMD_READER_3, tid:488544730448)
09-27 11:58:06.472  1199  1240 I AT      : AT< OK (RIL_CMD_READER_3, tid:488544730448)
09-27 11:58:06.473  1199  1204 D RIL-DSBP: DynamicSBP-detectSBPId-0: SIM is ready, start to query IMSI
09-27 11:58:06.473  1199  1204 D RilUtils: prop vendor.gsm.ril.uicc.mccmnc, readMccMnc N/A, ret 2
09-27 11:58:06.473  1199  1204 D RIL-DSBP: DynamicSBP-detectSBPId-0: rerty to query MCC/MNC
09-27 11:58:06.473  1199  1204 D RIL-DSBP: executeDynamicSBP request timed callback executeDynamicSBP to RIL_CMD_PROXY_1
09-27 11:58:06.473  1199  1204 D RIL-DSBP: executeDynamicSBP-0: Retry it later...
09-27 11:58:06.573  1199  1204 D RIL-DSBP: executeDynamicSBP-0: executionPhase=1
09-27 11:58:06.573  1199  1204 D RIL-DSBP: DynamicSBP-detectSBPId-0: start!!
09-27 11:58:06.573  1199  1204 I RIL     : getRadioState(): radioState=10
09-27 11:58:06.573  1199  1204 I AT      : AT> AT+CPIN? (RIL_CMD_READER_3, tid:488544730448)
09-27 11:58:06.575  1199  1240 I AT      : AT< +CPIN: READY (RIL_CMD_READER_3, tid:488544730448)
09-27 11:58:06.576  1199  1240 I AT      : AT< OK (RIL_CMD_READER_3, tid:488544730448)
09-27 11:58:06.576  1199  1204 D RIL-DSBP: DynamicSBP-detectSBPId-0: SIM is ready, start to query IMSI
09-27 11:58:06.576  1199  1204 D RilUtils: prop vendor.gsm.ril.uicc.mccmnc, readMccMnc N/A, ret 2
09-27 11:58:06.576  1199  1204 D RIL-DSBP: DynamicSBP-detectSBPId-0: rerty to query MCC/MNC
09-27 11:58:06.576  1199  1204 D RIL-DSBP: executeDynamicSBP request timed callback executeDynamicSBP to RIL_CMD_PROXY_1
09-27 11:58:06.576  1199  1204 D RIL-DSBP: executeDynamicSBP-0: Retry it later...
09-27 11:58:06.676  1199  1204 D RIL-DSBP: executeDynamicSBP-0: executionPhase=1
09-27 11:58:06.676  1199  1204 D RIL-DSBP: DynamicSBP-detectSBPId-0: start!!
09-27 11:58:06.676  1199  1204 I RIL     : getRadioState(): radioState=10
09-27 11:58:06.676  1199  1204 I AT      : AT> AT+CPIN? (RIL_CMD_READER_3, tid:488544730448)
09-27 11:58:06.687  1199  1240 I AT      : AT< +CPIN: READY (RIL_CMD_READER_3, tid:488544730448)
09-27 11:58:06.687  1199  1240 I AT      : AT< OK (RIL_CMD_READER_3, tid:488544730448)
09-27 11:58:06.688  1199  1204 D RIL-DSBP: DynamicSBP-detectSBPId-0: SIM is ready, start to query IMSI
09-27 11:58:06.688  1199  1204 D RilUtils: prop vendor.gsm.ril.uicc.mccmnc, readMccMnc N/A, ret 2
09-27 11:58:06.688  1199  1204 D RIL-DSBP: DynamicSBP-detectSBPId-0: rerty to query MCC/MNC
09-27 11:58:06.688  1199  1204 D RIL-DSBP: executeDynamicSBP request timed callback executeDynamicSBP to RIL_CMD_PROXY_1
09-27 11:58:06.688  1199  1204 D RIL-DSBP: executeDynamicSBP-0: Retry it later...
09-27 11:58:06.688  1199  1204 I RIL     : getRadioState(): radioState=10
09-27 11:58:06.688  1199  1204 I AT      : AT> AT+CPIN? (RIL_CMD_READER_3, tid:488544730448)
09-27 11:58:06.690  1199  1240 I AT      : AT< +CPIN: READY (RIL_CMD_READER_3, tid:488544730448)
09-27 11:58:06.691  1199  1240 I AT      : AT< OK (RIL_CMD_READER_3, tid:488544730448)
09-27 11:58:06.691  1199  1204 D RilUtils: prop vendor.gsm.ril.uicc.mccmnc, readMccMnc N/A, ret 2
09-27 11:58:06.789  1199  1204 D RIL-DSBP: executeDynamicSBP-0: executionPhase=1
09-27 11:58:06.789  1199  1204 D RIL-DSBP: DynamicSBP-detectSBPId-0: start!!
09-27 11:58:06.789  1199  1204 I RIL     : getRadioState(): radioState=10
09-27 11:58:06.789  1199  1204 I AT      : AT> AT+CPIN? (RIL_CMD_READER_3, tid:488544730448)
09-27 11:58:06.792  1199  1240 I AT      : AT< +CPIN: READY (RIL_CMD_READER_3, tid:488544730448)
09-27 11:58:06.792  1199  1240 I AT      : AT< OK (RIL_CMD_READER_3, tid:488544730448)
09-27 11:58:06.792  1199  1204 D RIL-DSBP: DynamicSBP-detectSBPId-0: SIM is ready, start to query IMSI
09-27 11:58:06.792  1199  1204 D RilUtils: prop vendor.gsm.ril.uicc.mccmnc, readMccMnc N/A, ret 2
09-27 11:58:06.792  1199  1204 D RIL-DSBP: DynamicSBP-detectSBPId-0: rerty to query MCC/MNC
09-27 11:58:06.792  1199  1204 D RIL-DSBP: executeDynamicSBP request timed callback executeDynamicSBP to RIL_CMD_PROXY_1
09-27 11:58:06.792  1199  1204 D RIL-DSBP: executeDynamicSBP-0: Retry it later...
09-27 11:58:06.892  1199  1204 D RIL-DSBP: executeDynamicSBP-0: executionPhase=1
09-27 11:58:06.893  1199  1204 D RIL-DSBP: DynamicSBP-detectSBPId-0: start!!
09-27 11:58:06.893  1199  1204 I RIL     : getRadioState(): radioState=10
09-27 11:58:06.893  1199  1204 I AT      : AT> AT+CPIN? (RIL_CMD_READER_3, tid:488544730448)
09-27 11:58:06.896  1199  1240 I AT      : AT< +CPIN: READY (RIL_CMD_READER_3, tid:488544730448)
09-27 11:58:06.896  1199  1240 I AT      : AT< OK (RIL_CMD_READER_3, tid:488544730448)
09-27 11:58:06.896  1199  1204 D RIL-DSBP: DynamicSBP-detectSBPId-0: SIM is ready, start to query IMSI
09-27 11:58:06.896  1199  1204 D RilUtils: prop vendor.gsm.ril.uicc.mccmnc, readMccMnc N/A, ret 2
09-27 11:58:06.896  1199  1204 D RIL-DSBP: DynamicSBP-detectSBPId-0: rerty to query MCC/MNC
09-27 11:58:06.896  1199  1204 D RIL-DSBP: executeDynamicSBP request timed callback executeDynamicSBP to RIL_CMD_PROXY_1
09-27 11:58:06.896  1199  1204 D RIL-DSBP: executeDynamicSBP-0: Retry it later...
09-27 11:58:06.996  1199  1204 D RIL-DSBP: executeDynamicSBP-0: executionPhase=1
09-27 11:58:06.996  1199  1204 D RIL-DSBP: DynamicSBP-detectSBPId-0: start!!
09-27 11:58:06.996  1199  1204 I RIL     : getRadioState(): radioState=10
09-27 11:58:06.996  1199  1204 I AT      : AT> AT+CPIN? (RIL_CMD_READER_3, tid:488544730448)
09-27 11:58:06.999  1199  1240 I AT      : AT< +CPIN: READY (RIL_CMD_READER_3, tid:488544730448)
09-27 11:58:06.999  1199  1240 I AT      : AT< OK (RIL_CMD_READER_3, tid:488544730448)
09-27 11:58:06.999  1199  1204 D RIL-DSBP: DynamicSBP-detectSBPId-0: SIM is ready, start to query IMSI
09-27 11:58:06.999  1199  1204 D RilUtils: prop vendor.gsm.ril.uicc.mccmnc, readMccMnc N/A, ret 2
09-27 11:58:06.999  1199  1204 D RIL-DSBP: DynamicSBP-detectSBPId-0: rerty to query MCC/MNC
09-27 11:58:06.999  1199  1204 D RIL-DSBP: executeDynamicSBP request timed callback executeDynamicSBP to RIL_CMD_PROXY_1
09-27 11:58:06.999  1199  1204 D RIL-DSBP: executeDynamicSBP-0: Retry it later...
09-27 11:58:07.099  1199  1204 D RIL-DSBP: executeDynamicSBP-0: executionPhase=1
09-27 11:58:07.100  1199  1204 D RIL-DSBP: DynamicSBP-detectSBPId-0: start!!
09-27 11:58:07.100  1199  1204 I RIL     : getRadioState(): radioState=10
09-27 11:58:07.100  1199  1204 I AT      : AT> AT+CPIN? (RIL_CMD_READER_3, tid:488544730448)
09-27 11:58:07.102  1199  1240 I AT      : AT< +CPIN: READY (RIL_CMD_READER_3, tid:488544730448)
09-27 11:58:07.111  1199  1240 I AT      : AT< OK (RIL_CMD_READER_3, tid:488544730448)
09-27 11:58:07.112  1199  1204 D RIL-DSBP: DynamicSBP-detectSBPId-0: SIM is ready, start to query IMSI
09-27 11:58:07.112  1199  1204 D RilUtils: prop vendor.gsm.ril.uicc.mccmnc, readMccMnc N/A, ret 2
09-27 11:58:07.112  1199  1204 D RIL-DSBP: DynamicSBP-detectSBPId-0: rerty to query MCC/MNC
09-27 11:58:07.112  1199  1204 D RIL-DSBP: executeDynamicSBP request timed callback executeDynamicSBP to RIL_CMD_PROXY_1
09-27 11:58:07.112  1199  1204 D RIL-DSBP: executeDynamicSBP-0: Retry it later...
09-27 11:58:07.191  1199  1204 I RIL     : getRadioState(): radioState=10
09-27 11:58:07.191  1199  1204 I AT      : AT> AT+CPIN? (RIL_CMD_READER_3, tid:488544730448)
09-27 11:58:07.198  1199  1240 I AT      : AT< +CPIN: READY (RIL_CMD_READER_3, tid:488544730448)
09-27 11:58:07.198  1199  1240 I AT      : AT< OK (RIL_CMD_READER_3, tid:488544730448)
09-27 11:58:07.199  1199  1204 D RilUtils: prop vendor.gsm.ril.uicc.mccmnc, readMccMnc N/A, ret 2
09-27 11:58:07.213  1199  1204 D RIL-DSBP: executeDynamicSBP-0: executionPhase=1
09-27 11:58:07.213  1199  1204 D RIL-DSBP: DynamicSBP-detectSBPId-0: start!!
09-27 11:58:07.213  1199  1204 I RIL     : getRadioState(): radioState=10
09-27 11:58:07.213  1199  1204 I AT      : AT> AT+CPIN? (RIL_CMD_READER_3, tid:488544730448)
09-27 11:58:07.215  1199  1240 I AT      : AT< +CPIN: READY (RIL_CMD_READER_3, tid:488544730448)
09-27 11:58:07.216  1199  1240 I AT      : AT< OK (RIL_CMD_READER_3, tid:488544730448)
09-27 11:58:07.216  1199  1204 D RIL-DSBP: DynamicSBP-detectSBPId-0: SIM is ready, start to query IMSI
09-27 11:58:07.216  1199  1204 D RilUtils: prop vendor.gsm.ril.uicc.mccmnc, readMccMnc N/A, ret 2
09-27 11:58:07.216  1199  1204 D RIL-DSBP: DynamicSBP-detectSBPId-0: rerty to query MCC/MNC
09-27 11:58:07.216  1199  1204 D RIL-DSBP: executeDynamicSBP request timed callback executeDynamicSBP to RIL_CMD_PROXY_1
09-27 11:58:07.216  1199  1204 D RIL-DSBP: executeDynamicSBP-0: Retry it later...
09-27 11:58:07.320  1199  1204 D RIL-DSBP: executeDynamicSBP-0: executionPhase=1
09-27 11:58:07.321  1199  1204 D RIL-DSBP: DynamicSBP-detectSBPId-0: start!!
09-27 11:58:07.321  1199  1204 I RIL     : getRadioState(): radioState=10
09-27 11:58:07.321  1199  1204 I AT      : AT> AT+CPIN? (RIL_CMD_READER_3, tid:488544730448)
09-27 11:58:07.325  1199  1240 I AT      : AT< +CPIN: READY (RIL_CMD_READER_3, tid:488544730448)
09-27 11:58:07.325  1199  1240 I AT      : AT< OK (RIL_CMD_READER_3, tid:488544730448)
09-27 11:58:07.326  1199  1204 D RIL-DSBP: DynamicSBP-detectSBPId-0: SIM is ready, start to query IMSI
09-27 11:58:07.326  1199  1204 D RilUtils: prop vendor.gsm.ril.uicc.mccmnc, readMccMnc N/A, ret 2
09-27 11:58:07.326  1199  1204 D RIL-DSBP: DynamicSBP-detectSBPId-0: rerty to query MCC/MNC
09-27 11:58:07.326  1199  1204 D RIL-DSBP: executeDynamicSBP request timed callback executeDynamicSBP to RIL_CMD_PROXY_1
09-27 11:58:07.326  1199  1204 D RIL-DSBP: executeDynamicSBP-0: Retry it later...
09-27 11:58:07.426  1199  1204 D RIL-DSBP: executeDynamicSBP-0: executionPhase=1
09-27 11:58:07.426  1199  1204 D RIL-DSBP: DynamicSBP-detectSBPId-0: start!!
09-27 11:58:07.426  1199  1204 I RIL     : getRadioState(): radioState=10
09-27 11:58:07.426  1199  1204 I AT      : AT> AT+CPIN? (RIL_CMD_READER_3, tid:488544730448)
09-27 11:58:07.429  1199  1240 I AT      : AT< +CPIN: READY (RIL_CMD_READER_3, tid:488544730448)
09-27 11:58:07.429  1199  1240 I AT      : AT< OK (RIL_CMD_READER_3, tid:488544730448)
09-27 11:58:07.429  1199  1204 D RIL-DSBP: DynamicSBP-detectSBPId-0: SIM is ready, start to query IMSI
09-27 11:58:07.429  1199  1204 D RilUtils: prop vendor.gsm.ril.uicc.mccmnc, readMccMnc N/A, ret 2
09-27 11:58:07.429  1199  1204 D RIL-DSBP: DynamicSBP-detectSBPId-0: rerty to query MCC/MNC
09-27 11:58:07.429  1199  1204 D RIL-DSBP: executeDynamicSBP request timed callback executeDynamicSBP to RIL_CMD_PROXY_1
09-27 11:58:07.429  1199  1204 D RIL-DSBP: executeDynamicSBP-0: Retry it later...
09-27 11:58:07.491  1800  1800 D RILJ    : [0392]> RIL_REQUEST_GET_CELL_INFO_LIST [SUB1]
09-27 11:58:07.492  1199  1209 I RILC-MTK: proxy id:8, proxyName: RIL_CMD2_PROXY_2, GET_CELL_INFO_LIST pRI=0x71b070ffc0 p=0x71b0831180 execute on RIL_CMD2_PROXY_2 using channel 8
09-27 11:58:07.492  1199  1209 I AT      : AT> AT+ECELL (RIL_CMD2_READER_2, tid:488422108496)
09-27 11:58:07.495  1199  1245 I AT      : AT< +ECELL=*** (RIL_CMD2_READER_2, tid:488422108496)
09-27 11:58:07.495  1199  1245 I AT      : AT< OK (RIL_CMD2_READER_2, tid:488422108496)
09-27 11:58:07.496  1199  1209 D RIL-NW  : No cell info listed, num=0
09-27 11:58:07.496  1199  1209 E RIL-NW  : requestGetCellInfoList must never return error when radio is on
09-27 11:58:07.496  1310  1329 E RILC-RP : Calling responseFunction() for token 392
09-27 11:58:07.496  1310  1329 E RILC-RP : getCellInfoListResponse: Invalid response
09-27 11:58:07.497  1800  1909 D RILJ    : [0392]< RIL_REQUEST_GET_CELL_INFO_LIST error 63 [SUB1]
09-27 11:58:07.497  1800  1909 D RilRequest: [0392]< RIL_REQUEST_GET_CELL_INFO_LIST error: com.android.internal.telephony.CommandException: NO_NETWORK_FOUND ret=[]
09-27 11:58:07.497  1800  1800 D SST     : [1] EVENT_GET_CELL_INFO_LIST: error ret null, e=com.android.internal.telephony.CommandException: NO_NETWORK_FOUND
09-27 11:58:07.497  1800  1800 D LocaleTracker: Can't get cell info. Try again in 64 secs.
09-27 11:58:07.530  1199  1204 D RIL-DSBP: executeDynamicSBP-0: executionPhase=1
09-27 11:58:07.530  1199  1204 D RIL-DSBP: DynamicSBP-detectSBPId-0: start!!
09-27 11:58:07.530  1199  1204 I RIL     : getRadioState(): radioState=10
09-27 11:58:07.530  1199  1204 I AT      : AT> AT+CPIN? (RIL_CMD_READER_3, tid:488544730448)
09-27 11:58:07.532  1199  1240 I AT      : AT< +CPIN: READY (RIL_CMD_READER_3, tid:488544730448)
09-27 11:58:07.533  1199  1240 I AT      : AT< OK (RIL_CMD_READER_3, tid:488544730448)
09-27 11:58:07.533  1199  1204 D RIL-DSBP: DynamicSBP-detectSBPId-0: SIM is ready, start to query IMSI
09-27 11:58:07.533  1199  1204 D RilUtils: prop vendor.gsm.ril.uicc.mccmnc, readMccMnc N/A, ret 2
09-27 11:58:07.533  1199  1204 D RIL-DSBP: DynamicSBP-detectSBPId-0: rerty to query MCC/MNC
09-27 11:58:07.533  1199  1204 D RIL-DSBP: executeDynamicSBP request timed callback executeDynamicSBP to RIL_CMD_PROXY_1
09-27 11:58:07.533  1199  1204 D RIL-DSBP: executeDynamicSBP-0: Retry it later...
09-27 11:58:07.633  1199  1204 D RIL-DSBP: executeDynamicSBP-0: executionPhase=1
09-27 11:58:07.633  1199  1204 D RIL-DSBP: DynamicSBP-detectSBPId-0: start!!
09-27 11:58:07.633  1199  1204 I RIL     : getRadioState(): radioState=10
09-27 11:58:07.633  1199  1204 I AT      : AT> AT+CPIN? (RIL_CMD_READER_3, tid:488544730448)
09-27 11:58:07.636  1199  1240 I AT      : AT< +CPIN: READY (RIL_CMD_READER_3, tid:488544730448)
09-27 11:58:07.636  1199  1240 I AT      : AT< OK (RIL_CMD_READER_3, tid:488544730448)
09-27 11:58:07.636  1199  1204 D RIL-DSBP: DynamicSBP-detectSBPId-0: SIM is ready, start to query IMSI
09-27 11:58:07.637  1199  1204 D RilUtils: prop vendor.gsm.ril.uicc.mccmnc, readMccMnc N/A, ret 2
09-27 11:58:07.637  1199  1204 D RIL-DSBP: DynamicSBP-detectSBPId-0: rerty to query MCC/MNC
09-27 11:58:07.637  1199  1204 D RIL-DSBP: executeDynamicSBP request timed callback executeDynamicSBP to RIL_CMD_PROXY_1
09-27 11:58:07.637  1199  1204 D RIL-DSBP: executeDynamicSBP-0: Retry it later...
09-27 11:58:07.699  1199  1204 I RIL     : getRadioState(): radioState=10
09-27 11:58:07.699  1199  1204 I AT      : AT> AT+CPIN? (RIL_CMD_READER_3, tid:488544730448)
09-27 11:58:07.702  1199  1240 I AT      : AT< +CPIN: READY (RIL_CMD_READER_3, tid:488544730448)
09-27 11:58:07.703  1199  1240 I AT      : AT< OK (RIL_CMD_READER_3, tid:488544730448)
09-27 11:58:07.703  1199  1204 D RilUtils: prop vendor.gsm.ril.uicc.mccmnc, readMccMnc N/A, ret 2
09-27 11:58:07.737  1199  1204 D RIL-DSBP: executeDynamicSBP-0: executionPhase=1
09-27 11:58:07.737  1199  1204 D RIL-DSBP: DynamicSBP-detectSBPId-0: start!!
09-27 11:58:07.737  1199  1204 I RIL     : getRadioState(): radioState=10
09-27 11:58:07.737  1199  1204 I AT      : AT> AT+CPIN? (RIL_CMD_READER_3, tid:488544730448)
09-27 11:58:07.740  1199  1240 I AT      : AT< +CPIN: READY (RIL_CMD_READER_3, tid:488544730448)
09-27 11:58:07.741  1199  1240 I AT      : AT< OK (RIL_CMD_READER_3, tid:488544730448)
09-27 11:58:07.741  1199  1204 D RIL-DSBP: DynamicSBP-detectSBPId-0: SIM is ready, start to query IMSI
09-27 11:58:07.741  1199  1204 D RilUtils: prop vendor.gsm.ril.uicc.mccmnc, readMccMnc N/A, ret 2
09-27 11:58:07.741  1199  1204 D RIL-DSBP: DynamicSBP-detectSBPId-0: rerty to query MCC/MNC
09-27 11:58:07.741  1199  1204 D RIL-DSBP: executeDynamicSBP request timed callback executeDynamicSBP to RIL_CMD_PROXY_1
09-27 11:58:07.741  1199  1204 D RIL-DSBP: executeDynamicSBP-0: Retry it later...
09-27 11:58:07.842  1199  1204 D RIL-DSBP: executeDynamicSBP-0: executionPhase=1
09-27 11:58:07.842  1199  1204 D RIL-DSBP: DynamicSBP-detectSBPId-0: start!!
09-27 11:58:07.842  1199  1204 I RIL     : getRadioState(): radioState=10
09-27 11:58:07.842  1199  1204 I AT      : AT> AT+CPIN? (RIL_CMD_READER_3, tid:488544730448)
09-27 11:58:07.846  1199  1240 I AT      : AT< +CPIN: READY (RIL_CMD_READER_3, tid:488544730448)
09-27 11:58:07.846  1199  1240 I AT      : AT< OK (RIL_CMD_READER_3, tid:488544730448)
09-27 11:58:07.846  1199  1204 D RIL-DSBP: DynamicSBP-detectSBPId-0: SIM is ready, start to query IMSI
09-27 11:58:07.847  1199  1204 D RilUtils: prop vendor.gsm.ril.uicc.mccmnc, readMccMnc N/A, ret 2
09-27 11:58:07.847  1199  1204 D RIL-DSBP: DynamicSBP-detectSBPId-0: rerty to query MCC/MNC
09-27 11:58:07.847  1199  1204 D RIL-DSBP: executeDynamicSBP request timed callback executeDynamicSBP to RIL_CMD_PROXY_1
09-27 11:58:07.847  1199  1204 D RIL-DSBP: executeDynamicSBP-0: Retry it later...
09-27 11:58:07.948  1199  1204 D RIL-DSBP: executeDynamicSBP-0: executionPhase=1
09-27 11:58:07.948  1199  1204 D RIL-DSBP: DynamicSBP-detectSBPId-0: start!!
09-27 11:58:07.948  1199  1204 I RIL     : getRadioState(): radioState=10
09-27 11:58:07.948  1199  1204 I AT      : AT> AT+CPIN? (RIL_CMD_READER_3, tid:488544730448)
09-27 11:58:07.952  1199  1240 I AT      : AT< +CPIN: READY (RIL_CMD_READER_3, tid:488544730448)
09-27 11:58:07.953  1199  1240 I AT      : AT< OK (RIL_CMD_READER_3, tid:488544730448)
09-27 11:58:07.954  1199  1204 D RIL-DSBP: DynamicSBP-detectSBPId-0: SIM is ready, start to query IMSI
09-27 11:58:07.954  1199  1204 D RilUtils: prop vendor.gsm.ril.uicc.mccmnc, readMccMnc N/A, ret 2
09-27 11:58:07.954  1199  1204 D RIL-DSBP: DynamicSBP-detectSBPId-0: rerty to query MCC/MNC
09-27 11:58:07.954  1199  1204 D RIL-DSBP: executeDynamicSBP request timed callback executeDynamicSBP to RIL_CMD_PROXY_1
09-27 11:58:07.958  1199  1204 D RIL-DSBP: executeDynamicSBP-0: Retry it later...
09-27 11:58:08.056  1199  1204 D RIL-DSBP: executeDynamicSBP-0: executionPhase=1
09-27 11:58:08.056  1199  1204 D RIL-DSBP: DynamicSBP-detectSBPId-0: start!!
09-27 11:58:08.057  1199  1204 I RIL     : getRadioState(): radioState=10
09-27 11:58:08.057  1199  1204 I AT      : AT> AT+CPIN? (RIL_CMD_READER_3, tid:488544730448)
09-27 11:58:08.061  1199  1240 I AT      : AT< +CPIN: READY (RIL_CMD_READER_3, tid:488544730448)
09-27 11:58:08.061  1199  1240 I AT      : AT< OK (RIL_CMD_READER_3, tid:488544730448)
09-27 11:58:08.061  1199  1204 D RIL-DSBP: DynamicSBP-detectSBPId-0: SIM is ready, start to query IMSI
09-27 11:58:08.061  1199  1204 D RilUtils: prop vendor.gsm.ril.uicc.mccmnc, readMccMnc N/A, ret 2
09-27 11:58:08.061  1199  1204 D RIL-DSBP: DynamicSBP-detectSBPId-0: rerty to query MCC/MNC
09-27 11:58:08.061  1199  1204 D RIL-DSBP: executeDynamicSBP request timed callback executeDynamicSBP to RIL_CMD_PROXY_1
09-27 11:58:08.062  1199  1204 D RIL-DSBP: executeDynamicSBP-0: Retry it later...
09-27 11:58:08.162  1199  1204 D RIL-DSBP: executeDynamicSBP-0: executionPhase=1
09-27 11:58:08.162  1199  1204 D RIL-DSBP: DynamicSBP-detectSBPId-0: start!!
09-27 11:58:08.162  1199  1204 I RIL     : getRadioState(): radioState=10
09-27 11:58:08.162  1199  1204 I AT      : AT> AT+CPIN? (RIL_CMD_READER_3, tid:488544730448)
09-27 11:58:08.166  1199  1240 I AT      : AT< +CPIN: READY (RIL_CMD_READER_3, tid:488544730448)
09-27 11:58:08.167  1199  1240 I AT      : AT< OK (RIL_CMD_READER_3, tid:488544730448)
09-27 11:58:08.167  1199  1204 D RIL-DSBP: DynamicSBP-detectSBPId-0: SIM is ready, start to query IMSI
09-27 11:58:08.167  1199  1204 D RilUtils: prop vendor.gsm.ril.uicc.mccmnc, readMccMnc N/A, ret 2
09-27 11:58:08.167  1199  1204 D RIL-DSBP: DynamicSBP-detectSBPId-0: rerty to query MCC/MNC
09-27 11:58:08.167  1199  1204 D RIL-DSBP: executeDynamicSBP request timed callback executeDynamicSBP to RIL_CMD_PROXY_1
09-27 11:58:08.167  1199  1204 D RIL-DSBP: executeDynamicSBP-0: Retry it later...
09-27 11:58:08.203  1199  1204 I RIL     : getRadioState(): radioState=10
09-27 11:58:08.204  1199  1204 I AT      : AT> AT+CPIN? (RIL_CMD_READER_3, tid:488544730448)
09-27 11:58:08.206  1199  1240 I AT      : AT< +CPIN: READY (RIL_CMD_READER_3, tid:488544730448)
09-27 11:58:08.209  1199  1240 I AT      : AT< OK (RIL_CMD_READER_3, tid:488544730448)
09-27 11:58:08.210  1199  1204 D RilUtils: prop vendor.gsm.ril.uicc.mccmnc, readMccMnc N/A, ret 2
09-27 11:58:08.268  1199  1204 D RIL-DSBP: executeDynamicSBP-0: executionPhase=1
09-27 11:58:08.268  1199  1204 D RIL-DSBP: DynamicSBP-detectSBPId-0: start!!
09-27 11:58:08.268  1199  1204 I RIL     : getRadioState(): radioState=10
09-27 11:58:08.268  1199  1204 I AT      : AT> AT+CPIN? (RIL_CMD_READER_3, tid:488544730448)
09-27 11:58:08.272  1199  1240 I AT      : AT< +CPIN: READY (RIL_CMD_READER_3, tid:488544730448)
09-27 11:58:08.272  1199  1240 I AT      : AT< OK (RIL_CMD_READER_3, tid:488544730448)
09-27 11:58:08.272  1199  1204 D RIL-DSBP: DynamicSBP-detectSBPId-0: SIM is ready, start to query IMSI
09-27 11:58:08.272  1199  1204 D RilUtils: prop vendor.gsm.ril.uicc.mccmnc, readMccMnc N/A, ret 2
09-27 11:58:08.272  1199  1204 D RIL-DSBP: DynamicSBP-detectSBPId-0: rerty to query MCC/MNC
09-27 11:58:08.272  1199  1204 D RIL-DSBP: executeDynamicSBP request timed callback executeDynamicSBP to RIL_CMD_PROXY_1
09-27 11:58:08.273  1199  1204 D RIL-DSBP: executeDynamicSBP-0: Retry it later...
09-27 11:58:08.374  1199  1204 D RIL-DSBP: executeDynamicSBP-0: executionPhase=1
09-27 11:58:08.375  1199  1204 D RIL-DSBP: DynamicSBP-detectSBPId-0: start!!
09-27 11:58:08.375  1199  1204 I RIL     : getRadioState(): radioState=10
09-27 11:58:08.375  1199  1204 I AT      : AT> AT+CPIN? (RIL_CMD_READER_3, tid:488544730448)
09-27 11:58:08.385  1199  1240 I AT      : AT< +CPIN: READY (RIL_CMD_READER_3, tid:488544730448)
09-27 11:58:08.385  1199  1240 I AT      : AT< OK (RIL_CMD_READER_3, tid:488544730448)
09-27 11:58:08.386  1199  1204 D RIL-DSBP: DynamicSBP-detectSBPId-0: SIM is ready, start to query IMSI
09-27 11:58:08.386  1199  1204 D RilUtils: prop vendor.gsm.ril.uicc.mccmnc, readMccMnc N/A, ret 2
09-27 11:58:08.386  1199  1204 D RIL-DSBP: DynamicSBP-detectSBPId-0: rerty to query MCC/MNC
09-27 11:58:08.386  1199  1204 D RIL-DSBP: executeDynamicSBP request timed callback executeDynamicSBP to RIL_CMD_PROXY_1
09-27 11:58:08.386  1199  1204 D RIL-DSBP: executeDynamicSBP-0: Retry it later...
09-27 11:58:08.487  1199  1204 D RIL-DSBP: executeDynamicSBP-0: executionPhase=1
09-27 11:58:08.487  1199  1204 D RIL-DSBP: DynamicSBP-detectSBPId-0: start!!
09-27 11:58:08.487  1199  1204 I RIL     : getRadioState(): radioState=10
09-27 11:58:08.487  1199  1204 I AT      : AT> AT+CPIN? (RIL_CMD_READER_3, tid:488544730448)
09-27 11:58:08.490  1199  1240 I AT      : AT< +CPIN: READY (RIL_CMD_READER_3, tid:488544730448)
09-27 11:58:08.490  1199  1240 I AT      : AT< OK (RIL_CMD_READER_3, tid:488544730448)
09-27 11:58:08.490  1199  1204 D RIL-DSBP: DynamicSBP-detectSBPId-0: SIM is ready, start to query IMSI
09-27 11:58:08.491  1199  1204 D RilUtils: prop vendor.gsm.ril.uicc.mccmnc, readMccMnc N/A, ret 2
09-27 11:58:08.491  1199  1204 D RIL-DSBP: DynamicSBP-detectSBPId-0: rerty to query MCC/MNC
09-27 11:58:08.491  1199  1204 D RIL-DSBP: executeDynamicSBP request timed callback executeDynamicSBP to RIL_CMD_PROXY_1
09-27 11:58:08.491  1199  1204 D RIL-DSBP: executeDynamicSBP-0: Retry it later...
09-27 11:58:08.522  1800  1800 W MmTelFeatureConnection: create: binder is null! Slot Id: 0
09-27 11:58:08.551  1800  1800 W MmTelFeatureConnection: create: binder is null! Slot Id: 1
09-27 11:58:08.591  1199  1204 D RIL-DSBP: executeDynamicSBP-0: executionPhase=1
09-27 11:58:08.591  1199  1204 D RIL-DSBP: DynamicSBP-detectSBPId-0: start!!
09-27 11:58:08.591  1199  1204 I RIL     : getRadioState(): radioState=10
09-27 11:58:08.591  1199  1204 I AT      : AT> AT+CPIN? (RIL_CMD_READER_3, tid:488544730448)
09-27 11:58:08.595  1199  1240 I AT      : AT< +CPIN: READY (RIL_CMD_READER_3, tid:488544730448)
09-27 11:58:08.595  1199  1240 I AT      : AT< OK (RIL_CMD_READER_3, tid:488544730448)
09-27 11:58:08.595  1199  1204 D RIL-DSBP: DynamicSBP-detectSBPId-0: SIM is ready, start to query IMSI
09-27 11:58:08.595  1199  1204 D RilUtils: prop vendor.gsm.ril.uicc.mccmnc, readMccMnc N/A, ret 2
09-27 11:58:08.595  1199  1204 D RIL-DSBP: DynamicSBP-detectSBPId-0: rerty to query MCC/MNC
09-27 11:58:08.596  1199  1204 D RIL-DSBP: executeDynamicSBP request timed callback executeDynamicSBP to RIL_CMD_PROXY_1
09-27 11:58:08.596  1199  1204 D RIL-DSBP: executeDynamicSBP-0: Retry it later...
09-27 11:58:08.696  1199  1204 D RIL-DSBP: executeDynamicSBP-0: executionPhase=1
09-27 11:58:08.696  1199  1204 D RIL-DSBP: DynamicSBP-detectSBPId-0: start!!
09-27 11:58:08.697  1199  1204 I RIL     : getRadioState(): radioState=10
09-27 11:58:08.697  1199  1204 I AT      : AT> AT+CPIN? (RIL_CMD_READER_3, tid:488544730448)
09-27 11:58:08.700  1199  1240 I AT      : AT< +CPIN: READY (RIL_CMD_READER_3, tid:488544730448)
09-27 11:58:08.700  1199  1240 I AT      : AT< OK (RIL_CMD_READER_3, tid:488544730448)
09-27 11:58:08.701  1199  1204 D RIL-DSBP: DynamicSBP-detectSBPId-0: SIM is ready, start to query IMSI
09-27 11:58:08.701  1199  1204 D RilUtils: prop vendor.gsm.ril.uicc.mccmnc, readMccMnc N/A, ret 2
09-27 11:58:08.701  1199  1204 D RIL-DSBP: DynamicSBP-detectSBPId-0: rerty to query MCC/MNC
09-27 11:58:08.701  1199  1204 D RIL-DSBP: executeDynamicSBP request timed callback executeDynamicSBP to RIL_CMD_PROXY_1
09-27 11:58:08.701  1199  1204 D RIL-DSBP: executeDynamicSBP-0: Retry it later...
09-27 11:58:08.710  1199  1204 I RIL     : getRadioState(): radioState=10
09-27 11:58:08.710  1199  1204 I AT      : AT> AT+CPIN? (RIL_CMD_READER_3, tid:488544730448)
09-27 11:58:08.714  1199  1240 I AT      : AT< +CPIN: READY (RIL_CMD_READER_3, tid:488544730448)
09-27 11:58:08.714  1199  1240 I AT      : AT< OK (RIL_CMD_READER_3, tid:488544730448)
09-27 11:58:08.714  1199  1204 D RilUtils: prop vendor.gsm.ril.uicc.mccmnc, readMccMnc N/A, ret 2
09-27 11:58:08.801  1199  1204 D RIL-DSBP: executeDynamicSBP-0: executionPhase=1
09-27 11:58:08.801  1199  1204 D RIL-DSBP: DynamicSBP-detectSBPId-0: start!!
09-27 11:58:08.802  1199  1204 I RIL     : getRadioState(): radioState=10
09-27 11:58:08.802  1199  1204 I AT      : AT> AT+CPIN? (RIL_CMD_READER_3, tid:488544730448)
09-27 11:58:08.806  1199  1240 I AT      : AT< +CPIN: READY (RIL_CMD_READER_3, tid:488544730448)
09-27 11:58:08.807  1199  1240 I AT      : AT< OK (RIL_CMD_READER_3, tid:488544730448)
09-27 11:58:08.808  1199  1204 D RIL-DSBP: DynamicSBP-detectSBPId-0: SIM is ready, start to query IMSI
09-27 11:58:08.808  1199  1204 D RilUtils: prop vendor.gsm.ril.uicc.mccmnc, readMccMnc N/A, ret 2
09-27 11:58:08.808  1199  1204 D RIL-DSBP: DynamicSBP-detectSBPId-0: rerty to query MCC/MNC
09-27 11:58:08.808  1199  1204 D RIL-DSBP: executeDynamicSBP request timed callback executeDynamicSBP to RIL_CMD_PROXY_1
09-27 11:58:08.808  1199  1204 D RIL-DSBP: executeDynamicSBP-0: Retry it later...
09-27 11:58:08.908  1199  1204 D RIL-DSBP: executeDynamicSBP-0: executionPhase=1
09-27 11:58:08.908  1199  1204 D RIL-DSBP: DynamicSBP-detectSBPId-0: start!!
09-27 11:58:08.908  1199  1204 I RIL     : getRadioState(): radioState=10
09-27 11:58:08.908  1199  1204 I AT      : AT> AT+CPIN? (RIL_CMD_READER_3, tid:488544730448)
09-27 11:58:08.911  1199  1240 I AT      : AT< +CPIN: READY (RIL_CMD_READER_3, tid:488544730448)
09-27 11:58:08.912  1199  1240 I AT      : AT< OK (RIL_CMD_READER_3, tid:488544730448)
09-27 11:58:08.912  1199  1204 D RIL-DSBP: DynamicSBP-detectSBPId-0: SIM is ready, start to query IMSI
09-27 11:58:08.912  1199  1204 D RilUtils: prop vendor.gsm.ril.uicc.mccmnc, readMccMnc N/A, ret 2
09-27 11:58:08.912  1199  1204 D RIL-DSBP: DynamicSBP-detectSBPId-0: rerty to query MCC/MNC
09-27 11:58:08.912  1199  1204 D RIL-DSBP: executeDynamicSBP request timed callback executeDynamicSBP to RIL_CMD_PROXY_1
09-27 11:58:08.912  1199  1204 D RIL-DSBP: executeDynamicSBP-0: Retry it later...
09-27 11:58:09.013  1199  1204 D RIL-DSBP: executeDynamicSBP-0: executionPhase=1
09-27 11:58:09.013  1199  1204 D RIL-DSBP: DynamicSBP-detectSBPId-0: start!!
09-27 11:58:09.013  1199  1204 I RIL     : getRadioState(): radioState=10
09-27 11:58:09.013  1199  1204 I AT      : AT> AT+CPIN? (RIL_CMD_READER_3, tid:488544730448)
09-27 11:58:09.016  1199  1240 I AT      : AT< +CPIN: READY (RIL_CMD_READER_3, tid:488544730448)
09-27 11:58:09.017  1199  1240 I AT      : AT< OK (RIL_CMD_READER_3, tid:488544730448)
09-27 11:58:09.017  1199  1204 D RIL-DSBP: DynamicSBP-detectSBPId-0: SIM is ready, start to query IMSI
09-27 11:58:09.017  1199  1204 D RilUtils: prop vendor.gsm.ril.uicc.mccmnc, readMccMnc N/A, ret 2
09-27 11:58:09.017  1199  1204 D RIL-DSBP: DynamicSBP-detectSBPId-0: rerty to query MCC/MNC
09-27 11:58:09.017  1199  1204 D RIL-DSBP: executeDynamicSBP request timed callback executeDynamicSBP to RIL_CMD_PROXY_1
09-27 11:58:09.017  1199  1204 D RIL-DSBP: executeDynamicSBP-0: Retry it later...
09-27 11:58:09.118  1199  1204 D RIL-DSBP: executeDynamicSBP-0: executionPhase=1
09-27 11:58:09.118  1199  1204 D RIL-DSBP: DynamicSBP-detectSBPId-0: start!!
09-27 11:58:09.118  1199  1204 I RIL     : getRadioState(): radioState=10
09-27 11:58:09.118  1199  1204 I AT      : AT> AT+CPIN? (RIL_CMD_READER_3, tid:488544730448)
09-27 11:58:09.122  1199  1240 I AT      : AT< +CPIN: READY (RIL_CMD_READER_3, tid:488544730448)
09-27 11:58:09.122  1199  1240 I AT      : AT< OK (RIL_CMD_READER_3, tid:488544730448)
09-27 11:58:09.122  1199  1204 D RIL-DSBP: DynamicSBP-detectSBPId-0: SIM is ready, start to query IMSI
09-27 11:58:09.122  1199  1204 D RilUtils: prop vendor.gsm.ril.uicc.mccmnc, readMccMnc N/A, ret 2
09-27 11:58:09.122  1199  1204 D RIL-DSBP: DynamicSBP-detectSBPId-0: rerty to query MCC/MNC
09-27 11:58:09.122  1199  1204 D RIL-DSBP: executeDynamicSBP request timed callback executeDynamicSBP to RIL_CMD_PROXY_1
09-27 11:58:09.123  1199  1204 D RIL-DSBP: executeDynamicSBP-0: Retry it later...
09-27 11:58:09.215  1199  1204 I RIL     : getRadioState(): radioState=10
09-27 11:58:09.215  1199  1204 I AT      : AT> AT+CPIN? (RIL_CMD_READER_3, tid:488544730448)
09-27 11:58:09.219  1199  1240 I AT      : AT< +CPIN: READY (RIL_CMD_READER_3, tid:488544730448)
09-27 11:58:09.219  1199  1240 I AT      : AT< OK (RIL_CMD_READER_3, tid:488544730448)
09-27 11:58:09.219  1199  1204 D RilUtils: prop vendor.gsm.ril.uicc.mccmnc, readMccMnc N/A, ret 2
09-27 11:58:09.223  1199  1204 D RIL-DSBP: executeDynamicSBP-0: executionPhase=1
09-27 11:58:09.224  1199  1204 D RIL-DSBP: DynamicSBP-detectSBPId-0: start!!
09-27 11:58:09.224  1199  1204 I RIL     : getRadioState(): radioState=10
09-27 11:58:09.224  1199  1204 I AT      : AT> AT+CPIN? (RIL_CMD_READER_3, tid:488544730448)
09-27 11:58:09.228  1199  1240 I AT      : AT< +CPIN: READY (RIL_CMD_READER_3, tid:488544730448)
09-27 11:58:09.228  1199  1240 I AT      : AT< OK (RIL_CMD_READER_3, tid:488544730448)
09-27 11:58:09.228  1199  1204 D RIL-DSBP: DynamicSBP-detectSBPId-0: SIM is ready, start to query IMSI
09-27 11:58:09.229  1199  1204 D RilUtils: prop vendor.gsm.ril.uicc.mccmnc, readMccMnc N/A, ret 2
09-27 11:58:09.229  1199  1204 D RIL-DSBP: DynamicSBP-detectSBPId-0: rerty to query MCC/MNC
09-27 11:58:09.229  1199  1204 D RIL-DSBP: executeDynamicSBP request timed callback executeDynamicSBP to RIL_CMD_PROXY_1
09-27 11:58:09.229  1199  1204 D RIL-DSBP: executeDynamicSBP-0: Retry it later...
09-27 11:58:09.329  1199  1204 D RIL-DSBP: executeDynamicSBP-0: executionPhase=1
09-27 11:58:09.329  1199  1204 D RIL-DSBP: DynamicSBP-detectSBPId-0: start!!
09-27 11:58:09.329  1199  1204 I RIL     : getRadioState(): radioState=10
09-27 11:58:09.329  1199  1204 I AT      : AT> AT+CPIN? (RIL_CMD_READER_3, tid:488544730448)
09-27 11:58:09.333  1199  1240 I AT      : AT< +CPIN: READY (RIL_CMD_READER_3, tid:488544730448)
09-27 11:58:09.333  1199  1240 I AT      : AT< OK (RIL_CMD_READER_3, tid:488544730448)
09-27 11:58:09.333  1199  1204 D RIL-DSBP: DynamicSBP-detectSBPId-0: SIM is ready, start to query IMSI
09-27 11:58:09.333  1199  1204 D RilUtils: prop vendor.gsm.ril.uicc.mccmnc, readMccMnc N/A, ret 2
09-27 11:58:09.333  1199  1204 D RIL-DSBP: DynamicSBP-detectSBPId-0: rerty to query MCC/MNC
09-27 11:58:09.333  1199  1204 D RIL-DSBP: executeDynamicSBP request timed callback executeDynamicSBP to RIL_CMD_PROXY_1
09-27 11:58:09.333  1199  1204 D RIL-DSBP: executeDynamicSBP-0: Retry it later...
09-27 11:58:09.434  1199  1204 D RIL-DSBP: executeDynamicSBP-0: executionPhase=1
09-27 11:58:09.434  1199  1204 D RIL-DSBP: DynamicSBP-detectSBPId-0: start!!
09-27 11:58:09.434  1199  1204 I RIL     : getRadioState(): radioState=10
09-27 11:58:09.434  1199  1204 I AT      : AT> AT+CPIN? (RIL_CMD_READER_3, tid:488544730448)
09-27 11:58:09.438  1199  1240 I AT      : AT< +CPIN: READY (RIL_CMD_READER_3, tid:488544730448)
09-27 11:58:09.438  1199  1240 I AT      : AT< OK (RIL_CMD_READER_3, tid:488544730448)
09-27 11:58:09.439  1199  1204 D RIL-DSBP: DynamicSBP-detectSBPId-0: SIM is ready, start to query IMSI
09-27 11:58:09.439  1199  1204 D RilUtils: prop vendor.gsm.ril.uicc.mccmnc, readMccMnc N/A, ret 2
09-27 11:58:09.439  1199  1204 D RIL-DSBP: DynamicSBP-detectSBPId-0: rerty to query MCC/MNC
09-27 11:58:09.439  1199  1204 D RIL-DSBP: executeDynamicSBP request timed callback executeDynamicSBP to RIL_CMD_PROXY_1
09-27 11:58:09.439  1199  1204 D RIL-DSBP: executeDynamicSBP-0: Retry it later...
09-27 11:58:09.540  1199  1204 D RIL-DSBP: executeDynamicSBP-0: executionPhase=1
09-27 11:58:09.540  1199  1204 D RIL-DSBP: DynamicSBP-detectSBPId-0: start!!
09-27 11:58:09.540  1199  1204 I RIL     : getRadioState(): radioState=10
09-27 11:58:09.540  1199  1204 I AT      : AT> AT+CPIN? (RIL_CMD_READER_3, tid:488544730448)
09-27 11:58:09.543  1199  1240 I AT      : AT< +CPIN: READY (RIL_CMD_READER_3, tid:488544730448)
09-27 11:58:09.543  1199  1240 I AT      : AT< OK (RIL_CMD_READER_3, tid:488544730448)
09-27 11:58:09.544  1199  1204 D RIL-DSBP: DynamicSBP-detectSBPId-0: SIM is ready, start to query IMSI
09-27 11:58:09.544  1199  1204 D RilUtils: prop vendor.gsm.ril.uicc.mccmnc, readMccMnc N/A, ret 2
09-27 11:58:09.544  1199  1204 D RIL-DSBP: DynamicSBP-detectSBPId-0: rerty to query MCC/MNC
09-27 11:58:09.544  1199  1204 D RIL-DSBP: executeDynamicSBP request timed callback executeDynamicSBP to RIL_CMD_PROXY_1
09-27 11:58:09.544  1199  1204 D RIL-DSBP: executeDynamicSBP-0: Retry it later...
